Price Date,Commodity,Market,State,Modal Price,Arrival Quantity
01-01-2022,Onion,Hyderabad,Telangana,1667.51,97
01-01-2022,Rice,Khammam,Telangana,2862.26,108
01-01-2022,Tomato,Hyderabad,Telangana,1705.41,139
01-01-2022,Tomato,Adilabad,Telangana,1828.81,150
01-01-2022,Rice,Nizamabad,Telangana,2712.18,110
01-01-2022,Potato,Adilabad,Telangana,2116.0,82
01-01-2022,Tomato,Warangal,Telangana,1600.72,196
01-01-2022,Onion,Nizamabad,Telangana,1502.72,176
01-01-2022,Potato,Khammam,Telangana,1929.39,71
01-01-2022,Rice,Hyderabad,Telangana,2628.75,148
01-01-2022,Tomato,Nizamabad,Telangana,1808.32,72
01-01-2022,Onion,Khammam,Telangana,1442.24,132
01-01-2022,Tomato,Karimnagar,Telangana,1739.71,87
01-01-2022,Onion,Warangal,Telangana,1445.24,170
01-01-2022,Rice,Karimnagar,Telangana,2696.73,142
01-01-2022,Onion,Adilabad,Telangana,1491.26,196
01-01-2022,Onion,Karimnagar,Telangana,1410.37,117
01-01-2022,Rice,Adilabad,Telangana,2785.28,151
01-01-2022,Potato,Hyderabad,Telangana,1828.65,136
01-01-2023,Tomato,Karimnagar,Telangana,1567.56,147
01-01-2023,Potato,Adilabad,Telangana,1958.21,89
01-01-2023,Potato,Khammam,Telangana,2086.2,57
01-01-2023,Rice,Khammam,Telangana,3020.11,84
01-01-2023,Potato,Hyderabad,Telangana,1984.75,85
01-01-2023,Tomato,Adilabad,Telangana,2002.79,68
01-01-2023,Onion,Warangal,Telangana,1537.39,86
01-01-2023,Onion,Adilabad,Telangana,1519.58,117
01-01-2023,Tomato,Hyderabad,Telangana,1628.6,127
01-01-2023,Rice,Karimnagar,Telangana,2628.93,138
01-01-2023,Potato,Karimnagar,Telangana,1810.25,125
01-01-2023,Potato,Nizamabad,Telangana,1831.65,133
01-01-2023,Onion,Nizamabad,Telangana,1617.61,133
01-01-2023,Tomato,Khammam,Telangana,1873.51,144
01-01-2023,Rice,Nizamabad,Telangana,3005.24,98
01-01-2023,Onion,Hyderabad,Telangana,1705.56,71
01-01-2023,Tomato,Nizamabad,Telangana,1670.31,132
01-01-2023,Potato,Warangal,Telangana,2013.4,151
01-01-2023,Rice,Warangal,Telangana,2560.94,172
01-01-2023,Onion,Karimnagar,Telangana,1460.41,101
01-01-2023,Onion,Khammam,Telangana,1355.47,168
01-01-2023,Rice,Hyderabad,Telangana,2845.83,115
01-01-2023,Tomato,Warangal,Telangana,1612.83,138
01-01-2023,Rice,Adilabad,Telangana,2998.66,130
01-01-2024,Rice,Adilabad,Telangana,2804.18,106
01-01-2024,Potato,Nizamabad,Telangana,1964.56,101
01-01-2024,Onion,Khammam,Telangana,1623.04,106
01-01-2024,Rice,Hyderabad,Telangana,2859.6,131
01-01-2024,Tomato,Karimnagar,Telangana,1911.63,107
01-01-2024,Potato,Khammam,Telangana,2035.98,89
01-01-2024,Potato,Warangal,Telangana,2078.84,77
01-01-2024,Potato,Adilabad,Telangana,2338.17,44
01-01-2024,Potato,Hyderabad,Telangana,1881.84,118
01-01-2024,Tomato,Hyderabad,Telangana,1625.08,114
01-01-2024,Onion,Adilabad,Telangana,1569.57,76
01-01-2024,Tomato,Adilabad,Telangana,1743.24,69
01-01-2024,Onion,Karimnagar,Telangana,1582.58,198
01-01-2024,Rice,Nizamabad,Telangana,3034.43,89
01-01-2024,Onion,Nizamabad,Telangana,1415.01,104
01-01-2024,Rice,Karimnagar,Telangana,2826.58,107
01-01-2024,Tomato,Warangal,Telangana,1785.52,110
01-01-2024,Potato,Karimnagar,Telangana,1745.15,188
01-01-2024,Onion,Warangal,Telangana,1387.4,163
01-01-2024,Onion,Hyderabad,Telangana,1705.28,42
01-01-2024,Rice,Warangal,Telangana,2684.06,133
01-02-2022,Onion,Adilabad,Telangana,1445.48,148
01-02-2022,Potato,Nizamabad,Telangana,1997.09,75
01-02-2022,Tomato,Warangal,Telangana,1589.91,151
01-02-2022,Rice,Warangal,Telangana,3080.62,50
01-02-2022,Potato,Warangal,Telangana,2134.55,165
01-02-2022,Potato,Khammam,Telangana,1871.36,135
01-02-2022,Tomato,Nizamabad,Telangana,1685.96,163
01-02-2022,Onion,Khammam,Telangana,1813.34,95
01-02-2022,Tomato,Karimnagar,Telangana,1871.22,134
01-02-2022,Rice,Hyderabad,Telangana,2850.73,162
01-02-2022,Onion,Nizamabad,Telangana,1681.75,105
01-02-2022,Rice,Adilabad,Telangana,2835.08,180
01-02-2022,Rice,Khammam,Telangana,2998.69,133
01-02-2022,Potato,Hyderabad,Telangana,1976.4,172
01-02-2022,Rice,Nizamabad,Telangana,2739.78,154
01-02-2022,Rice,Karimnagar,Telangana,2903.5,77
01-02-2022,Potato,Karimnagar,Telangana,1689.66,185
01-02-2022,Potato,Adilabad,Telangana,2268.0,49
01-02-2022,Onion,Karimnagar,Telangana,1636.64,125
01-02-2022,Onion,Hyderabad,Telangana,1624.34,119
01-02-2022,Tomato,Hyderabad,Telangana,1808.19,75
01-02-2022,Tomato,Khammam,Telangana,1994.85,135
01-02-2022,Tomato,Adilabad,Telangana,1735.17,136
01-02-2023,Potato,Warangal,Telangana,2232.37,72
01-02-2023,Onion,Hyderabad,Telangana,1631.25,213
01-02-2023,Tomato,Karimnagar,Telangana,1773.81,132
01-02-2023,Onion,Warangal,Telangana,1503.47,138
01-02-2023,Onion,Adilabad,Telangana,1780.75,98
01-02-2023,Potato,Karimnagar,Telangana,2012.33,126
01-02-2023,Potato,Hyderabad,Telangana,2070.33,88
01-02-2023,Potato,Khammam,Telangana,1914.92,180
01-02-2023,Tomato,Nizamabad,Telangana,2030.64,93
01-02-2023,Rice,Nizamabad,Telangana,2979.6,91
01-02-2023,Potato,Nizamabad,Telangana,2106.82,141
01-02-2023,Rice,Adilabad,Telangana,2775.56,129
01-02-2023,Rice,Khammam,Telangana,2889.25,152
01-02-2023,Tomato,Warangal,Telangana,1872.7,118
01-02-2023,Rice,Hyderabad,Telangana,2856.64,159
01-02-2023,Potato,Adilabad,Telangana,2116.76,68
01-02-2023,Rice,Karimnagar,Telangana,2965.63,61
01-02-2023,Rice,Warangal,Telangana,3038.41,156
01-02-2023,Tomato,Khammam,Telangana,1840.7,185
01-02-2023,Tomato,Adilabad,Telangana,1733.0,127
01-02-2023,Onion,Nizamabad,Telangana,1803.66,69
01-02-2023,Onion,Khammam,Telangana,1658.31,181
01-02-2023,Onion,Karimnagar,Telangana,1749.09,124
01-02-2023,Tomato,Hyderabad,Telangana,1688.52,130
01-02-2024,Tomato,Warangal,Telangana,2016.69,58
01-02-2024,Rice,Karimnagar,Telangana,3013.15,73
01-02-2024,Tomato,Hyderabad,Telangana,1766.6,110
01-02-2024,Potato,Adilabad,Telangana,2073.28,122
01-02-2024,Potato,Nizamabad,Telangana,2227.05,155
01-02-2024,Tomato,Adilabad,Telangana,2006.28,44
01-02-2024,Onion,Hyderabad,Telangana,1772.12,40
01-02-2024,Rice,Hyderabad,Telangana,2870.74,67
01-02-2024,Potato,Hyderabad,Telangana,1800.59,115
01-02-2024,Potato,Warangal,Telangana,1851.93,150
01-02-2024,Rice,Nizamabad,Telangana,2765.73,137
01-02-2024,Onion,Warangal,Telangana,1516.32,156
01-02-2024,Onion,Nizamabad,Telangana,1503.5,84
01-02-2024,Onion,Khammam,Telangana,1891.03,108
01-02-2024,Rice,Warangal,Telangana,2755.37,135
01-02-2024,Tomato,Karimnagar,Telangana,1875.38,109
01-02-2024,Potato,Khammam,Telangana,2242.09,75
01-02-2024,Potato,Karimnagar,Telangana,2089.0,101
01-02-2024,Onion,Adilabad,Telangana,1723.32,97
01-02-2024,Rice,Adilabad,Telangana,2935.25,99
01-02-2024,Rice,Khammam,Telangana,3004.19,118
01-02-2024,Onion,Karimnagar,Telangana,1694.3,175
01-02-2024,Tomato,Nizamabad,Telangana,1741.67,137
01-03-2022,Tomato,Warangal,Telangana,1887.31,113
01-03-2022,Onion,Nizamabad,Telangana,1985.84,82
01-03-2022,Tomato,Karimnagar,Telangana,1933.2,112
01-03-2022,Onion,Hyderabad,Telangana,1777.68,79
01-03-2022,Potato,Karimnagar,Telangana,2087.74,144
01-03-2022,Potato,Warangal,Telangana,2332.12,121
01-03-2022,Tomato,Hyderabad,Telangana,1930.2,165
01-03-2022,Onion,Khammam,Telangana,1232.7,188
01-03-2022,Rice,Nizamabad,Telangana,3243.34,71
01-03-2022,Potato,Hyderabad,Telangana,2296.91,79
01-03-2022,Potato,Adilabad,Telangana,1897.92,195
01-03-2022,Tomato,Khammam,Telangana,1684.85,134
01-03-2022,Rice,Adilabad,Telangana,2859.34,114
01-03-2022,Rice,Khammam,Telangana,3053.78,136
01-03-2022,Rice,Hyderabad,Telangana,2954.1,156
01-03-2022,Rice,Karimnagar,Telangana,2828.29,104
01-03-2022,Onion,Karimnagar,Telangana,1736.6,173
01-03-2022,Potato,Khammam,Telangana,2070.24,174
01-03-2022,Potato,Nizamabad,Telangana,2205.86,40
01-03-2022,Onion,Adilabad,Telangana,1522.15,122
01-03-2022,Tomato,Adilabad,Telangana,2103.24,116
01-03-2022,Tomato,Nizamabad,Telangana,1849.62,70
01-03-2023,Potato,Adilabad,Telangana,2043.14,141
01-03-2023,Potato,Nizamabad,Telangana,2251.53,72
01-03-2023,Onion,Karimnagar,Telangana,1656.89,113
01-03-2023,Rice,Warangal,Telangana,3025.63,110
01-03-2023,Rice,Adilabad,Telangana,3094.55,148
01-03-2023,Rice,Hyderabad,Telangana,2761.18,156
01-03-2023,Tomato,Adilabad,Telangana,2080.24,86
01-03-2023,Potato,Warangal,Telangana,1966.51,178
01-03-2023,Tomato,Nizamabad,Telangana,2186.76,52
01-03-2023,Onion,Khammam,Telangana,1855.97,42
01-03-2023,Onion,Warangal,Telangana,1622.39,125
01-03-2023,Onion,Nizamabad,Telangana,1767.22,126
01-03-2023,Tomato,Khammam,Telangana,2044.03,68
01-03-2023,Tomato,Karimnagar,Telangana,2071.57,139
01-03-2023,Tomato,Hyderabad,Telangana,1918.24,94
01-03-2023,Onion,Adilabad,Telangana,1718.62,122
01-03-2023,Rice,Nizamabad,Telangana,3308.98,93
01-03-2023,Potato,Karimnagar,Telangana,2228.48,168
01-03-2023,Onion,Hyderabad,Telangana,1832.28,128
01-03-2023,Potato,Hyderabad,Telangana,2072.72,101
01-03-2023,Rice,Karimnagar,Telangana,3118.13,117
01-03-2023,Potato,Khammam,Telangana,2268.42,162
01-03-2024,Potato,Adilabad,Telangana,2089.51,77
01-03-2024,Potato,Nizamabad,Telangana,1971.27,99
01-03-2024,Onion,Karimnagar,Telangana,1843.74,39
01-03-2024,Onion,Khammam,Telangana,1710.6,82
01-03-2024,Potato,Karimnagar,Telangana,2196.69,159
01-03-2024,Rice,Karimnagar,Telangana,2833.85,173
01-03-2024,Onion,Adilabad,Telangana,1554.85,114
01-03-2024,Rice,Adilabad,Telangana,2844.23,156
01-03-2024,Tomato,Adilabad,Telangana,2355.92,76
01-03-2024,Tomato,Khammam,Telangana,2106.47,90
01-03-2024,Rice,Nizamabad,Telangana,2671.68,132
01-03-2024,Potato,Hyderabad,Telangana,2182.34,102
01-03-2024,Potato,Warangal,Telangana,2056.59,143
01-03-2024,Potato,Khammam,Telangana,2177.93,124
01-03-2024,Tomato,Warangal,Telangana,1902.62,206
01-03-2024,Tomato,Hyderabad,Telangana,2053.59,128
01-03-2024,Onion,Warangal,Telangana,1908.82,127
01-03-2024,Onion,Nizamabad,Telangana,1639.08,120
01-03-2024,Rice,Warangal,Telangana,2882.73,115
01-04-2022,Tomato,Karimnagar,Telangana,1934.75,113
01-04-2022,Rice,Adilabad,Telangana,2887.2,121
01-04-2022,Tomato,Adilabad,Telangana,1921.34,116
01-04-2022,Potato,Nizamabad,Telangana,2131.24,111
01-04-2022,Tomato,Khammam,Telangana,1933.4,157
01-04-2022,Onion,Warangal,Telangana,1506.29,165
01-04-2022,Potato,Khammam,Telangana,2248.67,67
01-04-2022,Potato,Warangal,Telangana,1890.97,202
01-04-2022,Rice,Warangal,Telangana,2971.2,100
01-04-2022,Rice,Nizamabad,Telangana,2961.63,111
01-04-2022,Rice,Karimnagar,Telangana,3093.89,47
01-04-2022,Potato,Karimnagar,Telangana,2280.39,99
01-04-2022,Onion,Adilabad,Telangana,1745.47,158
01-04-2022,Tomato,Hyderabad,Telangana,1807.09,145
01-04-2022,Onion,Karimnagar,Telangana,1366.41,117
01-04-2022,Rice,Hyderabad,Telangana,2942.96,104
01-04-2022,Rice,Khammam,Telangana,2952.14,91
01-04-2022,Onion,Nizamabad,Telangana,1878.81,82
01-04-2022,Potato,Adilabad,Telangana,2059.23,115
01-04-2022,Tomato,Nizamabad,Telangana,1930.72,196
01-04-2022,Tomato,Warangal,Telangana,1872.4,81
01-04-2022,Potato,Hyderabad,Telangana,1954.47,160
01-04-2022,Onion,Khammam,Telangana,1963.93,93
01-04-2023,Rice,Warangal,Telangana,2852.28,148
01-04-2023,Rice,Hyderabad,Telangana,2947.06,88
01-04-2023,Potato,Adilabad,Telangana,1834.03,188
01-04-2023,Onion,Khammam,Telangana,1406.11,154
01-04-2023,Tomato,Hyderabad,Telangana,2012.25,107
01-04-2023,Rice,Nizamabad,Telangana,2771.01,195
01-04-2023,Potato,Nizamabad,Telangana,2053.37,97
01-04-2023,Tomato,Karimnagar,Telangana,2182.89,72
01-04-2023,Potato,Khammam,Telangana,1999.98,82
01-04-2023,Onion,Karimnagar,Telangana,1738.4,119
01-04-2023,Tomato,Nizamabad,Telangana,2121.41,112
01-04-2023,Onion,Nizamabad,Telangana,1588.68,100
01-04-2023,Potato,Karimnagar,Telangana,1922.16,119
01-04-2023,Tomato,Warangal,Telangana,2209.84,87
01-04-2023,Potato,Hyderabad,Telangana,2519.99,116
01-04-2023,Tomato,Adilabad,Telangana,2060.11,128
01-04-2023,Rice,Karimnagar,Telangana,3013.43,127
01-04-2023,Onion,Adilabad,Telangana,1884.99,22
01-04-2023,Rice,Adilabad,Telangana,3050.35,119
01-04-2023,Tomato,Khammam,Telangana,1806.11,81
01-04-2023,Onion,Warangal,Telangana,1723.18,110
01-04-2023,Rice,Khammam,Telangana,3091.22,66
01-04-2024,Onion,Hyderabad,Telangana,1639.23,94
01-04-2024,Rice,Khammam,Telangana,3011.33,105
01-04-2024,Tomato,Adilabad,Telangana,1851.01,162
01-04-2024,Potato,Hyderabad,Telangana,2258.33,91
01-04-2024,Rice,Karimnagar,Telangana,3101.97,149
01-04-2024,Rice,Hyderabad,Telangana,3109.39,131
01-04-2024,Tomato,Warangal,Telangana,2140.63,125
01-04-2024,Tomato,Hyderabad,Telangana,2022.28,116
01-04-2024,Potato,Nizamabad,Telangana,2213.72,202
01-04-2024,Potato,Khammam,Telangana,2298.12,92
01-04-2024,Potato,Adilabad,Telangana,2247.23,52
01-04-2024,Onion,Khammam,Telangana,1925.95,58
01-04-2024,Onion,Nizamabad,Telangana,1968.59,96
01-04-2024,Potato,Warangal,Telangana,2067.79,145
01-04-2024,Rice,Warangal,Telangana,2961.69,161
01-04-2024,Onion,Karimnagar,Telangana,1800.46,84
01-04-2024,Potato,Karimnagar,Telangana,2068.26,75
01-04-2024,Onion,Adilabad,Telangana,1984.5,121
01-04-2024,Tomato,Karimnagar,Telangana,1978.53,150
01-04-2024,Rice,Nizamabad,Telangana,2899.19,127
01-04-2024,Tomato,Khammam,Telangana,1931.55,117
01-04-2024,Tomato,Nizamabad,Telangana,1741.32,138
01-04-2024,Rice,Adilabad,Telangana,2902.56,148
01-04-2024,Onion,Warangal,Telangana,1878.13,50
01-05-2022,Tomato,Adilabad,Telangana,1866.15,151
01-05-2022,Tomato,Hyderabad,Telangana,1986.23,88
01-05-2022,Rice,Hyderabad,Telangana,2830.99,163
01-05-2022,Onion,Nizamabad,Telangana,2096.26,20
01-05-2022,Rice,Nizamabad,Telangana,2889.05,111
01-05-2022,Onion,Adilabad,Telangana,1755.38,106
01-05-2022,Rice,Warangal,Telangana,2939.76,118
01-05-2022,Potato,Nizamabad,Telangana,2302.98,78
01-05-2022,Potato,Khammam,Telangana,2038.74,157
01-05-2022,Tomato,Karimnagar,Telangana,1900.83,95
01-05-2022,Rice,Khammam,Telangana,3092.92,147
01-05-2022,Potato,Hyderabad,Telangana,1861.5,140
01-05-2022,Tomato,Nizamabad,Telangana,1806.86,151
01-05-2022,Potato,Karimnagar,Telangana,2086.01,157
01-05-2022,Onion,Hyderabad,Telangana,1642.04,99
01-05-2022,Potato,Adilabad,Telangana,2111.76,144
01-05-2022,Tomato,Khammam,Telangana,2131.07,190
01-05-2022,Onion,Karimnagar,Telangana,1601.02,201
01-05-2022,Tomato,Warangal,Telangana,1942.89,92
01-05-2022,Onion,Khammam,Telangana,1638.35,127
01-05-2022,Rice,Adilabad,Telangana,3157.51,115
01-05-2022,Potato,Warangal,Telangana,2256.73,131
01-05-2022,Rice,Karimnagar,Telangana,3076.12,46
01-05-2023,Tomato,Karimnagar,Telangana,1948.1,96
01-05-2023,Tomato,Adilabad,Telangana,2094.17,83
01-05-2023,Tomato,Hyderabad,Telangana,1844.28,125
01-05-2023,Onion,Khammam,Telangana,1786.28,181
01-05-2023,Rice,Nizamabad,Telangana,2965.3,108
01-05-2023,Potato,Nizamabad,Telangana,2355.76,68
01-05-2023,Potato,Khammam,Telangana,2277.25,101
01-05-2023,Onion,Adilabad,Telangana,1866.96,175
01-05-2023,Tomato,Warangal,Telangana,1864.41,111
01-05-2023,Rice,Warangal,Telangana,2750.25,178
01-05-2023,Onion,Warangal,Telangana,1629.46,108
01-05-2023,Potato,Karimnagar,Telangana,2284.73,126
01-05-2023,Onion,Hyderabad,Telangana,1979.26,42
01-05-2023,Rice,Hyderabad,Telangana,3129.64,107
01-05-2023,Onion,Nizamabad,Telangana,1901.99,86
01-05-2023,Rice,Karimnagar,Telangana,3149.73,140
01-05-2023,Tomato,Nizamabad,Telangana,1935.46,109
01-05-2023,Potato,Hyderabad,Telangana,2137.43,176
01-05-2023,Tomato,Khammam,Telangana,2131.67,98
01-05-2023,Potato,Adilabad,Telangana,2021.33,167
01-05-2023,Onion,Karimnagar,Telangana,2029.68,66
01-05-2023,Rice,Khammam,Telangana,3059.16,59
01-05-2024,Potato,Karimnagar,Telangana,2233.77,82
01-05-2024,Onion,Nizamabad,Telangana,1711.63,78
01-05-2024,Tomato,Karimnagar,Telangana,1932.77,154
01-05-2024,Tomato,Warangal,Telangana,1938.49,121
01-05-2024,Potato,Nizamabad,Telangana,1972.18,130
01-05-2024,Potato,Hyderabad,Telangana,1989.34,174
01-05-2024,Potato,Adilabad,Telangana,2192.71,117
01-05-2024,Tomato,Nizamabad,Telangana,1890.61,124
01-05-2024,Onion,Hyderabad,Telangana,1678.81,89
01-05-2024,Tomato,Adilabad,Telangana,2121.01,103
01-05-2024,Onion,Karimnagar,Telangana,1587.99,170
01-05-2024,Potato,Warangal,Telangana,2272.78,115
01-05-2024,Onion,Warangal,Telangana,1442.73,179
01-05-2024,Rice,Hyderabad,Telangana,3097.23,124
01-05-2024,Rice,Nizamabad,Telangana,3076.89,99
01-05-2024,Onion,Adilabad,Telangana,1615.51,131
01-05-2024,Onion,Khammam,Telangana,1797.96,100
01-05-2024,Rice,Warangal,Telangana,2857.27,149
01-05-2024,Rice,Karimnagar,Telangana,2853.87,100
01-05-2024,Rice,Adilabad,Telangana,2970.66,114
01-05-2024,Rice,Khammam,Telangana,3153.88,86
01-06-2022,Potato,Karimnagar,Telangana,2125.91,144
01-06-2022,Tomato,Khammam,Telangana,1815.19,150
01-06-2022,Onion,Warangal,Telangana,1606.26,179
01-06-2022,Rice,Warangal,Telangana,2680.26,135
01-06-2022,Tomato,Adilabad,Telangana,1609.0,141
01-06-2022,Potato,Adilabad,Telangana,2187.99,99
01-06-2022,Potato,Nizamabad,Telangana,2106.83,150
01-06-2022,Tomato,Hyderabad,Telangana,1878.46,149
01-06-2022,Potato,Warangal,Telangana,2263.57,114
01-06-2022,Onion,Karimnagar,Telangana,1750.77,122
01-06-2022,Onion,Adilabad,Telangana,1638.98,182
01-06-2022,Tomato,Karimnagar,Telangana,1618.11,186
01-06-2022,Rice,Nizamabad,Telangana,2719.59,135
01-06-2022,Rice,Karimnagar,Telangana,2829.74,97
01-06-2022,Rice,Hyderabad,Telangana,2602.05,129
01-06-2022,Rice,Adilabad,Telangana,3149.34,122
01-06-2022,Potato,Hyderabad,Telangana,1868.14,183
01-06-2022,Tomato,Nizamabad,Telangana,1786.75,122
01-06-2022,Tomato,Warangal,Telangana,2068.26,85
01-06-2022,Onion,Hyderabad,Telangana,1769.62,81
01-06-2022,Rice,Khammam,Telangana,2831.36,88
01-06-2022,Onion,Nizamabad,Telangana,1606.3,92
01-06-2023,Tomato,Warangal,Telangana,1706.33,182
01-06-2023,Rice,Khammam,Telangana,3238.82,99
01-06-2023,Onion,Karimnagar,Telangana,1738.73,89
01-06-2023,Tomato,Karimnagar,Telangana,1933.74,135
01-06-2023,Tomato,Nizamabad,Telangana,1822.48,60
01-06-2023,Potato,Warangal,Telangana,2048.01,158
01-06-2023,Onion,Warangal,Telangana,1568.24,166
01-06-2023,Onion,Adilabad,Telangana,1840.51,111
01-06-2023,Potato,Nizamabad,Telangana,1966.22,145
01-06-2023,Rice,Adilabad,Telangana,2644.14,167
01-06-2023,Rice,Nizamabad,Telangana,2591.28,168
01-06-2023,Rice,Hyderabad,Telangana,2989.38,157
01-06-2023,Onion,Hyderabad,Telangana,1436.76,137
01-06-2023,Rice,Warangal,Telangana,2910.8,87
01-06-2023,Potato,Hyderabad,Telangana,1987.38,135
01-06-2023,Tomato,Hyderabad,Telangana,1910.88,135
01-06-2023,Potato,Adilabad,Telangana,2093.05,87
01-06-2023,Potato,Khammam,Telangana,2079.02,67
01-06-2023,Tomato,Khammam,Telangana,1957.73,38
01-06-2023,Rice,Karimnagar,Telangana,2766.58,75
01-06-2023,Onion,Nizamabad,Telangana,1659.12,75
01-06-2024,Onion,Karimnagar,Telangana,1366.2,100
01-06-2024,Potato,Khammam,Telangana,1936.64,170
01-06-2024,Potato,Karimnagar,Telangana,2038.56,102
01-06-2024,Potato,Adilabad,Telangana,1967.59,186
01-06-2024,Tomato,Hyderabad,Telangana,1779.06,110
01-06-2024,Onion,Warangal,Telangana,1905.78,69
01-06-2024,Rice,Karimnagar,Telangana,2859.64,214
01-06-2024,Tomato,Karimnagar,Telangana,1696.55,112
01-06-2024,Rice,Nizamabad,Telangana,2691.04,128
01-06-2024,Tomato,Warangal,Telangana,1790.45,158
01-06-2024,Tomato,Nizamabad,Telangana,1906.33,90
01-06-2024,Tomato,Adilabad,Telangana,1848.2,182
01-06-2024,Rice,Adilabad,Telangana,2764.55,155
01-06-2024,Rice,Warangal,Telangana,2677.23,100
01-06-2024,Tomato,Khammam,Telangana,1622.84,146
01-06-2024,Onion,Nizamabad,Telangana,1512.35,134
01-06-2024,Potato,Warangal,Telangana,2217.67,98
01-06-2024,Onion,Hyderabad,Telangana,1698.07,75
01-06-2024,Onion,Adilabad,Telangana,1555.17,161
01-06-2024,Potato,Hyderabad,Telangana,1929.64,166
01-06-2024,Rice,Khammam,Telangana,2991.09,135
01-07-2022,Rice,Hyderabad,Telangana,2856.96,201
01-07-2022,Tomato,Hyderabad,Telangana,1823.37,115
01-07-2022,Onion,Nizamabad,Telangana,1557.98,87
01-07-2022,Onion,Adilabad,Telangana,1539.0,149
01-07-2022,Potato,Khammam,Telangana,2006.45,87
01-07-2022,Tomato,Nizamabad,Telangana,1676.59,80
01-07-2022,Potato,Hyderabad,Telangana,1858.53,119
01-07-2022,Potato,Warangal,Telangana,2040.36,97
01-07-2022,Tomato,Karimnagar,Telangana,1855.42,121
01-07-2022,Potato,Nizamabad,Telangana,1952.43,155
01-07-2022,Onion,Hyderabad,Telangana,2004.32,42
01-07-2022,Rice,Nizamabad,Telangana,2604.32,112
01-07-2022,Rice,Khammam,Telangana,2758.9,120
01-07-2022,Rice,Adilabad,Telangana,2588.85,140
01-07-2022,Rice,Warangal,Telangana,2558.6,61
01-07-2022,Onion,Warangal,Telangana,1833.0,82
01-07-2022,Tomato,Adilabad,Telangana,1785.88,118
01-07-2022,Tomato,Khammam,Telangana,1793.9,158
01-07-2022,Onion,Karimnagar,Telangana,1680.66,33
01-07-2022,Potato,Adilabad,Telangana,2076.9,159
01-07-2022,Potato,Karimnagar,Telangana,1729.62,226
01-07-2022,Rice,Karimnagar,Telangana,2805.93,90
01-07-2023,Onion,Warangal,Telangana,1357.24,191
01-07-2023,Rice,Nizamabad,Telangana,2688.48,145
01-07-2023,Potato,Hyderabad,Telangana,1969.96,145
01-07-2023,Tomato,Hyderabad,Telangana,1713.4,149
01-07-2023,Rice,Adilabad,Telangana,2915.58,134
01-07-2023,Onion,Khammam,Telangana,1238.09,143
01-07-2023,Potato,Adilabad,Telangana,1897.87,102
01-07-2023,Tomato,Adilabad,Telangana,1845.47,21
01-07-2023,Potato,Karimnagar,Telangana,2020.53,129
01-07-2023,Tomato,Warangal,Telangana,1731.01,150
01-07-2023,Potato,Nizamabad,Telangana,1903.05,141
01-07-2023,Onion,Hyderabad,Telangana,1605.72,83
01-07-2023,Potato,Khammam,Telangana,2366.35,38
01-07-2023,Tomato,Karimnagar,Telangana,1752.39,158
01-07-2023,Tomato,Nizamabad,Telangana,1768.79,158
01-07-2023,Onion,Adilabad,Telangana,1360.57,179
01-07-2023,Rice,Warangal,Telangana,2749.83,82
01-07-2023,Onion,Karimnagar,Telangana,1352.54,113
01-07-2023,Potato,Warangal,Telangana,1888.12,50
01-07-2023,Rice,Hyderabad,Telangana,2640.18,141
01-07-2023,Tomato,Khammam,Telangana,1964.01,152
01-08-2022,Onion,Nizamabad,Telangana,1224.5,153
01-08-2022,Onion,Karimnagar,Telangana,1409.02,174
01-08-2022,Potato,Nizamabad,Telangana,2022.44,104
01-08-2022,Onion,Khammam,Telangana,1466.35,124
01-08-2022,Onion,Hyderabad,Telangana,1062.67,154
01-08-2022,Tomato,Karimnagar,Telangana,1680.56,92
01-08-2022,Rice,Khammam,Telangana,2760.11,82
01-08-2022,Tomato,Hyderabad,Telangana,1776.98,145
01-08-2022,Rice,Nizamabad,Telangana,2439.33,181
01-08-2022,Onion,Warangal,Telangana,1580.16,125
01-08-2022,Rice,Adilabad,Telangana,2843.58,82
01-08-2022,Potato,Karimnagar,Telangana,2050.39,58
01-08-2022,Tomato,Nizamabad,Telangana,1509.81,96
01-08-2022,Tomato,Adilabad,Telangana,1597.52,154
01-08-2022,Rice,Karimnagar,Telangana,2636.97,142
01-08-2022,Tomato,Warangal,Telangana,1873.3,94
01-08-2022,Rice,Hyderabad,Telangana,2664.95,112
01-08-2022,Potato,Hyderabad,Telangana,1932.49,64
01-08-2022,Potato,Warangal,Telangana,1831.3,153
01-08-2022,Potato,Khammam,Telangana,1906.03,145
01-08-2023,Onion,Warangal,Telangana,1365.82,118
01-08-2023,Onion,Adilabad,Telangana,1556.66,109
01-08-2023,Rice,Warangal,Telangana,2473.98,148
01-08-2023,Potato,Warangal,Telangana,1820.2,149
01-08-2023,Tomato,Khammam,Telangana,1603.43,207
01-08-2023,Tomato,Warangal,Telangana,1948.43,82
01-08-2023,Tomato,Karimnagar,Telangana,1742.14,98
01-08-2023,Tomato,Nizamabad,Telangana,1518.4,108
01-08-2023,Potato,Khammam,Telangana,1562.41,217
01-08-2023,Onion,Khammam,Telangana,1723.29,114
01-08-2023,Potato,Nizamabad,Telangana,1619.37,115
01-08-2023,Onion,Hyderabad,Telangana,1471.83,86
01-08-2023,Potato,Hyderabad,Telangana,1665.14,148
01-08-2023,Tomato,Hyderabad,Telangana,1653.92,185
01-08-2023,Rice,Khammam,Telangana,2794.38,152
01-08-2023,Potato,Karimnagar,Telangana,1967.23,77
01-08-2023,Onion,Nizamabad,Telangana,1127.07,194
01-08-2023,Rice,Karimnagar,Telangana,2605.67,119
01-08-2023,Rice,Nizamabad,Telangana,2438.79,175
01-08-2023,Potato,Adilabad,Telangana,1873.08,129
01-08-2023,Tomato,Adilabad,Telangana,1783.43,123
01-08-2023,Rice,Hyderabad,Telangana,2824.99,69
01-09-2022,Potato,Khammam,Telangana,1943.15,97
01-09-2022,Tomato,Khammam,Telangana,1692.54,100
01-09-2022,Tomato,Nizamabad,Telangana,1547.27,90
01-09-2022,Rice,Khammam,Telangana,2584.76,121
01-09-2022,Potato,Hyderabad,Telangana,1714.65,88
01-09-2022,Rice,Karimnagar,Telangana,2731.24,131
01-09-2022,Potato,Warangal,Telangana,1918.04,120
01-09-2022,Tomato,Karimnagar,Telangana,1528.95,154
01-09-2022,Onion,Adilabad,Telangana,1106.37,144
01-09-2022,Tomato,Hyderabad,Telangana,1509.59,94
01-09-2022,Tomato,Warangal,Telangana,1495.19,151
01-09-2022,Onion,Karimnagar,Telangana,1265.52,114
01-09-2022,Potato,Nizamabad,Telangana,1407.91,245
01-09-2022,Rice,Adilabad,Telangana,2475.59,158
01-09-2022,Onion,Hyderabad,Telangana,1265.48,99
01-09-2022,Tomato,Adilabad,Telangana,1744.79,113
01-09-2022,Potato,Adilabad,Telangana,1582.43,132
01-09-2022,Rice,Nizamabad,Telangana,2331.35,190
01-09-2022,Potato,Karimnagar,Telangana,1874.73,91
01-09-2022,Onion,Warangal,Telangana,1234.33,168
01-09-2022,Onion,Khammam,Telangana,1660.87,39
01-09-2022,Rice,Hyderabad,Telangana,2389.29,181
01-09-2022,Onion,Nizamabad,Telangana,1491.41,99
01-09-2023,Rice,Hyderabad,Telangana,2555.36,192
01-09-2023,Tomato,Nizamabad,Telangana,1785.22,163
01-09-2023,Potato,Khammam,Telangana,1979.79,65
01-09-2023,Rice,Warangal,Telangana,2452.46,103
01-09-2023,Onion,Karimnagar,Telangana,1526.22,104
01-09-2023,Potato,Hyderabad,Telangana,1702.12,126
01-09-2023,Potato,Warangal,Telangana,1759.99,117
01-09-2023,Tomato,Karimnagar,Telangana,1378.44,172
01-09-2023,Rice,Adilabad,Telangana,2420.25,166
01-09-2023,Rice,Khammam,Telangana,2625.16,111
01-09-2023,Potato,Adilabad,Telangana,1778.4,81
01-09-2023,Onion,Nizamabad,Telangana,1362.06,146
01-09-2023,Onion,Hyderabad,Telangana,1252.08,144
01-09-2023,Onion,Khammam,Telangana,946.66,203
01-09-2023,Potato,Nizamabad,Telangana,1761.31,79
01-09-2023,Onion,Warangal,Telangana,1286.66,123
01-09-2023,Onion,Adilabad,Telangana,1452.72,109
01-09-2023,Tomato,Hyderabad,Telangana,1674.85,93
01-09-2023,Potato,Karimnagar,Telangana,1633.33,125
01-09-2023,Tomato,Warangal,Telangana,1369.51,59
01-09-2023,Rice,Karimnagar,Telangana,2542.49,114
01-09-2023,Tomato,Adilabad,Telangana,1188.52,155
01-10-2022,Onion,Karimnagar,Telangana,1314.23,123
01-10-2022,Tomato,Warangal,Telangana,1496.48,100
01-10-2022,Tomato,Hyderabad,Telangana,1489.65,143
01-10-2022,Potato,Warangal,Telangana,1668.64,159
01-10-2022,Rice,Karimnagar,Telangana,2739.2,129
01-10-2022,Tomato,Adilabad,Telangana,1597.54,146
01-10-2022,Rice,Nizamabad,Telangana,2436.83,101
01-10-2022,Potato,Hyderabad,Telangana,1559.86,178
01-10-2022,Rice,Adilabad,Telangana,2391.0,168
01-10-2022,Rice,Khammam,Telangana,2337.54,157
01-10-2022,Onion,Khammam,Telangana,1580.33,104
01-10-2022,Potato,Khammam,Telangana,1555.07,148
01-10-2022,Potato,Adilabad,Telangana,1576.15,134
01-10-2022,Onion,Nizamabad,Telangana,1477.4,167
01-10-2022,Tomato,Khammam,Telangana,1483.22,176
01-10-2022,Onion,Hyderabad,Telangana,1543.33,109
01-10-2022,Tomato,Karimnagar,Telangana,1518.64,135
01-10-2022,Potato,Karimnagar,Telangana,1716.57,131
01-10-2022,Rice,Warangal,Telangana,2815.72,114
01-10-2022,Rice,Hyderabad,Telangana,2724.39,91
01-10-2022,Tomato,Nizamabad,Telangana,1749.93,95
01-10-2023,Rice,Adilabad,Telangana,2515.9,130
01-10-2023,Onion,Nizamabad,Telangana,1495.88,40
01-10-2023,Tomato,Adilabad,Telangana,1599.0,124
01-10-2023,Onion,Khammam,Telangana,1134.39,181
01-10-2023,Potato,Adilabad,Telangana,2011.63,90
01-10-2023,Tomato,Warangal,Telangana,1564.38,151
01-10-2023,Rice,Khammam,Telangana,2951.63,22
01-10-2023,Tomato,Karimnagar,Telangana,1719.88,66
01-10-2023,Potato,Hyderabad,Telangana,1631.52,149
01-10-2023,Rice,Warangal,Telangana,2536.53,136
01-10-2023,Potato,Khammam,Telangana,2023.75,65
01-10-2023,Tomato,Khammam,Telangana,1361.83,126
01-10-2023,Rice,Karimnagar,Telangana,2643.95,95
01-10-2023,Potato,Nizamabad,Telangana,1769.92,104
01-10-2023,Tomato,Hyderabad,Telangana,1423.21,212
01-10-2023,Onion,Karimnagar,Telangana,1274.95,105
01-10-2023,Rice,Nizamabad,Telangana,2616.38,106
01-10-2023,Onion,Adilabad,Telangana,1393.13,123
01-10-2023,Tomato,Nizamabad,Telangana,1450.35,121
01-10-2023,Rice,Hyderabad,Telangana,2705.14,105
01-10-2023,Onion,Hyderabad,Telangana,1414.8,119
01-10-2023,Potato,Karimnagar,Telangana,1751.96,196
01-11-2022,Potato,Karimnagar,Telangana,1749.37,113
01-11-2022,Rice,Warangal,Telangana,2659.32,76
01-11-2022,Onion,Warangal,Telangana,1527.33,125
01-11-2022,Potato,Nizamabad,Telangana,1848.97,136
01-11-2022,Tomato,Karimnagar,Telangana,1521.38,85
01-11-2022,Rice,Karimnagar,Telangana,2361.25,144
01-11-2022,Rice,Khammam,Telangana,2649.15,129
01-11-2022,Onion,Karimnagar,Telangana,1430.29,69
01-11-2022,Rice,Nizamabad,Telangana,2707.44,91
01-11-2022,Potato,Adilabad,Telangana,1962.12,77
01-11-2022,Onion,Nizamabad,Telangana,1141.66,159
01-11-2022,Onion,Hyderabad,Telangana,1596.13,107
01-11-2022,Tomato,Hyderabad,Telangana,1910.03,48
01-11-2022,Rice,Hyderabad,Telangana,2494.57,129
01-11-2022,Potato,Warangal,Telangana,1840.1,147
01-11-2022,Tomato,Khammam,Telangana,1225.78,185
01-11-2022,Tomato,Warangal,Telangana,1384.72,152
01-11-2022,Onion,Khammam,Telangana,1291.07,171
01-11-2022,Onion,Adilabad,Telangana,1280.47,186
01-11-2022,Potato,Khammam,Telangana,1615.15,124
01-11-2022,Rice,Adilabad,Telangana,2515.51,92
01-11-2023,Potato,Hyderabad,Telangana,1514.87,108
01-11-2023,Potato,Karimnagar,Telangana,1903.89,97
01-11-2023,Rice,Warangal,Telangana,2722.85,50
01-11-2023,Potato,Warangal,Telangana,1963.83,92
01-11-2023,Tomato,Khammam,Telangana,1638.04,133
01-11-2023,Tomato,Nizamabad,Telangana,1229.16,237
01-11-2023,Onion,Warangal,Telangana,1319.88,168
01-11-2023,Tomato,Adilabad,Telangana,1495.23,98
01-11-2023,Potato,Nizamabad,Telangana,1890.85,109
01-11-2023,Potato,Adilabad,Telangana,1982.75,110
01-11-2023,Tomato,Hyderabad,Telangana,1638.96,104
01-11-2023,Onion,Karimnagar,Telangana,1063.9,122
01-11-2023,Rice,Karimnagar,Telangana,2593.12,175
01-11-2023,Onion,Khammam,Telangana,1433.64,96
01-11-2023,Tomato,Warangal,Telangana,1518.39,138
01-11-2023,Onion,Adilabad,Telangana,1304.47,126
01-11-2023,Onion,Nizamabad,Telangana,1303.3,138
01-11-2023,Onion,Hyderabad,Telangana,1579.32,83
01-11-2023,Rice,Hyderabad,Telangana,2576.2,112
01-11-2023,Rice,Khammam,Telangana,2680.01,124
01-11-2023,Rice,Nizamabad,Telangana,2429.18,116
01-12-2022,Rice,Hyderabad,Telangana,2623.5,114
01-12-2022,Onion,Hyderabad,Telangana,1492.99,110
01-12-2022,Tomato,Hyderabad,Telangana,1989.25,20
01-12-2022,Tomato,Khammam,Telangana,1839.28,73
01-12-2022,Onion,Adilabad,Telangana,1401.33,140
01-12-2022,Onion,Warangal,Telangana,1478.33,112
01-12-2022,Potato,Nizamabad,Telangana,2008.65,68
01-12-2022,Potato,Adilabad,Telangana,1930.16,66
01-12-2022,Rice,Khammam,Telangana,2484.83,129
01-12-2022,Onion,Khammam,Telangana,1290.59,171
01-12-2022,Onion,Nizamabad,Telangana,1355.54,138
01-12-2022,Rice,Karimnagar,Telangana,2713.61,105
01-12-2022,Potato,Warangal,Telangana,2054.87,92
01-12-2022,Rice,Nizamabad,Telangana,2703.66,165
01-12-2022,Tomato,Nizamabad,Telangana,1530.58,154
01-12-2022,Tomato,Karimnagar,Telangana,1859.8,75
01-12-2022,Rice,Adilabad,Telangana,2534.85,103
01-12-2022,Onion,Karimnagar,Telangana,1430.62,105
01-12-2022,Tomato,Warangal,Telangana,1579.15,147
01-12-2022,Potato,Karimnagar,Telangana,1922.3,135
01-12-2022,Potato,Hyderabad,Telangana,2045.01,35
01-12-2022,Tomato,Adilabad,Telangana,1764.52,83
01-12-2022,Potato,Khammam,Telangana,1673.18,144
01-12-2023,Tomato,Karimnagar,Telangana,1492.5,152
01-12-2023,Tomato,Warangal,Telangana,1740.74,105
01-12-2023,Potato,Warangal,Telangana,1991.93,127
01-12-2023,Rice,Khammam,Telangana,2480.89,170
01-12-2023,Rice,Adilabad,Telangana,2641.98,174
01-12-2023,Onion,Karimnagar,Telangana,1697.4,89
01-12-2023,Rice,Karimnagar,Telangana,2607.56,131
01-12-2023,Rice,Nizamabad,Telangana,2675.41,119
01-12-2023,Onion,Hyderabad,Telangana,1528.36,86
01-12-2023,Tomato,Adilabad,Telangana,1455.9,109
01-12-2023,Potato,Hyderabad,Telangana,2014.86,116
01-12-2023,Onion,Khammam,Telangana,1558.89,65
01-12-2023,Tomato,Khammam,Telangana,1785.72,77
01-12-2023,Potato,Karimnagar,Telangana,1768.01,164
01-12-2023,Potato,Khammam,Telangana,1840.91,144
01-12-2023,Tomato,Nizamabad,Telangana,1829.95,108
01-12-2023,Onion,Warangal,Telangana,1457.12,127
01-12-2023,Rice,Warangal,Telangana,2809.8,85
01-12-2023,Rice,Hyderabad,Telangana,2656.15,57
01-12-2023,Potato,Adilabad,Telangana,1902.12,138
01-12-2023,Onion,Adilabad,Telangana,1378.72,155
01-12-2023,Onion,Nizamabad,Telangana,1644.22,72
02-01-2022,Tomato,Khammam,Telangana,1598.18,152
02-01-2022,Rice,Nizamabad,Telangana,2664.72,56
02-01-2022,Onion,Adilabad,Telangana,1507.5,145
02-01-2022,Tomato,Adilabad,Telangana,1492.34,139
02-01-2022,Potato,Karimnagar,Telangana,1908.5,115
02-01-2022,Onion,Hyderabad,Telangana,1546.71,131
02-01-2022,Potato,Adilabad,Telangana,1818.21,86
02-01-2022,Potato,Khammam,Telangana,2059.74,135
02-01-2022,Tomato,Hyderabad,Telangana,1896.21,145
02-01-2022,Tomato,Karimnagar,Telangana,1601.52,201
02-01-2022,Rice,Hyderabad,Telangana,2669.47,124
02-01-2022,Rice,Adilabad,Telangana,2658.88,174
02-01-2022,Rice,Karimnagar,Telangana,2773.67,136
02-01-2022,Potato,Warangal,Telangana,1981.2,137
02-01-2022,Potato,Hyderabad,Telangana,1922.36,113
02-01-2022,Tomato,Warangal,Telangana,1639.8,91
02-01-2022,Rice,Khammam,Telangana,2755.47,75
02-01-2022,Onion,Karimnagar,Telangana,1584.66,154
02-01-2022,Potato,Nizamabad,Telangana,1898.89,151
02-01-2022,Tomato,Nizamabad,Telangana,1732.37,141
02-01-2022,Onion,Warangal,Telangana,1551.82,105
02-01-2022,Onion,Nizamabad,Telangana,1959.83,87
02-01-2022,Onion,Khammam,Telangana,1438.6,147
02-01-2023,Tomato,Adilabad,Telangana,1514.02,170
02-01-2023,Tomato,Khammam,Telangana,1940.66,113
02-01-2023,Potato,Khammam,Telangana,1750.52,147
02-01-2023,Rice,Hyderabad,Telangana,2895.56,93
02-01-2023,Tomato,Warangal,Telangana,1609.2,142
02-01-2023,Rice,Khammam,Telangana,3057.55,52
02-01-2023,Onion,Warangal,Telangana,1811.59,139
02-01-2023,Potato,Karimnagar,Telangana,1740.91,172
02-01-2023,Tomato,Nizamabad,Telangana,1619.62,194
02-01-2023,Rice,Karimnagar,Telangana,2973.97,63
02-01-2023,Onion,Hyderabad,Telangana,1426.99,94
02-01-2023,Onion,Khammam,Telangana,1683.26,75
02-01-2023,Onion,Adilabad,Telangana,1700.36,69
02-01-2023,Rice,Nizamabad,Telangana,2661.06,107
02-01-2023,Potato,Hyderabad,Telangana,2074.13,65
02-01-2023,Rice,Warangal,Telangana,3092.88,20
02-01-2023,Potato,Adilabad,Telangana,2014.88,111
02-01-2023,Tomato,Karimnagar,Telangana,1727.37,150
02-01-2023,Tomato,Hyderabad,Telangana,1527.13,136
02-01-2023,Potato,Warangal,Telangana,1987.59,113
02-01-2023,Onion,Nizamabad,Telangana,1829.25,73
02-01-2023,Potato,Nizamabad,Telangana,2042.57,128
02-01-2023,Onion,Karimnagar,Telangana,1621.43,93
02-01-2023,Rice,Adilabad,Telangana,2959.06,100
02-01-2024,Potato,Warangal,Telangana,2113.41,53
02-01-2024,Rice,Hyderabad,Telangana,2575.06,118
02-01-2024,Tomato,Karimnagar,Telangana,1630.51,106
02-01-2024,Rice,Karimnagar,Telangana,3057.35,56
02-01-2024,Onion,Adilabad,Telangana,1473.25,97
02-01-2024,Onion,Nizamabad,Telangana,1711.49,80
02-01-2024,Onion,Warangal,Telangana,1544.07,85
02-01-2024,Onion,Hyderabad,Telangana,1409.26,164
02-01-2024,Tomato,Adilabad,Telangana,1717.96,92
02-01-2024,Tomato,Warangal,Telangana,1978.17,83
02-01-2024,Rice,Adilabad,Telangana,2694.44,73
02-01-2024,Tomato,Khammam,Telangana,1901.12,151
02-01-2024,Onion,Karimnagar,Telangana,1360.34,101
02-01-2024,Potato,Karimnagar,Telangana,1919.81,115
02-01-2024,Potato,Hyderabad,Telangana,1978.83,49
02-01-2024,Potato,Adilabad,Telangana,1942.72,144
02-01-2024,Rice,Warangal,Telangana,2939.61,58
02-01-2024,Potato,Khammam,Telangana,2005.04,115
02-01-2024,Onion,Khammam,Telangana,1603.99,137
02-01-2024,Tomato,Hyderabad,Telangana,1679.38,111
02-01-2024,Rice,Nizamabad,Telangana,2679.75,169
02-01-2024,Rice,Khammam,Telangana,2660.53,127
02-01-2024,Tomato,Nizamabad,Telangana,1640.25,197
02-02-2022,Tomato,Khammam,Telangana,1797.89,114
02-02-2022,Tomato,Adilabad,Telangana,1784.63,138
02-02-2022,Tomato,Warangal,Telangana,1561.18,172
02-02-2022,Tomato,Karimnagar,Telangana,1619.74,167
02-02-2022,Onion,Khammam,Telangana,1680.74,159
02-02-2022,Tomato,Nizamabad,Telangana,2020.13,41
02-02-2022,Rice,Warangal,Telangana,2999.81,71
02-02-2022,Potato,Hyderabad,Telangana,2036.5,59
02-02-2022,Onion,Adilabad,Telangana,1651.56,170
02-02-2022,Rice,Adilabad,Telangana,2845.78,86
02-02-2022,Potato,Adilabad,Telangana,2058.56,102
02-02-2022,Onion,Warangal,Telangana,1618.45,105
02-02-2022,Potato,Nizamabad,Telangana,2037.14,54
02-02-2022,Tomato,Hyderabad,Telangana,1963.43,152
02-02-2022,Rice,Khammam,Telangana,2633.32,199
02-02-2022,Potato,Khammam,Telangana,2232.68,87
02-02-2022,Onion,Hyderabad,Telangana,1847.29,117
02-02-2022,Onion,Karimnagar,Telangana,1407.07,192
02-02-2022,Onion,Nizamabad,Telangana,1736.71,142
02-02-2022,Potato,Warangal,Telangana,1959.69,116
02-02-2022,Rice,Nizamabad,Telangana,3009.1,58
02-02-2022,Potato,Karimnagar,Telangana,2100.8,139
02-02-2022,Rice,Hyderabad,Telangana,3088.67,38
02-02-2023,Rice,Nizamabad,Telangana,3138.46,92
02-02-2023,Tomato,Nizamabad,Telangana,2046.75,20
02-02-2023,Potato,Nizamabad,Telangana,2204.35,120
02-02-2023,Tomato,Hyderabad,Telangana,2079.06,76
02-02-2023,Onion,Khammam,Telangana,1552.36,158
02-02-2023,Rice,Khammam,Telangana,2946.64,83
02-02-2023,Onion,Warangal,Telangana,1609.3,134
02-02-2023,Rice,Hyderabad,Telangana,3024.31,69
02-02-2023,Onion,Nizamabad,Telangana,1729.35,96
02-02-2023,Tomato,Warangal,Telangana,1529.06,153
02-02-2023,Onion,Adilabad,Telangana,1539.46,120
02-02-2023,Onion,Karimnagar,Telangana,1610.5,115
02-02-2023,Potato,Khammam,Telangana,2312.27,20
02-02-2023,Rice,Karimnagar,Telangana,2811.72,151
02-02-2023,Tomato,Karimnagar,Telangana,1635.78,153
02-02-2023,Potato,Adilabad,Telangana,2006.0,186
02-02-2023,Rice,Warangal,Telangana,2914.92,172
02-02-2023,Potato,Warangal,Telangana,1918.61,105
02-02-2023,Tomato,Khammam,Telangana,2187.87,91
02-02-2023,Tomato,Adilabad,Telangana,2062.09,96
02-02-2023,Potato,Hyderabad,Telangana,1813.69,145
02-02-2024,Onion,Nizamabad,Telangana,1868.5,120
02-02-2024,Potato,Warangal,Telangana,2089.05,117
02-02-2024,Onion,Adilabad,Telangana,1702.11,91
02-02-2024,Potato,Khammam,Telangana,2070.82,102
02-02-2024,Tomato,Warangal,Telangana,1833.7,164
02-02-2024,Potato,Adilabad,Telangana,1815.76,114
02-02-2024,Onion,Warangal,Telangana,1463.89,205
02-02-2024,Tomato,Khammam,Telangana,1831.39,114
02-02-2024,Rice,Adilabad,Telangana,2982.41,151
02-02-2024,Tomato,Adilabad,Telangana,1836.34,129
02-02-2024,Onion,Karimnagar,Telangana,1511.29,167
02-02-2024,Tomato,Karimnagar,Telangana,1728.65,147
02-02-2024,Tomato,Hyderabad,Telangana,2025.33,105
02-02-2024,Rice,Nizamabad,Telangana,2601.76,160
02-02-2024,Rice,Hyderabad,Telangana,2556.2,202
02-02-2024,Onion,Hyderabad,Telangana,1623.62,157
02-02-2024,Potato,Karimnagar,Telangana,2007.68,162
02-02-2024,Tomato,Nizamabad,Telangana,1870.1,38
02-02-2024,Rice,Warangal,Telangana,3121.3,26
02-02-2024,Potato,Hyderabad,Telangana,1758.3,150
02-02-2024,Rice,Karimnagar,Telangana,2953.9,100
02-03-2022,Onion,Warangal,Telangana,1816.21,65
02-03-2022,Potato,Warangal,Telangana,2011.17,154
02-03-2022,Potato,Hyderabad,Telangana,2166.84,104
02-03-2022,Tomato,Karimnagar,Telangana,2058.13,159
02-03-2022,Tomato,Nizamabad,Telangana,1912.37,90
02-03-2022,Onion,Adilabad,Telangana,1959.31,42
02-03-2022,Rice,Warangal,Telangana,2915.14,156
02-03-2022,Potato,Nizamabad,Telangana,2160.66,137
02-03-2022,Tomato,Khammam,Telangana,1867.63,145
02-03-2022,Potato,Adilabad,Telangana,1993.19,176
02-03-2022,Onion,Nizamabad,Telangana,1508.19,157
02-03-2022,Tomato,Adilabad,Telangana,1937.08,32
02-03-2022,Onion,Khammam,Telangana,1658.63,147
02-03-2022,Potato,Karimnagar,Telangana,1920.45,115
02-03-2022,Rice,Hyderabad,Telangana,2724.85,105
02-03-2022,Onion,Hyderabad,Telangana,1438.35,185
02-03-2022,Rice,Karimnagar,Telangana,3111.5,88
02-03-2022,Potato,Khammam,Telangana,2193.55,82
02-03-2022,Rice,Adilabad,Telangana,3023.57,99
02-03-2022,Onion,Karimnagar,Telangana,1710.19,140
02-03-2022,Rice,Nizamabad,Telangana,2757.24,132
02-03-2022,Rice,Khammam,Telangana,2831.68,127
02-03-2022,Tomato,Warangal,Telangana,2181.5,40
02-03-2023,Potato,Khammam,Telangana,2154.67,132
02-03-2023,Tomato,Karimnagar,Telangana,1912.04,100
02-03-2023,Potato,Hyderabad,Telangana,2343.59,100
02-03-2023,Onion,Khammam,Telangana,2112.83,166
02-03-2023,Tomato,Nizamabad,Telangana,1934.81,97
02-03-2023,Tomato,Hyderabad,Telangana,1915.1,95
02-03-2023,Potato,Warangal,Telangana,2261.45,97
02-03-2023,Rice,Warangal,Telangana,3070.3,146
02-03-2023,Onion,Karimnagar,Telangana,1743.85,134
02-03-2023,Rice,Hyderabad,Telangana,2911.1,158
02-03-2023,Tomato,Warangal,Telangana,2188.07,83
02-03-2023,Rice,Adilabad,Telangana,2880.83,92
02-03-2023,Onion,Warangal,Telangana,1684.61,152
02-03-2023,Potato,Nizamabad,Telangana,1858.84,144
02-03-2023,Onion,Nizamabad,Telangana,1635.29,96
02-03-2023,Rice,Karimnagar,Telangana,2804.11,145
02-03-2023,Tomato,Adilabad,Telangana,1965.0,94
02-03-2023,Rice,Khammam,Telangana,3140.11,142
02-03-2023,Potato,Adilabad,Telangana,2002.89,137
02-03-2023,Tomato,Khammam,Telangana,1878.46,76
02-03-2023,Onion,Hyderabad,Telangana,1577.69,179
02-03-2023,Onion,Adilabad,Telangana,1805.3,177
02-03-2023,Rice,Nizamabad,Telangana,3033.93,88
02-03-2024,Rice,Hyderabad,Telangana,2846.4,145
02-03-2024,Tomato,Hyderabad,Telangana,2022.89,79
02-03-2024,Potato,Khammam,Telangana,2097.94,109
02-03-2024,Tomato,Adilabad,Telangana,1707.38,100
02-03-2024,Onion,Warangal,Telangana,1676.5,112
02-03-2024,Rice,Khammam,Telangana,2959.37,91
02-03-2024,Onion,Khammam,Telangana,1822.62,132
02-03-2024,Tomato,Karimnagar,Telangana,1995.59,111
02-03-2024,Potato,Nizamabad,Telangana,2531.38,64
02-03-2024,Potato,Karimnagar,Telangana,2208.5,113
02-03-2024,Rice,Karimnagar,Telangana,2907.91,137
02-03-2024,Onion,Karimnagar,Telangana,1594.71,168
02-03-2024,Onion,Nizamabad,Telangana,1982.14,64
02-03-2024,Potato,Hyderabad,Telangana,2155.6,59
02-03-2024,Rice,Nizamabad,Telangana,2929.8,127
02-03-2024,Tomato,Khammam,Telangana,1699.73,167
02-03-2024,Potato,Adilabad,Telangana,2032.1,141
02-03-2024,Onion,Adilabad,Telangana,1725.05,200
02-03-2024,Rice,Warangal,Telangana,2907.37,136
02-03-2024,Onion,Hyderabad,Telangana,1746.16,92
02-03-2024,Tomato,Warangal,Telangana,2040.73,128
02-03-2024,Potato,Warangal,Telangana,1917.65,188
02-03-2024,Rice,Adilabad,Telangana,3130.27,91
02-03-2024,Tomato,Nizamabad,Telangana,1876.88,108
02-04-2022,Potato,Adilabad,Telangana,2128.69,146
02-04-2022,Potato,Khammam,Telangana,2059.4,97
02-04-2022,Tomato,Adilabad,Telangana,2018.07,111
02-04-2022,Rice,Hyderabad,Telangana,2998.22,97
02-04-2022,Tomato,Khammam,Telangana,1890.48,107
02-04-2022,Tomato,Nizamabad,Telangana,1876.93,185
02-04-2022,Onion,Nizamabad,Telangana,1864.52,84
02-04-2022,Onion,Khammam,Telangana,1736.64,99
02-04-2022,Potato,Karimnagar,Telangana,2026.56,146
02-04-2022,Rice,Warangal,Telangana,3013.77,92
02-04-2022,Tomato,Warangal,Telangana,2115.49,94
02-04-2022,Rice,Nizamabad,Telangana,2758.05,114
02-04-2022,Potato,Nizamabad,Telangana,2031.97,87
02-04-2022,Potato,Warangal,Telangana,2135.39,135
02-04-2022,Onion,Warangal,Telangana,1648.31,135
02-04-2022,Tomato,Hyderabad,Telangana,2103.89,77
02-04-2022,Potato,Hyderabad,Telangana,2199.21,81
02-04-2022,Onion,Hyderabad,Telangana,1858.46,103
02-04-2022,Onion,Adilabad,Telangana,1831.13,89
02-04-2022,Rice,Adilabad,Telangana,2728.34,162
02-04-2022,Tomato,Karimnagar,Telangana,1903.33,78
02-04-2023,Onion,Karimnagar,Telangana,1509.13,178
02-04-2023,Onion,Adilabad,Telangana,1884.85,91
02-04-2023,Rice,Warangal,Telangana,2944.7,149
02-04-2023,Onion,Khammam,Telangana,1647.75,110
02-04-2023,Onion,Hyderabad,Telangana,1705.16,165
02-04-2023,Rice,Khammam,Telangana,3108.9,132
02-04-2023,Tomato,Adilabad,Telangana,2113.5,91
02-04-2023,Potato,Hyderabad,Telangana,2204.63,103
02-04-2023,Potato,Warangal,Telangana,2287.43,150
02-04-2023,Potato,Karimnagar,Telangana,2199.14,149
02-04-2023,Rice,Nizamabad,Telangana,2987.52,89
02-04-2023,Tomato,Nizamabad,Telangana,2132.94,70
02-04-2023,Potato,Adilabad,Telangana,2275.43,101
02-04-2023,Onion,Nizamabad,Telangana,1727.3,108
02-04-2023,Tomato,Karimnagar,Telangana,1895.73,96
02-04-2023,Rice,Adilabad,Telangana,3102.71,134
02-04-2023,Rice,Hyderabad,Telangana,2959.96,154
02-04-2023,Onion,Warangal,Telangana,1940.61,50
02-04-2023,Potato,Khammam,Telangana,2020.27,104
02-04-2023,Tomato,Khammam,Telangana,1949.72,49
02-04-2023,Tomato,Warangal,Telangana,1754.08,139
02-04-2023,Tomato,Hyderabad,Telangana,2131.29,129
02-04-2023,Potato,Nizamabad,Telangana,2153.5,125
02-04-2023,Rice,Karimnagar,Telangana,3134.66,150
02-04-2024,Onion,Hyderabad,Telangana,2065.43,85
02-04-2024,Potato,Warangal,Telangana,2227.71,70
02-04-2024,Potato,Adilabad,Telangana,2037.53,134
02-04-2024,Onion,Adilabad,Telangana,1710.49,182
02-04-2024,Onion,Nizamabad,Telangana,2029.19,38
02-04-2024,Rice,Nizamabad,Telangana,3169.52,105
02-04-2024,Rice,Khammam,Telangana,3069.81,90
02-04-2024,Potato,Nizamabad,Telangana,2163.63,144
02-04-2024,Potato,Karimnagar,Telangana,2152.52,135
02-04-2024,Tomato,Nizamabad,Telangana,1831.37,151
02-04-2024,Onion,Warangal,Telangana,1746.76,147
02-04-2024,Onion,Karimnagar,Telangana,1837.5,121
02-04-2024,Onion,Khammam,Telangana,1677.77,182
02-04-2024,Rice,Adilabad,Telangana,2889.49,151
02-04-2024,Tomato,Adilabad,Telangana,2051.14,88
02-04-2024,Tomato,Karimnagar,Telangana,1882.39,158
02-04-2024,Tomato,Khammam,Telangana,1837.0,137
02-04-2024,Rice,Warangal,Telangana,2905.8,85
02-04-2024,Rice,Karimnagar,Telangana,3074.36,155
02-04-2024,Potato,Khammam,Telangana,2108.68,139
02-04-2024,Tomato,Warangal,Telangana,1769.06,147
02-04-2024,Potato,Hyderabad,Telangana,2247.35,69
02-05-2022,Tomato,Khammam,Telangana,2022.93,123
02-05-2022,Potato,Nizamabad,Telangana,2176.5,106
02-05-2022,Onion,Nizamabad,Telangana,1792.35,134
02-05-2022,Onion,Khammam,Telangana,1651.83,117
02-05-2022,Rice,Hyderabad,Telangana,2669.45,185
02-05-2022,Onion,Adilabad,Telangana,1804.03,20
02-05-2022,Potato,Adilabad,Telangana,2291.12,113
02-05-2022,Rice,Karimnagar,Telangana,3116.5,50
02-05-2022,Potato,Karimnagar,Telangana,2046.62,130
02-05-2022,Rice,Warangal,Telangana,3346.19,54
02-05-2022,Rice,Adilabad,Telangana,2762.77,102
02-05-2022,Tomato,Karimnagar,Telangana,1691.73,159
02-05-2022,Rice,Khammam,Telangana,2850.88,123
02-05-2022,Potato,Khammam,Telangana,2029.76,185
02-05-2022,Onion,Warangal,Telangana,1690.52,131
02-05-2022,Tomato,Nizamabad,Telangana,2297.44,20
02-05-2022,Potato,Warangal,Telangana,2150.52,131
02-05-2022,Onion,Karimnagar,Telangana,1831.92,40
02-05-2022,Onion,Hyderabad,Telangana,1881.34,111
02-05-2022,Rice,Nizamabad,Telangana,2642.25,165
02-05-2022,Tomato,Hyderabad,Telangana,1998.23,140
02-05-2023,Onion,Karimnagar,Telangana,1738.38,126
02-05-2023,Onion,Warangal,Telangana,1614.21,123
02-05-2023,Tomato,Adilabad,Telangana,1940.8,153
02-05-2023,Onion,Nizamabad,Telangana,1698.82,72
02-05-2023,Onion,Hyderabad,Telangana,1744.39,143
02-05-2023,Onion,Adilabad,Telangana,1449.55,183
02-05-2023,Rice,Nizamabad,Telangana,2711.29,212
02-05-2023,Potato,Hyderabad,Telangana,2184.74,112
02-05-2023,Rice,Khammam,Telangana,2897.49,100
02-05-2023,Rice,Adilabad,Telangana,2855.77,88
02-05-2023,Tomato,Khammam,Telangana,1820.24,130
02-05-2023,Potato,Karimnagar,Telangana,2152.97,130
02-05-2023,Tomato,Hyderabad,Telangana,1790.03,153
02-05-2023,Potato,Adilabad,Telangana,2024.63,127
02-05-2023,Potato,Warangal,Telangana,2091.38,141
02-05-2023,Tomato,Warangal,Telangana,1764.51,112
02-05-2023,Tomato,Karimnagar,Telangana,1800.21,152
02-05-2023,Potato,Khammam,Telangana,2157.77,109
02-05-2023,Onion,Khammam,Telangana,1664.47,124
02-05-2023,Rice,Karimnagar,Telangana,2865.72,115
02-05-2023,Rice,Hyderabad,Telangana,2923.44,125
02-05-2024,Onion,Nizamabad,Telangana,1714.42,137
02-05-2024,Tomato,Karimnagar,Telangana,2084.48,109
02-05-2024,Tomato,Nizamabad,Telangana,1836.11,145
02-05-2024,Potato,Warangal,Telangana,2260.87,20
02-05-2024,Potato,Hyderabad,Telangana,2326.14,88
02-05-2024,Tomato,Adilabad,Telangana,1801.85,143
02-05-2024,Rice,Hyderabad,Telangana,2997.31,80
02-05-2024,Potato,Adilabad,Telangana,2081.47,128
02-05-2024,Potato,Khammam,Telangana,2020.44,157
02-05-2024,Onion,Karimnagar,Telangana,1911.17,164
02-05-2024,Potato,Nizamabad,Telangana,2085.98,91
02-05-2024,Rice,Karimnagar,Telangana,2866.68,152
02-05-2024,Rice,Warangal,Telangana,2961.35,55
02-05-2024,Tomato,Hyderabad,Telangana,1871.68,136
02-05-2024,Onion,Adilabad,Telangana,1809.98,118
02-05-2024,Onion,Khammam,Telangana,1651.59,124
02-05-2024,Onion,Hyderabad,Telangana,1885.05,114
02-05-2024,Rice,Adilabad,Telangana,2939.61,149
02-05-2024,Tomato,Warangal,Telangana,1809.93,99
02-05-2024,Potato,Karimnagar,Telangana,2073.01,150
02-05-2024,Rice,Nizamabad,Telangana,2843.78,127
02-05-2024,Onion,Warangal,Telangana,1677.09,106
02-06-2022,Rice,Warangal,Telangana,3036.8,114
02-06-2022,Rice,Karimnagar,Telangana,2865.94,67
02-06-2022,Onion,Adilabad,Telangana,1641.99,98
02-06-2022,Onion,Nizamabad,Telangana,1764.15,141
02-06-2022,Tomato,Khammam,Telangana,1645.22,93
02-06-2022,Tomato,Warangal,Telangana,2153.37,72
02-06-2022,Potato,Warangal,Telangana,1924.27,146
02-06-2022,Rice,Nizamabad,Telangana,2893.04,121
02-06-2022,Tomato,Nizamabad,Telangana,1637.95,106
02-06-2022,Rice,Hyderabad,Telangana,3031.29,119
02-06-2022,Potato,Adilabad,Telangana,1982.12,119
02-06-2022,Onion,Hyderabad,Telangana,1381.26,147
02-06-2022,Potato,Karimnagar,Telangana,1852.38,127
02-06-2022,Tomato,Hyderabad,Telangana,1876.33,119
02-06-2022,Potato,Nizamabad,Telangana,2191.41,36
02-06-2022,Onion,Khammam,Telangana,1742.61,99
02-06-2022,Onion,Warangal,Telangana,1579.91,54
02-06-2022,Potato,Hyderabad,Telangana,2065.5,111
02-06-2022,Rice,Khammam,Telangana,3032.21,122
02-06-2022,Tomato,Adilabad,Telangana,1894.73,159
02-06-2022,Onion,Karimnagar,Telangana,1980.48,59
02-06-2022,Tomato,Karimnagar,Telangana,1693.6,184
02-06-2023,Rice,Karimnagar,Telangana,3006.31,77
02-06-2023,Potato,Warangal,Telangana,2114.01,135
02-06-2023,Potato,Hyderabad,Telangana,2097.91,148
02-06-2023,Rice,Warangal,Telangana,2454.51,138
02-06-2023,Tomato,Warangal,Telangana,1844.27,110
02-06-2023,Potato,Adilabad,Telangana,1872.44,147
02-06-2023,Potato,Karimnagar,Telangana,1812.22,176
02-06-2023,Tomato,Hyderabad,Telangana,2089.13,100
02-06-2023,Onion,Karimnagar,Telangana,1676.75,72
02-06-2023,Onion,Warangal,Telangana,1885.34,30
02-06-2023,Potato,Khammam,Telangana,1738.15,170
02-06-2023,Rice,Nizamabad,Telangana,2807.1,86
02-06-2023,Tomato,Karimnagar,Telangana,1566.54,92
02-06-2023,Potato,Nizamabad,Telangana,2046.42,112
02-06-2023,Rice,Hyderabad,Telangana,2807.53,128
02-06-2023,Onion,Hyderabad,Telangana,1778.56,62
02-06-2023,Tomato,Nizamabad,Telangana,1811.1,125
02-06-2023,Onion,Nizamabad,Telangana,1501.25,164
02-06-2023,Tomato,Khammam,Telangana,1870.84,162
02-06-2023,Onion,Adilabad,Telangana,1629.3,131
02-06-2023,Onion,Khammam,Telangana,1636.6,143
02-06-2023,Tomato,Adilabad,Telangana,1960.82,40
02-06-2023,Rice,Khammam,Telangana,3080.62,87
02-06-2023,Rice,Adilabad,Telangana,3101.51,42
02-06-2024,Onion,Warangal,Telangana,1666.59,95
02-06-2024,Onion,Adilabad,Telangana,1545.25,83
02-06-2024,Rice,Nizamabad,Telangana,2893.63,97
02-06-2024,Potato,Adilabad,Telangana,1895.72,99
02-06-2024,Rice,Adilabad,Telangana,2980.08,116
02-06-2024,Potato,Warangal,Telangana,2123.47,103
02-06-2024,Rice,Hyderabad,Telangana,2746.49,117
02-06-2024,Tomato,Warangal,Telangana,1968.17,129
02-06-2024,Rice,Khammam,Telangana,2830.38,126
02-06-2024,Tomato,Karimnagar,Telangana,1712.82,174
02-06-2024,Tomato,Nizamabad,Telangana,1693.6,195
02-06-2024,Onion,Karimnagar,Telangana,1570.27,119
02-06-2024,Potato,Hyderabad,Telangana,1957.45,125
02-06-2024,Rice,Karimnagar,Telangana,2843.33,169
02-06-2024,Onion,Khammam,Telangana,1872.64,147
02-06-2024,Potato,Karimnagar,Telangana,1765.37,194
02-06-2024,Rice,Warangal,Telangana,2716.12,146
02-06-2024,Potato,Nizamabad,Telangana,2042.06,149
02-06-2024,Tomato,Khammam,Telangana,1922.84,105
02-06-2024,Tomato,Hyderabad,Telangana,1664.15,206
02-06-2024,Tomato,Adilabad,Telangana,2246.73,20
02-06-2024,Potato,Khammam,Telangana,1926.71,103
02-06-2024,Onion,Nizamabad,Telangana,1736.76,69
02-07-2022,Rice,Nizamabad,Telangana,2828.54,129
02-07-2022,Onion,Karimnagar,Telangana,1472.46,191
02-07-2022,Tomato,Khammam,Telangana,1527.19,134
02-07-2022,Potato,Nizamabad,Telangana,1740.94,147
02-07-2022,Potato,Warangal,Telangana,2075.07,74
02-07-2022,Onion,Warangal,Telangana,1604.75,61
02-07-2022,Tomato,Adilabad,Telangana,1493.63,164
02-07-2022,Onion,Nizamabad,Telangana,1682.57,62
02-07-2022,Onion,Adilabad,Telangana,1504.28,106
02-07-2022,Tomato,Hyderabad,Telangana,1659.57,147
02-07-2022,Rice,Karimnagar,Telangana,2743.99,110
02-07-2022,Onion,Khammam,Telangana,1477.8,124
02-07-2022,Onion,Hyderabad,Telangana,1404.34,210
02-07-2022,Tomato,Warangal,Telangana,1513.91,183
02-07-2022,Potato,Adilabad,Telangana,1874.22,129
02-07-2022,Potato,Hyderabad,Telangana,1981.8,160
02-07-2022,Rice,Hyderabad,Telangana,2758.84,105
02-07-2022,Rice,Adilabad,Telangana,2771.33,124
02-07-2022,Rice,Warangal,Telangana,3041.6,46
02-07-2022,Potato,Karimnagar,Telangana,2055.8,174
02-07-2022,Potato,Khammam,Telangana,1942.0,208
02-07-2022,Tomato,Nizamabad,Telangana,1715.46,124
02-07-2022,Tomato,Karimnagar,Telangana,1855.3,95
02-07-2023,Rice,Karimnagar,Telangana,2793.88,134
02-07-2023,Tomato,Adilabad,Telangana,1963.62,115
02-07-2023,Rice,Adilabad,Telangana,2760.06,132
02-07-2023,Potato,Karimnagar,Telangana,2069.13,115
02-07-2023,Tomato,Hyderabad,Telangana,1694.04,149
02-07-2023,Potato,Hyderabad,Telangana,2246.7,121
02-07-2023,Onion,Karimnagar,Telangana,1743.11,77
02-07-2023,Onion,Hyderabad,Telangana,1564.06,104
02-07-2023,Onion,Nizamabad,Telangana,1668.69,112
02-07-2023,Tomato,Nizamabad,Telangana,1891.49,78
02-07-2023,Rice,Hyderabad,Telangana,2811.72,130
02-07-2023,Rice,Nizamabad,Telangana,2605.42,212
02-07-2023,Potato,Nizamabad,Telangana,1936.0,151
02-07-2023,Potato,Warangal,Telangana,2210.5,36
02-07-2023,Tomato,Karimnagar,Telangana,1753.94,112
02-07-2023,Tomato,Khammam,Telangana,1815.02,155
02-07-2023,Potato,Adilabad,Telangana,2031.33,77
02-07-2023,Tomato,Warangal,Telangana,2192.87,140
02-07-2023,Onion,Adilabad,Telangana,1242.79,122
02-07-2023,Rice,Warangal,Telangana,2952.18,86
02-07-2023,Potato,Khammam,Telangana,2099.51,109
02-07-2023,Onion,Khammam,Telangana,1456.19,183
02-07-2023,Onion,Warangal,Telangana,1667.27,85
02-07-2023,Rice,Khammam,Telangana,2628.82,156
02-08-2022,Potato,Warangal,Telangana,1833.57,164
02-08-2022,Onion,Karimnagar,Telangana,1612.67,137
02-08-2022,Onion,Adilabad,Telangana,1479.02,92
02-08-2022,Tomato,Warangal,Telangana,1475.7,176
02-08-2022,Rice,Hyderabad,Telangana,2595.5,99
02-08-2022,Rice,Warangal,Telangana,2714.0,97
02-08-2022,Onion,Nizamabad,Telangana,1517.82,62
02-08-2022,Tomato,Nizamabad,Telangana,1673.88,115
02-08-2022,Rice,Adilabad,Telangana,2468.62,119
02-08-2022,Tomato,Karimnagar,Telangana,1692.58,88
02-08-2022,Rice,Nizamabad,Telangana,2773.85,118
02-08-2022,Onion,Khammam,Telangana,1379.46,121
02-08-2022,Onion,Hyderabad,Telangana,1423.98,228
02-08-2022,Potato,Nizamabad,Telangana,1669.81,196
02-08-2022,Rice,Khammam,Telangana,2470.92,194
02-08-2022,Tomato,Adilabad,Telangana,1666.26,80
02-08-2022,Tomato,Khammam,Telangana,1630.79,164
02-08-2022,Potato,Adilabad,Telangana,1753.0,82
02-08-2022,Rice,Karimnagar,Telangana,2856.68,65
02-08-2022,Potato,Khammam,Telangana,1560.93,171
02-08-2022,Onion,Warangal,Telangana,1391.38,152
02-08-2022,Potato,Karimnagar,Telangana,1870.5,140
02-08-2022,Potato,Hyderabad,Telangana,2174.04,77
02-08-2023,Onion,Khammam,Telangana,1537.1,50
02-08-2023,Tomato,Hyderabad,Telangana,1986.04,92
02-08-2023,Tomato,Adilabad,Telangana,1673.03,76
02-08-2023,Tomato,Warangal,Telangana,1557.37,157
02-08-2023,Rice,Hyderabad,Telangana,2571.78,143
02-08-2023,Potato,Nizamabad,Telangana,1868.91,158
02-08-2023,Onion,Karimnagar,Telangana,1542.44,148
02-08-2023,Tomato,Nizamabad,Telangana,1803.2,115
02-08-2023,Potato,Khammam,Telangana,1737.45,177
02-08-2023,Potato,Adilabad,Telangana,1868.22,86
02-08-2023,Rice,Khammam,Telangana,2617.72,110
02-08-2023,Rice,Nizamabad,Telangana,2435.9,217
02-08-2023,Potato,Warangal,Telangana,1905.72,118
02-08-2023,Onion,Warangal,Telangana,1147.29,187
02-08-2023,Onion,Hyderabad,Telangana,1397.35,175
02-08-2023,Onion,Nizamabad,Telangana,1550.05,31
02-08-2023,Rice,Karimnagar,Telangana,2717.54,74
02-08-2023,Potato,Karimnagar,Telangana,1817.01,168
02-08-2023,Tomato,Karimnagar,Telangana,1933.46,60
02-08-2023,Potato,Hyderabad,Telangana,2106.27,46
02-08-2023,Rice,Adilabad,Telangana,2557.01,100
02-08-2023,Tomato,Khammam,Telangana,1558.9,117
02-08-2023,Rice,Warangal,Telangana,2489.12,144
02-09-2022,Potato,Karimnagar,Telangana,1769.71,127
02-09-2022,Onion,Adilabad,Telangana,1325.23,85
02-09-2022,Tomato,Warangal,Telangana,1804.34,96
02-09-2022,Rice,Warangal,Telangana,2663.71,53
02-09-2022,Onion,Nizamabad,Telangana,1420.16,134
02-09-2022,Tomato,Nizamabad,Telangana,1725.57,29
02-09-2022,Rice,Khammam,Telangana,2450.93,124
02-09-2022,Potato,Hyderabad,Telangana,1702.39,147
02-09-2022,Rice,Nizamabad,Telangana,2501.93,100
02-09-2022,Rice,Hyderabad,Telangana,2739.67,101
02-09-2022,Tomato,Khammam,Telangana,1582.13,110
02-09-2022,Potato,Adilabad,Telangana,2008.48,62
02-09-2022,Onion,Warangal,Telangana,1684.77,87
02-09-2022,Potato,Warangal,Telangana,1670.86,95
02-09-2022,Tomato,Karimnagar,Telangana,1449.18,165
02-09-2022,Onion,Khammam,Telangana,1344.39,114
02-09-2022,Potato,Nizamabad,Telangana,1794.35,117
02-09-2022,Onion,Karimnagar,Telangana,1218.09,172
02-09-2022,Potato,Khammam,Telangana,1782.06,100
02-09-2022,Rice,Karimnagar,Telangana,2384.09,151
02-09-2022,Rice,Adilabad,Telangana,2674.95,144
02-09-2022,Tomato,Hyderabad,Telangana,1557.46,187
02-09-2022,Tomato,Adilabad,Telangana,1657.92,100
02-09-2023,Onion,Hyderabad,Telangana,1361.19,145
02-09-2023,Tomato,Karimnagar,Telangana,1502.12,145
02-09-2023,Potato,Warangal,Telangana,1999.11,98
02-09-2023,Rice,Warangal,Telangana,2747.12,108
02-09-2023,Onion,Nizamabad,Telangana,1549.65,43
02-09-2023,Potato,Adilabad,Telangana,1787.1,118
02-09-2023,Rice,Karimnagar,Telangana,2286.11,151
02-09-2023,Potato,Hyderabad,Telangana,1486.74,206
02-09-2023,Tomato,Khammam,Telangana,1568.45,98
02-09-2023,Onion,Karimnagar,Telangana,1140.6,221
02-09-2023,Tomato,Warangal,Telangana,1689.87,101
02-09-2023,Tomato,Nizamabad,Telangana,1674.63,62
02-09-2023,Rice,Khammam,Telangana,2531.1,121
02-09-2023,Onion,Warangal,Telangana,1372.06,137
02-09-2023,Rice,Nizamabad,Telangana,2649.83,104
02-09-2023,Onion,Khammam,Telangana,1409.2,151
02-09-2023,Potato,Nizamabad,Telangana,1843.46,144
02-09-2023,Rice,Adilabad,Telangana,2595.5,105
02-09-2023,Potato,Khammam,Telangana,1674.42,143
02-09-2023,Onion,Adilabad,Telangana,1382.16,186
02-09-2023,Tomato,Hyderabad,Telangana,1911.08,86
02-09-2023,Rice,Hyderabad,Telangana,2870.35,90
02-09-2023,Potato,Karimnagar,Telangana,1674.46,146
02-10-2022,Onion,Adilabad,Telangana,1513.85,107
02-10-2022,Tomato,Nizamabad,Telangana,1514.63,53
02-10-2022,Tomato,Khammam,Telangana,1669.03,149
02-10-2022,Onion,Khammam,Telangana,1447.87,89
02-10-2022,Potato,Hyderabad,Telangana,1640.97,130
02-10-2022,Tomato,Hyderabad,Telangana,1459.52,134
02-10-2022,Rice,Khammam,Telangana,2616.97,29
02-10-2022,Potato,Khammam,Telangana,1766.53,50
02-10-2022,Rice,Hyderabad,Telangana,2593.8,126
02-10-2022,Rice,Karimnagar,Telangana,2494.25,148
02-10-2022,Rice,Warangal,Telangana,2613.84,108
02-10-2022,Onion,Karimnagar,Telangana,1281.0,150
02-10-2022,Tomato,Warangal,Telangana,1458.96,147
02-10-2022,Rice,Adilabad,Telangana,2409.65,176
02-10-2022,Tomato,Adilabad,Telangana,1365.58,94
02-10-2022,Onion,Hyderabad,Telangana,1280.25,175
02-10-2022,Onion,Warangal,Telangana,1353.06,96
02-10-2022,Potato,Adilabad,Telangana,1405.28,204
02-10-2022,Potato,Warangal,Telangana,1711.08,151
02-10-2022,Onion,Nizamabad,Telangana,1377.0,114
02-10-2022,Tomato,Karimnagar,Telangana,1631.23,99
02-10-2023,Tomato,Warangal,Telangana,1512.18,129
02-10-2023,Onion,Karimnagar,Telangana,1418.68,90
02-10-2023,Potato,Nizamabad,Telangana,1857.73,129
02-10-2023,Onion,Adilabad,Telangana,1126.46,180
02-10-2023,Rice,Adilabad,Telangana,2689.39,102
02-10-2023,Potato,Khammam,Telangana,1728.49,100
02-10-2023,Onion,Warangal,Telangana,1274.5,132
02-10-2023,Rice,Khammam,Telangana,2569.14,122
02-10-2023,Potato,Warangal,Telangana,1804.57,111
02-10-2023,Rice,Warangal,Telangana,2490.33,52
02-10-2023,Onion,Hyderabad,Telangana,1313.13,187
02-10-2023,Tomato,Khammam,Telangana,1222.28,208
02-10-2023,Tomato,Adilabad,Telangana,1692.76,125
02-10-2023,Onion,Nizamabad,Telangana,1254.07,136
02-10-2023,Potato,Adilabad,Telangana,1646.32,200
02-10-2023,Tomato,Karimnagar,Telangana,1732.14,92
02-10-2023,Tomato,Hyderabad,Telangana,1508.91,127
02-10-2023,Tomato,Nizamabad,Telangana,1548.03,93
02-10-2023,Onion,Khammam,Telangana,1442.76,88
02-10-2023,Rice,Hyderabad,Telangana,2212.0,180
02-10-2023,Potato,Hyderabad,Telangana,1780.73,77
02-11-2022,Onion,Warangal,Telangana,1320.82,156
02-11-2022,Rice,Karimnagar,Telangana,2460.32,178
02-11-2022,Potato,Karimnagar,Telangana,1653.05,166
02-11-2022,Potato,Khammam,Telangana,1736.29,68
02-11-2022,Rice,Adilabad,Telangana,2672.43,115
02-11-2022,Potato,Nizamabad,Telangana,1961.04,73
02-11-2022,Tomato,Hyderabad,Telangana,1529.58,146
02-11-2022,Onion,Hyderabad,Telangana,1197.06,94
02-11-2022,Tomato,Warangal,Telangana,1708.8,152
02-11-2022,Potato,Warangal,Telangana,1847.84,110
02-11-2022,Onion,Adilabad,Telangana,1276.41,158
02-11-2022,Rice,Nizamabad,Telangana,2638.75,115
02-11-2022,Onion,Khammam,Telangana,1279.77,95
02-11-2022,Rice,Khammam,Telangana,2190.16,198
02-11-2022,Tomato,Khammam,Telangana,1520.88,143
02-11-2022,Potato,Hyderabad,Telangana,1695.1,155
02-11-2022,Rice,Hyderabad,Telangana,2797.76,111
02-11-2022,Rice,Warangal,Telangana,2748.16,20
02-11-2022,Onion,Nizamabad,Telangana,1517.34,128
02-11-2022,Onion,Karimnagar,Telangana,1602.84,106
02-11-2022,Potato,Adilabad,Telangana,2047.82,40
02-11-2023,Onion,Karimnagar,Telangana,1512.33,64
02-11-2023,Rice,Hyderabad,Telangana,2666.21,131
02-11-2023,Onion,Khammam,Telangana,1256.73,107
02-11-2023,Tomato,Nizamabad,Telangana,1679.08,51
02-11-2023,Tomato,Warangal,Telangana,1266.98,153
02-11-2023,Onion,Adilabad,Telangana,1540.73,66
02-11-2023,Potato,Adilabad,Telangana,1609.52,83
02-11-2023,Rice,Khammam,Telangana,2482.06,138
02-11-2023,Tomato,Khammam,Telangana,1450.8,107
02-11-2023,Potato,Karimnagar,Telangana,1661.56,112
02-11-2023,Tomato,Hyderabad,Telangana,1576.61,126
02-11-2023,Onion,Hyderabad,Telangana,1349.2,73
02-11-2023,Rice,Nizamabad,Telangana,2572.65,97
02-11-2023,Rice,Karimnagar,Telangana,2467.72,142
02-11-2023,Tomato,Adilabad,Telangana,1386.04,101
02-11-2023,Onion,Nizamabad,Telangana,1237.92,155
02-11-2023,Potato,Warangal,Telangana,1619.91,113
02-11-2023,Tomato,Karimnagar,Telangana,1517.57,143
02-11-2023,Potato,Nizamabad,Telangana,1567.76,83
02-12-2022,Tomato,Nizamabad,Telangana,1434.22,143
02-12-2022,Tomato,Hyderabad,Telangana,1314.44,169
02-12-2022,Onion,Hyderabad,Telangana,1344.3,171
02-12-2022,Tomato,Khammam,Telangana,1767.55,181
02-12-2022,Rice,Khammam,Telangana,2728.83,81
02-12-2022,Rice,Nizamabad,Telangana,2763.46,112
02-12-2022,Rice,Warangal,Telangana,2750.44,100
02-12-2022,Onion,Khammam,Telangana,1479.63,149
02-12-2022,Rice,Hyderabad,Telangana,2550.36,170
02-12-2022,Potato,Khammam,Telangana,1933.98,126
02-12-2022,Rice,Adilabad,Telangana,2775.61,113
02-12-2022,Tomato,Warangal,Telangana,1860.91,162
02-12-2022,Onion,Warangal,Telangana,1477.45,101
02-12-2022,Onion,Karimnagar,Telangana,1652.03,56
02-12-2022,Potato,Warangal,Telangana,2082.82,105
02-12-2022,Potato,Karimnagar,Telangana,1673.51,138
02-12-2022,Rice,Karimnagar,Telangana,2651.77,107
02-12-2022,Tomato,Karimnagar,Telangana,1610.4,114
02-12-2022,Potato,Adilabad,Telangana,1774.21,82
02-12-2022,Onion,Nizamabad,Telangana,1458.09,81
02-12-2022,Onion,Adilabad,Telangana,1322.7,170
02-12-2022,Potato,Hyderabad,Telangana,1941.06,70
02-12-2022,Potato,Nizamabad,Telangana,1961.5,115
02-12-2023,Rice,Warangal,Telangana,2566.95,89
02-12-2023,Tomato,Adilabad,Telangana,1657.81,117
02-12-2023,Onion,Karimnagar,Telangana,1634.63,60
02-12-2023,Rice,Nizamabad,Telangana,2592.36,84
02-12-2023,Potato,Adilabad,Telangana,1609.86,149
02-12-2023,Rice,Hyderabad,Telangana,2797.1,68
02-12-2023,Tomato,Nizamabad,Telangana,1628.42,82
02-12-2023,Onion,Nizamabad,Telangana,1435.48,120
02-12-2023,Tomato,Hyderabad,Telangana,1809.64,78
02-12-2023,Potato,Khammam,Telangana,2056.7,20
02-12-2023,Onion,Adilabad,Telangana,1179.35,196
02-12-2023,Tomato,Karimnagar,Telangana,1640.84,103
02-12-2023,Tomato,Warangal,Telangana,1698.3,127
02-12-2023,Potato,Karimnagar,Telangana,1972.09,121
02-12-2023,Rice,Khammam,Telangana,2739.49,97
02-12-2023,Potato,Nizamabad,Telangana,1728.99,126
02-12-2023,Potato,Hyderabad,Telangana,1728.45,207
02-12-2023,Rice,Karimnagar,Telangana,2875.78,77
02-12-2023,Onion,Warangal,Telangana,1453.94,111
02-12-2023,Onion,Khammam,Telangana,1385.37,149
02-12-2023,Rice,Adilabad,Telangana,2649.67,148
02-12-2023,Potato,Warangal,Telangana,1743.57,129
02-12-2023,Onion,Hyderabad,Telangana,1636.7,133
03-01-2022,Rice,Khammam,Telangana,2900.96,55
03-01-2022,Onion,Karimnagar,Telangana,1707.78,92
03-01-2022,Potato,Warangal,Telangana,1938.75,80
03-01-2022,Onion,Hyderabad,Telangana,1413.58,157
03-01-2022,Rice,Nizamabad,Telangana,2711.57,134
03-01-2022,Onion,Nizamabad,Telangana,1491.62,123
03-01-2022,Rice,Karimnagar,Telangana,2766.24,99
03-01-2022,Tomato,Khammam,Telangana,1925.7,50
03-01-2022,Rice,Warangal,Telangana,2892.72,112
03-01-2022,Tomato,Nizamabad,Telangana,1837.64,85
03-01-2022,Potato,Khammam,Telangana,1764.54,161
03-01-2022,Onion,Adilabad,Telangana,1460.17,154
03-01-2022,Tomato,Warangal,Telangana,1722.79,47
03-01-2022,Tomato,Hyderabad,Telangana,1758.79,110
03-01-2022,Rice,Hyderabad,Telangana,2747.32,76
03-01-2022,Potato,Nizamabad,Telangana,1955.88,125
03-01-2022,Potato,Karimnagar,Telangana,1822.65,139
03-01-2022,Potato,Adilabad,Telangana,2145.51,118
03-01-2022,Onion,Warangal,Telangana,1542.71,154
03-01-2022,Rice,Adilabad,Telangana,2861.19,122
03-01-2022,Tomato,Adilabad,Telangana,1642.2,113
03-01-2022,Potato,Hyderabad,Telangana,1998.92,137
03-01-2022,Onion,Khammam,Telangana,1475.99,149
03-01-2023,Onion,Karimnagar,Telangana,1752.54,134
03-01-2023,Rice,Nizamabad,Telangana,2776.19,78
03-01-2023,Onion,Khammam,Telangana,1566.03,78
03-01-2023,Potato,Hyderabad,Telangana,1828.39,129
03-01-2023,Tomato,Hyderabad,Telangana,1741.6,161
03-01-2023,Rice,Warangal,Telangana,2910.02,70
03-01-2023,Potato,Adilabad,Telangana,1889.88,107
03-01-2023,Potato,Karimnagar,Telangana,2063.13,153
03-01-2023,Onion,Nizamabad,Telangana,1470.88,102
03-01-2023,Rice,Karimnagar,Telangana,2729.5,90
03-01-2023,Rice,Adilabad,Telangana,2654.48,84
03-01-2023,Tomato,Karimnagar,Telangana,1653.42,138
03-01-2023,Rice,Hyderabad,Telangana,2782.78,154
03-01-2023,Rice,Khammam,Telangana,2814.11,50
03-01-2023,Potato,Nizamabad,Telangana,2029.16,96
03-01-2023,Tomato,Khammam,Telangana,1884.83,112
03-01-2023,Potato,Khammam,Telangana,1975.23,101
03-01-2023,Onion,Hyderabad,Telangana,1658.3,158
03-01-2023,Onion,Warangal,Telangana,1638.75,160
03-01-2023,Potato,Warangal,Telangana,1870.43,179
03-01-2023,Tomato,Adilabad,Telangana,1641.65,174
03-01-2024,Tomato,Hyderabad,Telangana,1885.51,96
03-01-2024,Onion,Khammam,Telangana,1857.35,84
03-01-2024,Onion,Karimnagar,Telangana,1507.53,111
03-01-2024,Potato,Khammam,Telangana,1777.34,182
03-01-2024,Potato,Nizamabad,Telangana,1973.24,113
03-01-2024,Tomato,Khammam,Telangana,1896.04,107
03-01-2024,Rice,Khammam,Telangana,2867.94,71
03-01-2024,Tomato,Nizamabad,Telangana,1892.56,119
03-01-2024,Onion,Nizamabad,Telangana,1836.09,82
03-01-2024,Rice,Adilabad,Telangana,2946.35,29
03-01-2024,Onion,Warangal,Telangana,1642.48,117
03-01-2024,Rice,Karimnagar,Telangana,2861.71,130
03-01-2024,Onion,Adilabad,Telangana,1706.02,90
03-01-2024,Tomato,Karimnagar,Telangana,1684.3,149
03-01-2024,Tomato,Warangal,Telangana,1947.83,146
03-01-2024,Potato,Hyderabad,Telangana,1866.49,185
03-01-2024,Potato,Karimnagar,Telangana,1977.76,70
03-01-2024,Potato,Warangal,Telangana,1761.24,144
03-01-2024,Rice,Warangal,Telangana,2799.64,113
03-01-2024,Rice,Hyderabad,Telangana,2881.27,116
03-01-2024,Onion,Hyderabad,Telangana,1706.43,59
03-01-2024,Rice,Nizamabad,Telangana,3114.62,67
03-02-2022,Potato,Hyderabad,Telangana,1994.68,143
03-02-2022,Rice,Karimnagar,Telangana,2797.42,111
03-02-2022,Potato,Warangal,Telangana,2326.6,116
03-02-2022,Onion,Khammam,Telangana,1673.88,151
03-02-2022,Potato,Karimnagar,Telangana,2036.79,106
03-02-2022,Onion,Adilabad,Telangana,1434.6,115
03-02-2022,Onion,Hyderabad,Telangana,1558.24,127
03-02-2022,Tomato,Karimnagar,Telangana,1880.45,149
03-02-2022,Tomato,Nizamabad,Telangana,1875.53,131
03-02-2022,Potato,Nizamabad,Telangana,1854.75,185
03-02-2022,Onion,Warangal,Telangana,1618.72,125
03-02-2022,Tomato,Adilabad,Telangana,2008.41,84
03-02-2022,Rice,Warangal,Telangana,2970.36,104
03-02-2022,Tomato,Warangal,Telangana,1920.81,161
03-02-2022,Onion,Nizamabad,Telangana,1776.27,132
03-02-2022,Tomato,Hyderabad,Telangana,1994.02,117
03-02-2022,Tomato,Khammam,Telangana,1809.01,154
03-02-2022,Potato,Adilabad,Telangana,2086.77,102
03-02-2022,Rice,Hyderabad,Telangana,2912.43,79
03-02-2022,Rice,Nizamabad,Telangana,2705.16,144
03-02-2022,Rice,Khammam,Telangana,2763.37,111
03-02-2022,Rice,Adilabad,Telangana,3038.71,104
03-02-2022,Potato,Khammam,Telangana,2260.71,41
03-02-2022,Onion,Karimnagar,Telangana,1529.42,191
03-02-2023,Onion,Adilabad,Telangana,1779.73,165
03-02-2023,Onion,Warangal,Telangana,1558.67,131
03-02-2023,Onion,Hyderabad,Telangana,2102.41,54
03-02-2023,Rice,Nizamabad,Telangana,2824.64,154
03-02-2023,Potato,Adilabad,Telangana,2150.92,135
03-02-2023,Onion,Karimnagar,Telangana,1621.6,138
03-02-2023,Rice,Warangal,Telangana,2837.03,86
03-02-2023,Tomato,Hyderabad,Telangana,1953.38,118
03-02-2023,Potato,Nizamabad,Telangana,2030.13,160
03-02-2023,Onion,Khammam,Telangana,1693.33,86
03-02-2023,Potato,Karimnagar,Telangana,2140.37,141
03-02-2023,Tomato,Warangal,Telangana,1942.96,95
03-02-2023,Rice,Hyderabad,Telangana,2996.52,80
03-02-2023,Tomato,Adilabad,Telangana,1918.64,117
03-02-2023,Rice,Karimnagar,Telangana,2839.28,146
03-02-2023,Rice,Adilabad,Telangana,2691.68,160
03-02-2023,Rice,Khammam,Telangana,2992.91,83
03-02-2023,Potato,Warangal,Telangana,1957.62,125
03-02-2023,Tomato,Nizamabad,Telangana,1926.41,62
03-02-2023,Potato,Khammam,Telangana,1813.61,135
03-02-2023,Potato,Hyderabad,Telangana,2236.02,101
03-02-2023,Onion,Nizamabad,Telangana,1839.21,162
03-02-2024,Onion,Karimnagar,Telangana,1755.44,81
03-02-2024,Tomato,Karimnagar,Telangana,1887.89,109
03-02-2024,Potato,Nizamabad,Telangana,2151.2,162
03-02-2024,Potato,Karimnagar,Telangana,2061.04,150
03-02-2024,Onion,Warangal,Telangana,1494.03,125
03-02-2024,Tomato,Hyderabad,Telangana,1902.79,195
03-02-2024,Potato,Khammam,Telangana,1992.37,149
03-02-2024,Rice,Nizamabad,Telangana,2807.62,106
03-02-2024,Rice,Khammam,Telangana,3016.79,97
03-02-2024,Tomato,Nizamabad,Telangana,1731.87,120
03-02-2024,Rice,Warangal,Telangana,2828.43,173
03-02-2024,Tomato,Warangal,Telangana,1798.89,119
03-02-2024,Potato,Adilabad,Telangana,2025.3,165
03-02-2024,Potato,Hyderabad,Telangana,1860.46,146
03-02-2024,Onion,Nizamabad,Telangana,1711.73,143
03-02-2024,Onion,Hyderabad,Telangana,1471.99,72
03-02-2024,Tomato,Adilabad,Telangana,1800.01,97
03-02-2024,Rice,Hyderabad,Telangana,2910.35,93
03-02-2024,Onion,Adilabad,Telangana,1543.34,106
03-02-2024,Onion,Khammam,Telangana,1771.99,170
03-02-2024,Potato,Warangal,Telangana,2207.88,120
03-02-2024,Rice,Karimnagar,Telangana,2829.61,122
03-03-2022,Rice,Karimnagar,Telangana,2867.63,203
03-03-2022,Potato,Adilabad,Telangana,2286.58,74
03-03-2022,Tomato,Hyderabad,Telangana,1653.27,176
03-03-2022,Tomato,Adilabad,Telangana,1881.18,147
03-03-2022,Tomato,Warangal,Telangana,2048.2,77
03-03-2022,Rice,Warangal,Telangana,3147.35,50
03-03-2022,Onion,Nizamabad,Telangana,1748.78,121
03-03-2022,Rice,Khammam,Telangana,3056.64,93
03-03-2022,Tomato,Karimnagar,Telangana,1851.13,54
03-03-2022,Potato,Khammam,Telangana,2153.27,82
03-03-2022,Potato,Hyderabad,Telangana,2153.06,129
03-03-2022,Tomato,Khammam,Telangana,2000.89,101
03-03-2022,Onion,Warangal,Telangana,1805.29,81
03-03-2022,Rice,Hyderabad,Telangana,2954.69,129
03-03-2022,Rice,Nizamabad,Telangana,2917.2,114
03-03-2022,Potato,Warangal,Telangana,2195.69,64
03-03-2022,Potato,Karimnagar,Telangana,2039.35,154
03-03-2022,Onion,Khammam,Telangana,1897.63,86
03-03-2022,Rice,Adilabad,Telangana,2971.04,74
03-03-2022,Tomato,Nizamabad,Telangana,1799.75,150
03-03-2022,Onion,Karimnagar,Telangana,1851.94,132
03-03-2022,Potato,Nizamabad,Telangana,2137.63,119
03-03-2022,Onion,Hyderabad,Telangana,1568.32,187
03-03-2022,Onion,Adilabad,Telangana,1850.11,48
03-03-2023,Onion,Nizamabad,Telangana,1476.16,217
03-03-2023,Potato,Khammam,Telangana,2179.99,123
03-03-2023,Tomato,Karimnagar,Telangana,1879.08,165
03-03-2023,Rice,Karimnagar,Telangana,3074.47,52
03-03-2023,Tomato,Nizamabad,Telangana,1759.72,225
03-03-2023,Onion,Khammam,Telangana,1882.26,71
03-03-2023,Rice,Hyderabad,Telangana,3032.82,146
03-03-2023,Potato,Karimnagar,Telangana,2079.35,97
03-03-2023,Tomato,Adilabad,Telangana,1802.47,147
03-03-2023,Onion,Hyderabad,Telangana,1914.92,130
03-03-2023,Rice,Nizamabad,Telangana,2960.37,140
03-03-2023,Onion,Karimnagar,Telangana,1729.97,139
03-03-2023,Tomato,Warangal,Telangana,2017.16,140
03-03-2023,Rice,Adilabad,Telangana,3013.13,121
03-03-2023,Tomato,Khammam,Telangana,1908.79,103
03-03-2023,Potato,Warangal,Telangana,2222.43,92
03-03-2023,Onion,Warangal,Telangana,1833.23,75
03-03-2023,Rice,Khammam,Telangana,2964.68,141
03-03-2023,Rice,Warangal,Telangana,2953.84,124
03-03-2023,Potato,Nizamabad,Telangana,2097.22,118
03-03-2023,Tomato,Hyderabad,Telangana,2128.17,94
03-03-2023,Potato,Hyderabad,Telangana,1986.12,114
03-03-2023,Potato,Adilabad,Telangana,2063.29,108
03-03-2023,Onion,Adilabad,Telangana,1774.01,114
03-03-2024,Rice,Warangal,Telangana,2954.26,137
03-03-2024,Rice,Adilabad,Telangana,3057.89,70
03-03-2024,Onion,Hyderabad,Telangana,1758.04,104
03-03-2024,Potato,Nizamabad,Telangana,2081.7,132
03-03-2024,Tomato,Adilabad,Telangana,1851.11,86
03-03-2024,Potato,Karimnagar,Telangana,1995.18,139
03-03-2024,Potato,Khammam,Telangana,2373.16,67
03-03-2024,Potato,Warangal,Telangana,2170.17,173
03-03-2024,Tomato,Khammam,Telangana,2060.21,71
03-03-2024,Rice,Nizamabad,Telangana,3170.09,20
03-03-2024,Tomato,Karimnagar,Telangana,1618.57,161
03-03-2024,Potato,Adilabad,Telangana,2004.65,60
03-03-2024,Tomato,Warangal,Telangana,1779.5,164
03-03-2024,Rice,Hyderabad,Telangana,2994.44,116
03-03-2024,Rice,Khammam,Telangana,2874.22,137
03-03-2024,Rice,Karimnagar,Telangana,2926.73,155
03-03-2024,Potato,Hyderabad,Telangana,1935.56,146
03-03-2024,Tomato,Hyderabad,Telangana,1984.35,137
03-03-2024,Onion,Nizamabad,Telangana,1787.22,104
03-03-2024,Onion,Warangal,Telangana,1767.53,132
03-03-2024,Onion,Adilabad,Telangana,1782.08,127
03-03-2024,Tomato,Nizamabad,Telangana,1970.58,69
03-03-2024,Onion,Khammam,Telangana,1631.0,231
03-04-2022,Tomato,Nizamabad,Telangana,1781.11,166
03-04-2022,Onion,Warangal,Telangana,1903.5,105
03-04-2022,Potato,Khammam,Telangana,2199.58,151
03-04-2022,Tomato,Karimnagar,Telangana,1857.92,138
03-04-2022,Onion,Adilabad,Telangana,1639.68,125
03-04-2022,Rice,Karimnagar,Telangana,2939.28,91
03-04-2022,Potato,Hyderabad,Telangana,1954.78,147
03-04-2022,Tomato,Warangal,Telangana,1945.55,158
03-04-2022,Potato,Karimnagar,Telangana,1998.76,144
03-04-2022,Onion,Hyderabad,Telangana,1709.4,157
03-04-2022,Rice,Nizamabad,Telangana,2896.71,117
03-04-2022,Rice,Hyderabad,Telangana,2893.09,151
03-04-2022,Onion,Khammam,Telangana,1707.34,109
03-04-2022,Onion,Karimnagar,Telangana,1877.87,80
03-04-2022,Tomato,Adilabad,Telangana,1966.05,113
03-04-2022,Rice,Warangal,Telangana,3011.16,81
03-04-2022,Potato,Adilabad,Telangana,2204.34,155
03-04-2022,Onion,Nizamabad,Telangana,1565.18,90
03-04-2022,Potato,Nizamabad,Telangana,1988.98,176
03-04-2022,Tomato,Khammam,Telangana,2017.68,110
03-04-2022,Tomato,Hyderabad,Telangana,2063.66,111
03-04-2022,Rice,Adilabad,Telangana,2895.76,118
03-04-2022,Rice,Khammam,Telangana,2938.88,95
03-04-2022,Potato,Warangal,Telangana,2191.6,146
03-04-2023,Rice,Adilabad,Telangana,3092.12,114
03-04-2023,Rice,Warangal,Telangana,2842.45,117
03-04-2023,Rice,Nizamabad,Telangana,2973.64,153
03-04-2023,Rice,Karimnagar,Telangana,2925.6,96
03-04-2023,Potato,Adilabad,Telangana,2007.22,185
03-04-2023,Potato,Karimnagar,Telangana,2153.43,101
03-04-2023,Tomato,Warangal,Telangana,1679.98,134
03-04-2023,Tomato,Nizamabad,Telangana,1957.94,164
03-04-2023,Onion,Hyderabad,Telangana,1513.42,143
03-04-2023,Rice,Hyderabad,Telangana,3051.06,155
03-04-2023,Potato,Nizamabad,Telangana,2180.64,100
03-04-2023,Onion,Warangal,Telangana,1568.17,125
03-04-2023,Potato,Warangal,Telangana,2153.21,140
03-04-2023,Onion,Khammam,Telangana,1699.84,125
03-04-2023,Onion,Nizamabad,Telangana,1681.4,123
03-04-2023,Potato,Khammam,Telangana,1965.56,148
03-04-2023,Tomato,Khammam,Telangana,2012.81,84
03-04-2023,Tomato,Hyderabad,Telangana,2001.47,116
03-04-2023,Tomato,Adilabad,Telangana,1942.77,146
03-04-2023,Potato,Hyderabad,Telangana,1985.76,141
03-04-2023,Rice,Khammam,Telangana,2895.65,134
03-04-2023,Tomato,Karimnagar,Telangana,1866.45,112
03-04-2024,Onion,Karimnagar,Telangana,1675.92,83
03-04-2024,Potato,Hyderabad,Telangana,2132.09,115
03-04-2024,Tomato,Khammam,Telangana,2002.48,106
03-04-2024,Onion,Warangal,Telangana,1608.35,180
03-04-2024,Onion,Adilabad,Telangana,1624.52,177
03-04-2024,Potato,Karimnagar,Telangana,2174.15,157
03-04-2024,Rice,Nizamabad,Telangana,2960.53,67
03-04-2024,Potato,Khammam,Telangana,2101.41,95
03-04-2024,Tomato,Karimnagar,Telangana,1820.85,96
03-04-2024,Rice,Adilabad,Telangana,2747.77,144
03-04-2024,Potato,Warangal,Telangana,2228.7,193
03-04-2024,Rice,Warangal,Telangana,3334.46,21
03-04-2024,Tomato,Adilabad,Telangana,1844.13,198
03-04-2024,Onion,Nizamabad,Telangana,1719.9,95
03-04-2024,Potato,Adilabad,Telangana,2236.92,105
03-04-2024,Potato,Nizamabad,Telangana,1947.91,133
03-04-2024,Rice,Karimnagar,Telangana,3231.39,20
03-04-2024,Tomato,Warangal,Telangana,1873.31,115
03-04-2024,Rice,Hyderabad,Telangana,2532.97,172
03-04-2024,Onion,Hyderabad,Telangana,1680.7,88
03-04-2024,Tomato,Nizamabad,Telangana,1948.76,120
03-05-2022,Onion,Warangal,Telangana,1565.02,206
03-05-2022,Tomato,Khammam,Telangana,2256.96,48
03-05-2022,Tomato,Nizamabad,Telangana,1663.47,150
03-05-2022,Rice,Adilabad,Telangana,2901.96,196
03-05-2022,Onion,Adilabad,Telangana,1912.41,87
03-05-2022,Tomato,Karimnagar,Telangana,1904.02,184
03-05-2022,Rice,Khammam,Telangana,2992.45,172
03-05-2022,Onion,Nizamabad,Telangana,1559.9,103
03-05-2022,Onion,Hyderabad,Telangana,1837.76,119
03-05-2022,Rice,Warangal,Telangana,2967.14,129
03-05-2022,Potato,Warangal,Telangana,2225.32,118
03-05-2022,Rice,Hyderabad,Telangana,2637.17,215
03-05-2022,Potato,Hyderabad,Telangana,2226.0,125
03-05-2022,Rice,Karimnagar,Telangana,3135.03,90
03-05-2022,Tomato,Hyderabad,Telangana,1990.49,71
03-05-2022,Onion,Khammam,Telangana,1849.05,91
03-05-2022,Potato,Nizamabad,Telangana,1904.36,162
03-05-2022,Tomato,Adilabad,Telangana,1865.01,108
03-05-2022,Tomato,Warangal,Telangana,2133.15,87
03-05-2022,Potato,Karimnagar,Telangana,2195.01,140
03-05-2022,Onion,Karimnagar,Telangana,1948.08,123
03-05-2022,Potato,Khammam,Telangana,2066.22,88
03-05-2022,Rice,Nizamabad,Telangana,2653.32,155
03-05-2023,Onion,Karimnagar,Telangana,1911.68,52
03-05-2023,Onion,Adilabad,Telangana,1703.74,63
03-05-2023,Tomato,Karimnagar,Telangana,1966.04,90
03-05-2023,Tomato,Khammam,Telangana,2105.17,101
03-05-2023,Rice,Karimnagar,Telangana,3023.47,76
03-05-2023,Rice,Nizamabad,Telangana,2970.3,92
03-05-2023,Tomato,Nizamabad,Telangana,2078.45,113
03-05-2023,Tomato,Adilabad,Telangana,1747.62,180
03-05-2023,Rice,Khammam,Telangana,2906.71,113
03-05-2023,Potato,Warangal,Telangana,2354.84,41
03-05-2023,Onion,Warangal,Telangana,1707.27,124
03-05-2023,Onion,Khammam,Telangana,1541.29,174
03-05-2023,Rice,Warangal,Telangana,2727.85,93
03-05-2023,Rice,Hyderabad,Telangana,2808.81,90
03-05-2023,Onion,Nizamabad,Telangana,1997.17,87
03-05-2023,Rice,Adilabad,Telangana,3014.87,87
03-05-2023,Potato,Hyderabad,Telangana,2473.45,69
03-05-2023,Potato,Khammam,Telangana,2285.43,80
03-05-2023,Tomato,Hyderabad,Telangana,1741.88,102
03-05-2023,Potato,Nizamabad,Telangana,1830.25,208
03-05-2023,Onion,Hyderabad,Telangana,1548.82,172
03-05-2023,Tomato,Warangal,Telangana,1938.44,100
03-05-2024,Rice,Hyderabad,Telangana,3025.5,96
03-05-2024,Tomato,Nizamabad,Telangana,2068.94,42
03-05-2024,Rice,Adilabad,Telangana,3096.75,107
03-05-2024,Rice,Warangal,Telangana,2922.63,101
03-05-2024,Potato,Adilabad,Telangana,2032.06,193
03-05-2024,Potato,Nizamabad,Telangana,2104.21,176
03-05-2024,Potato,Warangal,Telangana,2127.37,50
03-05-2024,Tomato,Khammam,Telangana,1688.34,149
03-05-2024,Potato,Khammam,Telangana,2218.1,100
03-05-2024,Onion,Hyderabad,Telangana,1679.68,119
03-05-2024,Rice,Karimnagar,Telangana,2766.99,149
03-05-2024,Onion,Warangal,Telangana,1791.26,73
03-05-2024,Tomato,Karimnagar,Telangana,1840.66,114
03-05-2024,Rice,Khammam,Telangana,3073.06,81
03-05-2024,Potato,Karimnagar,Telangana,2016.84,179
03-05-2024,Tomato,Warangal,Telangana,1899.54,132
03-05-2024,Rice,Nizamabad,Telangana,3045.95,56
03-05-2024,Tomato,Adilabad,Telangana,1821.6,121
03-05-2024,Onion,Khammam,Telangana,1847.19,122
03-05-2024,Onion,Adilabad,Telangana,1784.99,129
03-05-2024,Onion,Nizamabad,Telangana,1718.55,139
03-06-2022,Tomato,Karimnagar,Telangana,1582.44,173
03-06-2022,Potato,Karimnagar,Telangana,2453.19,47
03-06-2022,Rice,Karimnagar,Telangana,3026.91,120
03-06-2022,Tomato,Khammam,Telangana,1748.18,128
03-06-2022,Rice,Adilabad,Telangana,2707.22,146
03-06-2022,Potato,Adilabad,Telangana,1961.72,126
03-06-2022,Rice,Khammam,Telangana,2730.02,162
03-06-2022,Potato,Khammam,Telangana,2182.89,57
03-06-2022,Onion,Adilabad,Telangana,1710.95,124
03-06-2022,Onion,Karimnagar,Telangana,1778.42,141
03-06-2022,Potato,Warangal,Telangana,2071.88,81
03-06-2022,Potato,Nizamabad,Telangana,1841.07,158
03-06-2022,Tomato,Nizamabad,Telangana,1817.11,158
03-06-2022,Tomato,Warangal,Telangana,2007.86,83
03-06-2022,Onion,Warangal,Telangana,1517.73,117
03-06-2022,Onion,Hyderabad,Telangana,1552.07,140
03-06-2022,Rice,Hyderabad,Telangana,2763.17,146
03-06-2022,Potato,Hyderabad,Telangana,2128.55,165
03-06-2022,Rice,Nizamabad,Telangana,2839.53,45
03-06-2022,Rice,Warangal,Telangana,2769.92,117
03-06-2022,Tomato,Adilabad,Telangana,1836.0,153
03-06-2022,Onion,Nizamabad,Telangana,1621.75,139
03-06-2022,Onion,Khammam,Telangana,1641.41,91
03-06-2023,Tomato,Nizamabad,Telangana,1931.51,66
03-06-2023,Tomato,Adilabad,Telangana,1845.7,107
03-06-2023,Potato,Nizamabad,Telangana,2108.27,133
03-06-2023,Onion,Karimnagar,Telangana,1883.01,116
03-06-2023,Onion,Hyderabad,Telangana,1700.48,119
03-06-2023,Onion,Adilabad,Telangana,1537.71,118
03-06-2023,Potato,Karimnagar,Telangana,1942.22,144
03-06-2023,Tomato,Hyderabad,Telangana,1781.53,70
03-06-2023,Onion,Nizamabad,Telangana,1843.17,59
03-06-2023,Potato,Khammam,Telangana,2182.56,147
03-06-2023,Rice,Karimnagar,Telangana,2900.9,138
03-06-2023,Potato,Hyderabad,Telangana,2174.95,98
03-06-2023,Tomato,Karimnagar,Telangana,1670.82,140
03-06-2023,Onion,Warangal,Telangana,1523.2,98
03-06-2023,Rice,Nizamabad,Telangana,2803.78,136
03-06-2023,Rice,Adilabad,Telangana,2767.04,104
03-06-2023,Rice,Hyderabad,Telangana,2507.56,139
03-06-2023,Tomato,Khammam,Telangana,1666.81,156
03-06-2023,Tomato,Warangal,Telangana,1900.37,196
03-06-2023,Potato,Warangal,Telangana,2105.48,105
03-06-2023,Rice,Khammam,Telangana,2884.47,110
03-06-2023,Onion,Khammam,Telangana,1607.44,162
03-06-2023,Rice,Warangal,Telangana,2927.05,95
03-06-2023,Potato,Adilabad,Telangana,1946.81,140
03-06-2024,Onion,Adilabad,Telangana,1527.56,82
03-06-2024,Potato,Hyderabad,Telangana,2354.4,44
03-06-2024,Potato,Nizamabad,Telangana,1946.83,160
03-06-2024,Rice,Warangal,Telangana,2552.08,240
03-06-2024,Tomato,Karimnagar,Telangana,2084.9,100
03-06-2024,Rice,Karimnagar,Telangana,2864.5,138
03-06-2024,Rice,Hyderabad,Telangana,2717.85,118
03-06-2024,Tomato,Warangal,Telangana,1946.71,128
03-06-2024,Potato,Karimnagar,Telangana,2104.86,115
03-06-2024,Rice,Khammam,Telangana,2794.8,193
03-06-2024,Potato,Adilabad,Telangana,2178.45,117
03-06-2024,Rice,Nizamabad,Telangana,2857.52,106
03-06-2024,Tomato,Khammam,Telangana,1991.39,141
03-06-2024,Tomato,Nizamabad,Telangana,1772.86,163
03-06-2024,Potato,Warangal,Telangana,1995.71,121
03-06-2024,Tomato,Adilabad,Telangana,2033.0,151
03-06-2024,Potato,Khammam,Telangana,2414.02,141
03-06-2024,Onion,Khammam,Telangana,1596.66,158
03-06-2024,Tomato,Hyderabad,Telangana,1912.41,124
03-06-2024,Onion,Hyderabad,Telangana,1731.51,53
03-06-2024,Onion,Karimnagar,Telangana,1449.98,187
03-07-2022,Rice,Warangal,Telangana,2860.54,119
03-07-2022,Onion,Hyderabad,Telangana,1775.87,69
03-07-2022,Potato,Hyderabad,Telangana,1914.87,113
03-07-2022,Tomato,Karimnagar,Telangana,1507.52,132
03-07-2022,Onion,Khammam,Telangana,1575.86,126
03-07-2022,Potato,Karimnagar,Telangana,2018.49,112
03-07-2022,Rice,Adilabad,Telangana,2598.36,186
03-07-2022,Onion,Adilabad,Telangana,1476.25,112
03-07-2022,Tomato,Nizamabad,Telangana,1698.69,145
03-07-2022,Tomato,Khammam,Telangana,1641.28,105
03-07-2022,Potato,Khammam,Telangana,2060.4,85
03-07-2022,Tomato,Adilabad,Telangana,1944.55,107
03-07-2022,Rice,Karimnagar,Telangana,2802.38,204
03-07-2022,Tomato,Hyderabad,Telangana,1743.79,128
03-07-2022,Onion,Warangal,Telangana,1417.85,139
03-07-2022,Rice,Nizamabad,Telangana,2827.38,80
03-07-2022,Potato,Adilabad,Telangana,1819.33,185
03-07-2022,Onion,Karimnagar,Telangana,1784.51,126
03-07-2022,Rice,Khammam,Telangana,2499.98,195
03-07-2022,Onion,Nizamabad,Telangana,1714.63,89
03-07-2022,Potato,Nizamabad,Telangana,1911.42,125
03-07-2022,Potato,Warangal,Telangana,1844.36,102
03-07-2022,Tomato,Warangal,Telangana,1673.37,87
03-07-2022,Rice,Hyderabad,Telangana,2856.44,78
03-07-2023,Potato,Hyderabad,Telangana,1991.91,68
03-07-2023,Rice,Warangal,Telangana,3003.42,83
03-07-2023,Rice,Karimnagar,Telangana,2929.85,20
03-07-2023,Onion,Nizamabad,Telangana,1349.83,190
03-07-2023,Potato,Adilabad,Telangana,2125.06,125
03-07-2023,Onion,Karimnagar,Telangana,1448.34,197
03-07-2023,Onion,Hyderabad,Telangana,1619.79,106
03-07-2023,Tomato,Warangal,Telangana,2133.24,36
03-07-2023,Tomato,Karimnagar,Telangana,1870.99,140
03-07-2023,Tomato,Adilabad,Telangana,1742.89,146
03-07-2023,Rice,Nizamabad,Telangana,2597.69,175
03-07-2023,Rice,Adilabad,Telangana,2914.21,107
03-07-2023,Tomato,Hyderabad,Telangana,1512.49,123
03-07-2023,Onion,Adilabad,Telangana,1697.18,60
03-07-2023,Rice,Khammam,Telangana,2501.04,139
03-07-2023,Potato,Warangal,Telangana,2059.21,142
03-07-2023,Tomato,Khammam,Telangana,1647.55,198
03-07-2023,Potato,Karimnagar,Telangana,2051.14,117
03-07-2023,Onion,Khammam,Telangana,1343.96,174
03-07-2023,Onion,Warangal,Telangana,1611.69,148
03-07-2023,Potato,Nizamabad,Telangana,1867.11,121
03-07-2023,Tomato,Nizamabad,Telangana,1822.11,159
03-08-2022,Tomato,Adilabad,Telangana,2060.01,40
03-08-2022,Onion,Hyderabad,Telangana,1479.92,109
03-08-2022,Rice,Nizamabad,Telangana,2724.17,120
03-08-2022,Tomato,Karimnagar,Telangana,1627.04,183
03-08-2022,Rice,Khammam,Telangana,2555.85,162
03-08-2022,Potato,Khammam,Telangana,2029.55,83
03-08-2022,Tomato,Khammam,Telangana,1834.18,55
03-08-2022,Potato,Warangal,Telangana,1734.22,192
03-08-2022,Tomato,Warangal,Telangana,1927.69,45
03-08-2022,Onion,Nizamabad,Telangana,1351.05,177
03-08-2022,Rice,Warangal,Telangana,2652.65,170
03-08-2022,Onion,Adilabad,Telangana,1612.95,96
03-08-2022,Potato,Hyderabad,Telangana,1950.14,66
03-08-2022,Onion,Karimnagar,Telangana,1267.81,164
03-08-2022,Tomato,Hyderabad,Telangana,1361.74,162
03-08-2022,Onion,Khammam,Telangana,1447.18,114
03-08-2022,Rice,Adilabad,Telangana,2602.88,110
03-08-2022,Rice,Hyderabad,Telangana,2620.56,130
03-08-2022,Rice,Karimnagar,Telangana,2626.31,154
03-08-2022,Potato,Adilabad,Telangana,1648.96,221
03-08-2022,Potato,Nizamabad,Telangana,1531.25,147
03-08-2022,Potato,Karimnagar,Telangana,1755.98,114
03-08-2023,Onion,Hyderabad,Telangana,1652.7,86
03-08-2023,Potato,Khammam,Telangana,1954.6,87
03-08-2023,Rice,Nizamabad,Telangana,2687.04,92
03-08-2023,Potato,Warangal,Telangana,1789.12,168
03-08-2023,Rice,Karimnagar,Telangana,2641.56,135
03-08-2023,Tomato,Khammam,Telangana,1631.66,97
03-08-2023,Tomato,Hyderabad,Telangana,1539.81,159
03-08-2023,Onion,Adilabad,Telangana,1570.45,92
03-08-2023,Tomato,Nizamabad,Telangana,1771.03,147
03-08-2023,Potato,Adilabad,Telangana,1759.58,125
03-08-2023,Tomato,Karimnagar,Telangana,1797.42,93
03-08-2023,Rice,Khammam,Telangana,2708.59,119
03-08-2023,Rice,Adilabad,Telangana,2691.54,85
03-08-2023,Tomato,Warangal,Telangana,1434.03,165
03-08-2023,Rice,Warangal,Telangana,2504.36,122
03-08-2023,Onion,Warangal,Telangana,1388.64,148
03-08-2023,Potato,Hyderabad,Telangana,1745.09,76
03-08-2023,Onion,Khammam,Telangana,1435.66,58
03-08-2023,Potato,Nizamabad,Telangana,1943.17,166
03-08-2023,Tomato,Adilabad,Telangana,1762.24,140
03-08-2023,Potato,Karimnagar,Telangana,2020.56,87
03-08-2023,Onion,Karimnagar,Telangana,1638.62,20
03-08-2023,Onion,Nizamabad,Telangana,1274.09,148
03-09-2022,Potato,Khammam,Telangana,1729.11,108
03-09-2022,Tomato,Nizamabad,Telangana,1689.86,110
03-09-2022,Onion,Karimnagar,Telangana,1224.45,92
03-09-2022,Rice,Adilabad,Telangana,2462.98,89
03-09-2022,Tomato,Hyderabad,Telangana,1763.59,119
03-09-2022,Onion,Nizamabad,Telangana,1448.62,102
03-09-2022,Rice,Karimnagar,Telangana,2592.5,143
03-09-2022,Tomato,Karimnagar,Telangana,1842.46,76
03-09-2022,Rice,Khammam,Telangana,2454.71,110
03-09-2022,Tomato,Khammam,Telangana,1480.36,136
03-09-2022,Tomato,Adilabad,Telangana,1562.59,128
03-09-2022,Rice,Hyderabad,Telangana,2524.67,144
03-09-2022,Potato,Hyderabad,Telangana,1806.91,108
03-09-2022,Onion,Warangal,Telangana,1440.42,101
03-09-2022,Onion,Khammam,Telangana,1503.33,60
03-09-2022,Rice,Warangal,Telangana,2594.01,192
03-09-2022,Onion,Adilabad,Telangana,1511.86,81
03-09-2022,Potato,Warangal,Telangana,1755.3,131
03-09-2022,Rice,Nizamabad,Telangana,2511.08,166
03-09-2022,Potato,Nizamabad,Telangana,1577.35,119
03-09-2022,Potato,Adilabad,Telangana,1617.43,148
03-09-2022,Potato,Karimnagar,Telangana,1965.62,135
03-09-2022,Tomato,Warangal,Telangana,1563.46,189
03-09-2023,Rice,Warangal,Telangana,2536.82,166
03-09-2023,Rice,Nizamabad,Telangana,2495.88,117
03-09-2023,Tomato,Warangal,Telangana,1432.42,168
03-09-2023,Potato,Hyderabad,Telangana,1698.37,176
03-09-2023,Onion,Hyderabad,Telangana,1495.43,96
03-09-2023,Rice,Karimnagar,Telangana,2532.88,151
03-09-2023,Onion,Adilabad,Telangana,1142.48,88
03-09-2023,Onion,Khammam,Telangana,1363.14,141
03-09-2023,Rice,Khammam,Telangana,2622.87,160
03-09-2023,Tomato,Adilabad,Telangana,1456.17,172
03-09-2023,Tomato,Khammam,Telangana,1675.24,131
03-09-2023,Rice,Hyderabad,Telangana,2814.97,65
03-09-2023,Onion,Nizamabad,Telangana,1320.57,132
03-09-2023,Onion,Karimnagar,Telangana,1230.55,152
03-09-2023,Potato,Nizamabad,Telangana,1760.1,106
03-09-2023,Potato,Adilabad,Telangana,2001.78,76
03-09-2023,Tomato,Nizamabad,Telangana,1799.12,24
03-09-2023,Potato,Karimnagar,Telangana,1761.13,102
03-09-2023,Tomato,Karimnagar,Telangana,1575.94,113
03-09-2023,Potato,Khammam,Telangana,1793.18,160
03-09-2023,Tomato,Hyderabad,Telangana,1717.18,72
03-09-2023,Potato,Warangal,Telangana,1905.93,78
03-10-2022,Potato,Warangal,Telangana,1921.5,45
03-10-2022,Onion,Khammam,Telangana,1299.04,150
03-10-2022,Tomato,Karimnagar,Telangana,1701.38,117
03-10-2022,Tomato,Hyderabad,Telangana,1535.37,123
03-10-2022,Potato,Hyderabad,Telangana,1758.31,39
03-10-2022,Onion,Nizamabad,Telangana,1320.24,208
03-10-2022,Rice,Khammam,Telangana,2691.22,115
03-10-2022,Potato,Nizamabad,Telangana,1804.22,74
03-10-2022,Potato,Adilabad,Telangana,1640.71,114
03-10-2022,Tomato,Warangal,Telangana,1550.09,162
03-10-2022,Rice,Nizamabad,Telangana,2520.94,111
03-10-2022,Onion,Warangal,Telangana,1328.31,151
03-10-2022,Rice,Warangal,Telangana,2530.0,129
03-10-2022,Rice,Karimnagar,Telangana,2617.4,161
03-10-2022,Onion,Adilabad,Telangana,1476.75,89
03-10-2022,Rice,Adilabad,Telangana,2599.33,106
03-10-2022,Tomato,Adilabad,Telangana,1540.72,134
03-10-2022,Tomato,Khammam,Telangana,1598.08,120
03-10-2022,Potato,Khammam,Telangana,1787.65,88
03-10-2022,Rice,Hyderabad,Telangana,2488.83,177
03-10-2022,Onion,Karimnagar,Telangana,1211.58,194
03-10-2023,Rice,Adilabad,Telangana,2508.16,144
03-10-2023,Tomato,Hyderabad,Telangana,1531.75,125
03-10-2023,Rice,Nizamabad,Telangana,2375.29,120
03-10-2023,Potato,Adilabad,Telangana,1623.26,131
03-10-2023,Onion,Warangal,Telangana,1348.37,73
03-10-2023,Potato,Nizamabad,Telangana,1860.48,76
03-10-2023,Onion,Adilabad,Telangana,1201.03,186
03-10-2023,Potato,Warangal,Telangana,1785.95,95
03-10-2023,Tomato,Karimnagar,Telangana,1646.92,159
03-10-2023,Rice,Warangal,Telangana,2659.0,123
03-10-2023,Tomato,Khammam,Telangana,1582.15,107
03-10-2023,Tomato,Nizamabad,Telangana,1618.21,107
03-10-2023,Rice,Karimnagar,Telangana,2324.76,130
03-10-2023,Potato,Karimnagar,Telangana,1546.99,166
03-10-2023,Potato,Hyderabad,Telangana,1637.85,198
03-10-2023,Onion,Hyderabad,Telangana,1271.41,170
03-10-2023,Potato,Khammam,Telangana,1905.08,96
03-10-2023,Rice,Hyderabad,Telangana,2444.88,101
03-10-2023,Onion,Karimnagar,Telangana,1487.27,89
03-10-2023,Onion,Khammam,Telangana,1376.44,175
03-10-2023,Onion,Nizamabad,Telangana,1190.04,153
03-10-2023,Rice,Khammam,Telangana,2497.62,140
03-10-2023,Tomato,Adilabad,Telangana,1526.6,133
03-10-2023,Tomato,Warangal,Telangana,1480.89,168
03-11-2022,Tomato,Hyderabad,Telangana,1432.98,131
03-11-2022,Onion,Khammam,Telangana,1554.44,125
03-11-2022,Tomato,Warangal,Telangana,1569.94,75
03-11-2022,Potato,Warangal,Telangana,1667.02,130
03-11-2022,Onion,Nizamabad,Telangana,1223.78,143
03-11-2022,Onion,Adilabad,Telangana,1324.91,74
03-11-2022,Onion,Hyderabad,Telangana,1387.86,136
03-11-2022,Tomato,Nizamabad,Telangana,1707.34,127
03-11-2022,Rice,Warangal,Telangana,2794.31,102
03-11-2022,Potato,Nizamabad,Telangana,1666.46,63
03-11-2022,Potato,Adilabad,Telangana,1729.14,135
03-11-2022,Tomato,Khammam,Telangana,1530.24,126
03-11-2022,Potato,Hyderabad,Telangana,1665.38,103
03-11-2022,Potato,Khammam,Telangana,1825.16,192
03-11-2022,Potato,Karimnagar,Telangana,1715.62,149
03-11-2022,Rice,Nizamabad,Telangana,2610.92,159
03-11-2022,Rice,Karimnagar,Telangana,2598.02,161
03-11-2022,Rice,Khammam,Telangana,2553.31,141
03-11-2022,Onion,Karimnagar,Telangana,1455.74,156
03-11-2022,Rice,Hyderabad,Telangana,2930.34,63
03-11-2022,Rice,Adilabad,Telangana,2334.74,164
03-11-2022,Onion,Warangal,Telangana,1199.54,125
03-11-2023,Rice,Khammam,Telangana,2329.93,131
03-11-2023,Rice,Nizamabad,Telangana,2802.1,80
03-11-2023,Onion,Khammam,Telangana,1549.83,116
03-11-2023,Tomato,Nizamabad,Telangana,1536.94,57
03-11-2023,Tomato,Karimnagar,Telangana,1496.66,123
03-11-2023,Potato,Karimnagar,Telangana,1750.46,161
03-11-2023,Rice,Hyderabad,Telangana,2663.53,43
03-11-2023,Tomato,Warangal,Telangana,1525.7,116
03-11-2023,Potato,Warangal,Telangana,1863.05,111
03-11-2023,Tomato,Adilabad,Telangana,1527.86,93
03-11-2023,Rice,Adilabad,Telangana,2436.87,86
03-11-2023,Potato,Nizamabad,Telangana,1753.91,148
03-11-2023,Potato,Adilabad,Telangana,1612.99,180
03-11-2023,Potato,Hyderabad,Telangana,1721.9,167
03-11-2023,Rice,Karimnagar,Telangana,2517.41,88
03-11-2023,Tomato,Khammam,Telangana,1644.94,92
03-11-2023,Onion,Adilabad,Telangana,1467.37,95
03-11-2023,Tomato,Hyderabad,Telangana,1698.91,137
03-11-2023,Onion,Hyderabad,Telangana,1554.38,134
03-11-2023,Potato,Khammam,Telangana,1671.93,111
03-11-2023,Onion,Nizamabad,Telangana,1239.88,190
03-11-2023,Onion,Karimnagar,Telangana,1376.8,144
03-11-2023,Onion,Warangal,Telangana,1527.26,20
03-12-2022,Potato,Hyderabad,Telangana,1881.47,99
03-12-2022,Onion,Karimnagar,Telangana,1572.17,163
03-12-2022,Onion,Warangal,Telangana,1369.34,173
03-12-2022,Onion,Khammam,Telangana,1326.23,168
03-12-2022,Tomato,Nizamabad,Telangana,1704.58,127
03-12-2022,Rice,Nizamabad,Telangana,2520.41,164
03-12-2022,Potato,Khammam,Telangana,1983.19,127
03-12-2022,Tomato,Adilabad,Telangana,1556.11,78
03-12-2022,Potato,Warangal,Telangana,1852.8,59
03-12-2022,Onion,Adilabad,Telangana,1416.64,80
03-12-2022,Rice,Adilabad,Telangana,2789.75,68
03-12-2022,Potato,Karimnagar,Telangana,1776.59,130
03-12-2022,Rice,Warangal,Telangana,2904.46,71
03-12-2022,Tomato,Khammam,Telangana,1328.01,234
03-12-2022,Rice,Karimnagar,Telangana,2694.52,126
03-12-2022,Tomato,Warangal,Telangana,1562.53,88
03-12-2022,Onion,Hyderabad,Telangana,1538.86,73
03-12-2022,Rice,Hyderabad,Telangana,2630.29,71
03-12-2022,Tomato,Karimnagar,Telangana,1644.68,65
03-12-2022,Rice,Khammam,Telangana,2597.53,77
03-12-2022,Potato,Nizamabad,Telangana,1747.9,140
03-12-2022,Tomato,Hyderabad,Telangana,1647.68,106
03-12-2023,Potato,Warangal,Telangana,1974.71,101
03-12-2023,Rice,Warangal,Telangana,2642.14,162
03-12-2023,Tomato,Karimnagar,Telangana,1768.64,48
03-12-2023,Tomato,Adilabad,Telangana,1571.97,167
03-12-2023,Potato,Nizamabad,Telangana,1903.23,79
03-12-2023,Rice,Hyderabad,Telangana,2605.75,197
03-12-2023,Rice,Karimnagar,Telangana,2502.57,152
03-12-2023,Onion,Karimnagar,Telangana,1323.1,145
03-12-2023,Rice,Nizamabad,Telangana,2562.32,113
03-12-2023,Potato,Adilabad,Telangana,1756.09,92
03-12-2023,Potato,Hyderabad,Telangana,2001.49,110
03-12-2023,Onion,Khammam,Telangana,1501.43,88
03-12-2023,Onion,Adilabad,Telangana,1482.54,71
03-12-2023,Potato,Khammam,Telangana,1810.03,110
03-12-2023,Tomato,Hyderabad,Telangana,1656.53,167
03-12-2023,Rice,Khammam,Telangana,2735.67,106
03-12-2023,Tomato,Nizamabad,Telangana,2055.0,25
03-12-2023,Onion,Warangal,Telangana,1383.37,209
03-12-2023,Tomato,Khammam,Telangana,1508.54,223
03-12-2023,Rice,Adilabad,Telangana,2594.43,112
03-12-2023,Tomato,Warangal,Telangana,1801.72,128
03-12-2023,Onion,Hyderabad,Telangana,1628.03,67
03-12-2023,Onion,Nizamabad,Telangana,1560.91,69
03-12-2023,Potato,Karimnagar,Telangana,1971.68,80
04-01-2022,Onion,Warangal,Telangana,1643.75,131
04-01-2022,Rice,Nizamabad,Telangana,2615.31,105
04-01-2022,Rice,Warangal,Telangana,2861.62,69
04-01-2022,Potato,Hyderabad,Telangana,1942.11,155
04-01-2022,Onion,Hyderabad,Telangana,1616.9,96
04-01-2022,Tomato,Warangal,Telangana,1811.37,130
04-01-2022,Potato,Karimnagar,Telangana,1867.32,123
04-01-2022,Onion,Karimnagar,Telangana,1388.65,134
04-01-2022,Onion,Nizamabad,Telangana,1402.04,176
04-01-2022,Rice,Khammam,Telangana,2862.1,154
04-01-2022,Rice,Karimnagar,Telangana,2939.77,144
04-01-2022,Rice,Hyderabad,Telangana,2695.98,158
04-01-2022,Tomato,Nizamabad,Telangana,2032.36,58
04-01-2022,Potato,Warangal,Telangana,1933.13,140
04-01-2022,Potato,Adilabad,Telangana,2135.72,20
04-01-2022,Tomato,Karimnagar,Telangana,1964.16,88
04-01-2022,Onion,Khammam,Telangana,1590.43,51
04-01-2022,Rice,Adilabad,Telangana,2844.12,112
04-01-2022,Tomato,Hyderabad,Telangana,1736.42,183
04-01-2022,Potato,Khammam,Telangana,1679.17,159
04-01-2022,Tomato,Adilabad,Telangana,1905.92,111
04-01-2022,Tomato,Khammam,Telangana,1927.08,131
04-01-2023,Onion,Warangal,Telangana,1514.3,112
04-01-2023,Rice,Khammam,Telangana,3014.2,105
04-01-2023,Rice,Karimnagar,Telangana,2982.45,83
04-01-2023,Onion,Karimnagar,Telangana,1707.28,98
04-01-2023,Potato,Nizamabad,Telangana,2181.81,114
04-01-2023,Tomato,Khammam,Telangana,2238.58,31
04-01-2023,Onion,Nizamabad,Telangana,1904.38,102
04-01-2023,Potato,Khammam,Telangana,1769.13,234
04-01-2023,Tomato,Hyderabad,Telangana,1868.25,130
04-01-2023,Tomato,Adilabad,Telangana,1678.73,136
04-01-2023,Onion,Hyderabad,Telangana,1468.76,182
04-01-2023,Onion,Adilabad,Telangana,1519.33,111
04-01-2023,Rice,Warangal,Telangana,2348.08,136
04-01-2023,Tomato,Nizamabad,Telangana,1615.78,163
04-01-2023,Tomato,Warangal,Telangana,1802.54,159
04-01-2023,Rice,Nizamabad,Telangana,2669.13,134
04-01-2023,Rice,Hyderabad,Telangana,2766.11,150
04-01-2023,Rice,Adilabad,Telangana,2666.07,159
04-01-2023,Potato,Adilabad,Telangana,1921.2,160
04-01-2023,Potato,Warangal,Telangana,2028.79,143
04-01-2023,Potato,Karimnagar,Telangana,2084.44,121
04-01-2023,Tomato,Karimnagar,Telangana,1964.71,53
04-01-2023,Onion,Khammam,Telangana,1250.83,134
04-01-2023,Potato,Hyderabad,Telangana,1823.95,197
04-01-2024,Rice,Adilabad,Telangana,2369.46,201
04-01-2024,Potato,Karimnagar,Telangana,2191.03,67
04-01-2024,Potato,Adilabad,Telangana,2013.33,88
04-01-2024,Onion,Adilabad,Telangana,1530.98,185
04-01-2024,Rice,Karimnagar,Telangana,2731.82,164
04-01-2024,Tomato,Khammam,Telangana,1767.92,80
04-01-2024,Potato,Hyderabad,Telangana,1920.41,128
04-01-2024,Onion,Warangal,Telangana,1405.05,146
04-01-2024,Rice,Khammam,Telangana,2698.81,120
04-01-2024,Onion,Karimnagar,Telangana,1565.03,128
04-01-2024,Tomato,Karimnagar,Telangana,1961.23,121
04-01-2024,Onion,Nizamabad,Telangana,1636.34,167
04-01-2024,Onion,Khammam,Telangana,1610.64,157
04-01-2024,Tomato,Nizamabad,Telangana,1587.6,163
04-01-2024,Rice,Warangal,Telangana,2848.09,56
04-01-2024,Tomato,Hyderabad,Telangana,1685.68,186
04-01-2024,Rice,Hyderabad,Telangana,2714.71,139
04-01-2024,Potato,Nizamabad,Telangana,1804.55,185
04-01-2024,Potato,Khammam,Telangana,1808.43,101
04-01-2024,Tomato,Warangal,Telangana,1796.96,84
04-01-2024,Rice,Nizamabad,Telangana,2816.03,112
04-01-2024,Potato,Warangal,Telangana,2005.47,103
04-01-2024,Onion,Hyderabad,Telangana,1695.87,95
04-02-2022,Rice,Warangal,Telangana,2816.65,133
04-02-2022,Rice,Nizamabad,Telangana,2784.2,109
04-02-2022,Potato,Adilabad,Telangana,2208.42,70
04-02-2022,Potato,Nizamabad,Telangana,2200.04,20
04-02-2022,Tomato,Hyderabad,Telangana,1765.07,134
04-02-2022,Rice,Hyderabad,Telangana,2682.12,147
04-02-2022,Rice,Karimnagar,Telangana,2989.02,115
04-02-2022,Tomato,Karimnagar,Telangana,1923.13,114
04-02-2022,Onion,Warangal,Telangana,1435.81,140
04-02-2022,Rice,Adilabad,Telangana,3012.69,178
04-02-2022,Potato,Hyderabad,Telangana,2002.96,117
04-02-2022,Onion,Khammam,Telangana,1639.44,125
04-02-2022,Rice,Khammam,Telangana,2951.2,133
04-02-2022,Tomato,Adilabad,Telangana,1839.47,179
04-02-2022,Tomato,Khammam,Telangana,1756.37,127
04-02-2022,Onion,Hyderabad,Telangana,1799.9,91
04-02-2022,Onion,Karimnagar,Telangana,1796.98,46
04-02-2022,Onion,Adilabad,Telangana,1523.43,158
04-02-2022,Onion,Nizamabad,Telangana,1574.83,108
04-02-2022,Potato,Warangal,Telangana,2058.58,159
04-02-2022,Potato,Karimnagar,Telangana,1944.69,146
04-02-2022,Tomato,Warangal,Telangana,1909.19,76
04-02-2022,Tomato,Nizamabad,Telangana,1913.46,106
04-02-2023,Tomato,Adilabad,Telangana,1738.52,115
04-02-2023,Onion,Karimnagar,Telangana,1684.41,187
04-02-2023,Onion,Warangal,Telangana,1859.35,96
04-02-2023,Tomato,Hyderabad,Telangana,1872.06,121
04-02-2023,Rice,Hyderabad,Telangana,2824.58,165
04-02-2023,Tomato,Khammam,Telangana,1987.82,186
04-02-2023,Rice,Warangal,Telangana,2896.63,67
04-02-2023,Tomato,Warangal,Telangana,1715.46,168
04-02-2023,Potato,Hyderabad,Telangana,1852.62,102
04-02-2023,Onion,Khammam,Telangana,1965.62,53
04-02-2023,Rice,Karimnagar,Telangana,2946.79,171
04-02-2023,Potato,Adilabad,Telangana,2188.2,156
04-02-2023,Rice,Nizamabad,Telangana,2851.88,140
04-02-2023,Onion,Hyderabad,Telangana,1704.03,96
04-02-2023,Rice,Adilabad,Telangana,2715.06,140
04-02-2023,Potato,Nizamabad,Telangana,1914.0,107
04-02-2023,Potato,Khammam,Telangana,2033.33,86
04-02-2023,Onion,Nizamabad,Telangana,1645.88,150
04-02-2023,Potato,Warangal,Telangana,2104.68,56
04-02-2023,Onion,Adilabad,Telangana,1703.61,110
04-02-2023,Tomato,Karimnagar,Telangana,1897.62,163
04-02-2023,Rice,Khammam,Telangana,2685.89,152
04-02-2023,Tomato,Nizamabad,Telangana,1851.5,108
04-02-2024,Onion,Nizamabad,Telangana,1650.2,121
04-02-2024,Onion,Khammam,Telangana,1827.67,77
04-02-2024,Potato,Hyderabad,Telangana,2166.78,103
04-02-2024,Tomato,Hyderabad,Telangana,1776.13,100
04-02-2024,Rice,Karimnagar,Telangana,2781.32,135
04-02-2024,Tomato,Karimnagar,Telangana,1872.23,125
04-02-2024,Rice,Khammam,Telangana,2943.18,139
04-02-2024,Tomato,Warangal,Telangana,2058.66,76
04-02-2024,Tomato,Adilabad,Telangana,1784.18,165
04-02-2024,Rice,Nizamabad,Telangana,3080.05,67
04-02-2024,Tomato,Nizamabad,Telangana,1747.53,117
04-02-2024,Rice,Warangal,Telangana,2874.08,119
04-02-2024,Onion,Karimnagar,Telangana,1611.43,113
04-02-2024,Rice,Adilabad,Telangana,2980.81,166
04-02-2024,Onion,Hyderabad,Telangana,1691.9,105
04-02-2024,Potato,Karimnagar,Telangana,1976.27,107
04-02-2024,Potato,Warangal,Telangana,2127.78,117
04-02-2024,Tomato,Khammam,Telangana,1810.5,136
04-02-2024,Potato,Adilabad,Telangana,2339.83,71
04-02-2024,Potato,Khammam,Telangana,2047.07,102
04-02-2024,Potato,Nizamabad,Telangana,2088.13,84
04-02-2024,Onion,Warangal,Telangana,1410.97,131
04-02-2024,Onion,Adilabad,Telangana,1747.8,25
04-03-2022,Rice,Khammam,Telangana,2933.96,142
04-03-2022,Potato,Nizamabad,Telangana,1923.2,82
04-03-2022,Tomato,Adilabad,Telangana,1894.91,144
04-03-2022,Rice,Adilabad,Telangana,2921.2,167
04-03-2022,Onion,Khammam,Telangana,1692.21,188
04-03-2022,Potato,Hyderabad,Telangana,1913.33,165
04-03-2022,Tomato,Nizamabad,Telangana,1931.78,85
04-03-2022,Onion,Warangal,Telangana,1800.61,147
04-03-2022,Onion,Karimnagar,Telangana,1799.37,168
04-03-2022,Onion,Adilabad,Telangana,1744.78,160
04-03-2022,Rice,Hyderabad,Telangana,2993.58,102
04-03-2022,Rice,Nizamabad,Telangana,2980.19,52
04-03-2022,Potato,Warangal,Telangana,2174.84,136
04-03-2022,Tomato,Hyderabad,Telangana,2152.03,143
04-03-2022,Rice,Karimnagar,Telangana,3133.26,69
04-03-2022,Potato,Karimnagar,Telangana,2037.35,124
04-03-2022,Onion,Hyderabad,Telangana,1602.77,121
04-03-2022,Tomato,Warangal,Telangana,1660.85,202
04-03-2022,Potato,Adilabad,Telangana,2142.33,104
04-03-2022,Tomato,Khammam,Telangana,1984.09,138
04-03-2022,Potato,Khammam,Telangana,2197.89,148
04-03-2022,Tomato,Karimnagar,Telangana,2055.11,95
04-03-2023,Rice,Nizamabad,Telangana,2770.89,205
04-03-2023,Rice,Adilabad,Telangana,3077.31,117
04-03-2023,Onion,Karimnagar,Telangana,1753.86,95
04-03-2023,Potato,Khammam,Telangana,2126.26,150
04-03-2023,Rice,Hyderabad,Telangana,2894.87,134
04-03-2023,Potato,Hyderabad,Telangana,2521.99,59
04-03-2023,Onion,Khammam,Telangana,2026.9,97
04-03-2023,Tomato,Adilabad,Telangana,2052.18,97
04-03-2023,Tomato,Karimnagar,Telangana,1869.83,170
04-03-2023,Potato,Warangal,Telangana,2084.04,121
04-03-2023,Onion,Nizamabad,Telangana,1919.91,144
04-03-2023,Tomato,Khammam,Telangana,2035.15,98
04-03-2023,Onion,Hyderabad,Telangana,1822.38,35
04-03-2023,Potato,Adilabad,Telangana,2356.16,86
04-03-2023,Potato,Nizamabad,Telangana,2249.03,93
04-03-2023,Onion,Adilabad,Telangana,1535.77,123
04-03-2023,Tomato,Hyderabad,Telangana,1754.69,176
04-03-2023,Onion,Warangal,Telangana,1821.32,86
04-03-2023,Potato,Karimnagar,Telangana,2033.92,178
04-03-2023,Tomato,Warangal,Telangana,2091.72,93
04-03-2023,Tomato,Nizamabad,Telangana,1702.54,104
04-03-2023,Rice,Warangal,Telangana,2932.96,109
04-03-2024,Potato,Karimnagar,Telangana,2258.91,104
04-03-2024,Rice,Khammam,Telangana,3211.5,73
04-03-2024,Onion,Nizamabad,Telangana,1753.46,131
04-03-2024,Potato,Adilabad,Telangana,2096.21,208
04-03-2024,Onion,Hyderabad,Telangana,1596.0,106
04-03-2024,Potato,Warangal,Telangana,2017.7,190
04-03-2024,Potato,Khammam,Telangana,2040.68,150
04-03-2024,Tomato,Nizamabad,Telangana,2301.74,63
04-03-2024,Rice,Warangal,Telangana,2938.61,112
04-03-2024,Rice,Nizamabad,Telangana,2983.77,53
04-03-2024,Potato,Nizamabad,Telangana,1946.88,170
04-03-2024,Tomato,Khammam,Telangana,1850.93,145
04-03-2024,Rice,Hyderabad,Telangana,2855.86,128
04-03-2024,Onion,Karimnagar,Telangana,1660.15,85
04-03-2024,Tomato,Adilabad,Telangana,1909.41,153
04-03-2024,Rice,Adilabad,Telangana,2933.68,60
04-03-2024,Tomato,Warangal,Telangana,2012.19,87
04-03-2024,Rice,Karimnagar,Telangana,2676.61,124
04-03-2024,Onion,Adilabad,Telangana,1872.93,135
04-03-2024,Onion,Warangal,Telangana,1681.46,137
04-03-2024,Onion,Khammam,Telangana,1738.74,73
04-03-2024,Tomato,Karimnagar,Telangana,1992.47,105
04-04-2022,Tomato,Khammam,Telangana,2023.63,107
04-04-2022,Potato,Adilabad,Telangana,2065.61,147
04-04-2022,Potato,Karimnagar,Telangana,2118.75,139
04-04-2022,Onion,Karimnagar,Telangana,1610.79,166
04-04-2022,Tomato,Hyderabad,Telangana,1915.17,138
04-04-2022,Rice,Karimnagar,Telangana,3201.79,66
04-04-2022,Rice,Hyderabad,Telangana,3064.79,95
04-04-2022,Potato,Nizamabad,Telangana,2155.8,114
04-04-2022,Tomato,Karimnagar,Telangana,1829.68,132
04-04-2022,Onion,Khammam,Telangana,1727.97,152
04-04-2022,Potato,Warangal,Telangana,2139.13,128
04-04-2022,Potato,Khammam,Telangana,2211.97,81
04-04-2022,Rice,Warangal,Telangana,2765.5,149
04-04-2022,Tomato,Adilabad,Telangana,2144.91,51
04-04-2022,Rice,Nizamabad,Telangana,3384.06,53
04-04-2022,Onion,Hyderabad,Telangana,1606.46,186
04-04-2022,Onion,Adilabad,Telangana,1768.22,75
04-04-2022,Tomato,Nizamabad,Telangana,1683.21,94
04-04-2022,Rice,Adilabad,Telangana,2780.31,153
04-04-2022,Onion,Nizamabad,Telangana,1753.72,132
04-04-2022,Tomato,Warangal,Telangana,1963.85,149
04-04-2022,Rice,Khammam,Telangana,3155.17,90
04-04-2022,Onion,Warangal,Telangana,1501.79,127
04-04-2023,Onion,Hyderabad,Telangana,1643.71,134
04-04-2023,Potato,Khammam,Telangana,2041.21,179
04-04-2023,Rice,Khammam,Telangana,3061.05,136
04-04-2023,Onion,Nizamabad,Telangana,1896.27,89
04-04-2023,Onion,Karimnagar,Telangana,1610.35,180
04-04-2023,Onion,Warangal,Telangana,1664.13,138
04-04-2023,Tomato,Hyderabad,Telangana,1934.3,144
04-04-2023,Tomato,Warangal,Telangana,2016.14,145
04-04-2023,Tomato,Karimnagar,Telangana,2035.2,103
04-04-2023,Onion,Adilabad,Telangana,1859.22,20
04-04-2023,Rice,Hyderabad,Telangana,2750.89,164
04-04-2023,Potato,Warangal,Telangana,2116.5,102
04-04-2023,Potato,Nizamabad,Telangana,2162.39,159
04-04-2023,Potato,Karimnagar,Telangana,1942.89,113
04-04-2023,Potato,Hyderabad,Telangana,2136.07,134
04-04-2023,Potato,Adilabad,Telangana,2052.91,121
04-04-2023,Rice,Warangal,Telangana,2942.41,147
04-04-2023,Tomato,Khammam,Telangana,2082.59,79
04-04-2023,Onion,Khammam,Telangana,1711.61,143
04-04-2023,Rice,Nizamabad,Telangana,2959.96,96
04-04-2023,Tomato,Adilabad,Telangana,1791.26,172
04-04-2023,Rice,Adilabad,Telangana,3215.13,106
04-04-2023,Tomato,Nizamabad,Telangana,1712.44,212
04-04-2024,Tomato,Khammam,Telangana,2080.07,100
04-04-2024,Potato,Nizamabad,Telangana,2163.72,124
04-04-2024,Onion,Hyderabad,Telangana,1722.53,132
04-04-2024,Potato,Khammam,Telangana,2072.29,103
04-04-2024,Onion,Karimnagar,Telangana,1525.62,146
04-04-2024,Tomato,Karimnagar,Telangana,1946.64,152
04-04-2024,Tomato,Hyderabad,Telangana,2176.52,167
04-04-2024,Tomato,Nizamabad,Telangana,1923.41,69
04-04-2024,Potato,Hyderabad,Telangana,2008.93,135
04-04-2024,Rice,Khammam,Telangana,2648.9,215
04-04-2024,Tomato,Adilabad,Telangana,1806.48,105
04-04-2024,Potato,Karimnagar,Telangana,2361.69,87
04-04-2024,Onion,Warangal,Telangana,1816.9,139
04-04-2024,Potato,Adilabad,Telangana,2281.41,122
04-04-2024,Rice,Hyderabad,Telangana,3012.73,137
04-04-2024,Rice,Nizamabad,Telangana,2923.44,129
04-04-2024,Rice,Karimnagar,Telangana,3063.03,130
04-04-2024,Rice,Adilabad,Telangana,3101.79,118
04-04-2024,Potato,Warangal,Telangana,2105.33,139
04-04-2024,Tomato,Warangal,Telangana,1942.14,104
04-04-2024,Onion,Adilabad,Telangana,1701.59,131
04-04-2024,Onion,Khammam,Telangana,1629.71,151
04-05-2022,Rice,Nizamabad,Telangana,2788.34,141
04-05-2022,Potato,Hyderabad,Telangana,2134.95,121
04-05-2022,Onion,Karimnagar,Telangana,1538.26,161
04-05-2022,Tomato,Warangal,Telangana,1929.75,120
04-05-2022,Potato,Warangal,Telangana,2092.4,112
04-05-2022,Onion,Nizamabad,Telangana,1678.95,141
04-05-2022,Potato,Adilabad,Telangana,2265.02,91
04-05-2022,Tomato,Karimnagar,Telangana,1789.31,163
04-05-2022,Onion,Warangal,Telangana,1446.42,192
04-05-2022,Onion,Adilabad,Telangana,1690.69,91
04-05-2022,Tomato,Nizamabad,Telangana,2169.05,95
04-05-2022,Tomato,Khammam,Telangana,1810.79,151
04-05-2022,Rice,Hyderabad,Telangana,2866.8,118
04-05-2022,Rice,Warangal,Telangana,2853.97,106
04-05-2022,Potato,Karimnagar,Telangana,2425.81,122
04-05-2022,Rice,Karimnagar,Telangana,2854.46,112
04-05-2022,Onion,Khammam,Telangana,1712.68,83
04-05-2022,Onion,Hyderabad,Telangana,1544.3,178
04-05-2022,Tomato,Adilabad,Telangana,1781.93,135
04-05-2022,Tomato,Hyderabad,Telangana,1890.46,101
04-05-2022,Rice,Adilabad,Telangana,2840.13,145
04-05-2022,Potato,Khammam,Telangana,2066.28,160
04-05-2022,Rice,Khammam,Telangana,3130.02,126
04-05-2023,Rice,Khammam,Telangana,3006.26,162
04-05-2023,Tomato,Khammam,Telangana,1986.26,184
04-05-2023,Potato,Adilabad,Telangana,2096.56,27
04-05-2023,Onion,Karimnagar,Telangana,1776.8,166
04-05-2023,Onion,Nizamabad,Telangana,1459.86,109
04-05-2023,Tomato,Hyderabad,Telangana,1678.0,101
04-05-2023,Potato,Nizamabad,Telangana,1968.55,155
04-05-2023,Potato,Karimnagar,Telangana,1868.19,188
04-05-2023,Potato,Warangal,Telangana,2016.55,123
04-05-2023,Rice,Adilabad,Telangana,3106.14,116
04-05-2023,Onion,Warangal,Telangana,1658.53,186
04-05-2023,Onion,Adilabad,Telangana,1383.82,125
04-05-2023,Potato,Khammam,Telangana,2237.29,61
04-05-2023,Tomato,Nizamabad,Telangana,1910.61,134
04-05-2023,Rice,Karimnagar,Telangana,2868.76,157
04-05-2023,Onion,Hyderabad,Telangana,1838.46,62
04-05-2023,Rice,Nizamabad,Telangana,2999.64,180
04-05-2023,Tomato,Karimnagar,Telangana,2245.33,72
04-05-2023,Rice,Hyderabad,Telangana,2913.22,150
04-05-2023,Rice,Warangal,Telangana,2666.51,158
04-05-2023,Potato,Hyderabad,Telangana,2170.4,85
04-05-2023,Tomato,Adilabad,Telangana,1690.75,186
04-05-2023,Onion,Khammam,Telangana,1875.1,129
04-05-2023,Tomato,Warangal,Telangana,1923.88,109
04-05-2024,Tomato,Adilabad,Telangana,1878.5,112
04-05-2024,Rice,Hyderabad,Telangana,2925.51,108
04-05-2024,Onion,Adilabad,Telangana,1571.24,160
04-05-2024,Tomato,Khammam,Telangana,1967.19,142
04-05-2024,Tomato,Nizamabad,Telangana,2161.5,25
04-05-2024,Potato,Hyderabad,Telangana,1991.25,85
04-05-2024,Rice,Karimnagar,Telangana,2858.02,145
04-05-2024,Onion,Nizamabad,Telangana,1778.44,148
04-05-2024,Potato,Nizamabad,Telangana,2345.92,114
04-05-2024,Potato,Adilabad,Telangana,2197.82,150
04-05-2024,Rice,Adilabad,Telangana,3114.4,154
04-05-2024,Tomato,Warangal,Telangana,1825.02,140
04-05-2024,Rice,Khammam,Telangana,2904.85,161
04-05-2024,Potato,Warangal,Telangana,2008.83,216
04-05-2024,Rice,Warangal,Telangana,2984.78,95
04-05-2024,Potato,Karimnagar,Telangana,2211.52,119
04-05-2024,Rice,Nizamabad,Telangana,2945.15,154
04-05-2024,Onion,Warangal,Telangana,1800.57,85
04-05-2024,Onion,Karimnagar,Telangana,1779.36,96
04-05-2024,Onion,Khammam,Telangana,1742.24,127
04-05-2024,Tomato,Karimnagar,Telangana,1873.6,89
04-06-2022,Potato,Warangal,Telangana,2142.71,90
04-06-2022,Onion,Khammam,Telangana,1588.02,162
04-06-2022,Potato,Karimnagar,Telangana,2024.22,98
04-06-2022,Onion,Adilabad,Telangana,1499.48,170
04-06-2022,Onion,Warangal,Telangana,1609.3,145
04-06-2022,Potato,Adilabad,Telangana,1918.56,98
04-06-2022,Rice,Hyderabad,Telangana,3006.92,92
04-06-2022,Rice,Warangal,Telangana,2835.99,125
04-06-2022,Rice,Adilabad,Telangana,2740.01,146
04-06-2022,Rice,Karimnagar,Telangana,2796.77,81
04-06-2022,Rice,Khammam,Telangana,2735.23,86
04-06-2022,Potato,Nizamabad,Telangana,2110.57,123
04-06-2022,Tomato,Karimnagar,Telangana,1719.82,143
04-06-2022,Onion,Hyderabad,Telangana,1509.49,112
04-06-2022,Rice,Nizamabad,Telangana,2775.84,81
04-06-2022,Onion,Karimnagar,Telangana,1584.84,154
04-06-2022,Onion,Nizamabad,Telangana,1646.6,132
04-06-2022,Potato,Khammam,Telangana,1682.91,196
04-06-2022,Tomato,Adilabad,Telangana,1962.12,128
04-06-2022,Tomato,Khammam,Telangana,1860.35,87
04-06-2022,Tomato,Warangal,Telangana,1954.61,106
04-06-2022,Tomato,Nizamabad,Telangana,2144.08,89
04-06-2022,Tomato,Hyderabad,Telangana,1787.97,141
04-06-2023,Onion,Hyderabad,Telangana,1516.77,195
04-06-2023,Tomato,Hyderabad,Telangana,1963.88,128
04-06-2023,Potato,Karimnagar,Telangana,1919.85,191
04-06-2023,Tomato,Khammam,Telangana,1610.44,184
04-06-2023,Onion,Khammam,Telangana,1785.7,122
04-06-2023,Potato,Hyderabad,Telangana,2281.08,86
04-06-2023,Onion,Karimnagar,Telangana,1844.79,124
04-06-2023,Rice,Karimnagar,Telangana,2964.01,78
04-06-2023,Tomato,Adilabad,Telangana,2044.51,144
04-06-2023,Onion,Nizamabad,Telangana,1913.01,98
04-06-2023,Potato,Adilabad,Telangana,2106.28,106
04-06-2023,Tomato,Karimnagar,Telangana,1676.35,39
04-06-2023,Rice,Adilabad,Telangana,2574.11,142
04-06-2023,Rice,Nizamabad,Telangana,2982.53,129
04-06-2023,Rice,Warangal,Telangana,2807.94,116
04-06-2023,Rice,Hyderabad,Telangana,2710.7,129
04-06-2023,Tomato,Nizamabad,Telangana,1877.57,140
04-06-2023,Tomato,Warangal,Telangana,1659.15,208
04-06-2023,Onion,Adilabad,Telangana,1700.81,85
04-06-2023,Potato,Khammam,Telangana,2038.02,152
04-06-2023,Potato,Nizamabad,Telangana,1963.11,118
04-06-2023,Rice,Khammam,Telangana,2917.32,114
04-06-2024,Potato,Hyderabad,Telangana,1903.0,173
04-06-2024,Potato,Nizamabad,Telangana,1964.95,184
04-06-2024,Onion,Nizamabad,Telangana,1527.28,124
04-06-2024,Rice,Adilabad,Telangana,2614.12,180
04-06-2024,Potato,Khammam,Telangana,2123.42,111
04-06-2024,Onion,Hyderabad,Telangana,1769.24,77
04-06-2024,Onion,Adilabad,Telangana,1754.74,122
04-06-2024,Rice,Karimnagar,Telangana,2871.03,47
04-06-2024,Onion,Khammam,Telangana,1675.47,73
04-06-2024,Tomato,Adilabad,Telangana,1942.58,169
04-06-2024,Onion,Warangal,Telangana,1618.93,90
04-06-2024,Tomato,Hyderabad,Telangana,2052.59,121
04-06-2024,Rice,Warangal,Telangana,2794.91,124
04-06-2024,Tomato,Khammam,Telangana,2060.72,104
04-06-2024,Onion,Karimnagar,Telangana,1800.13,76
04-06-2024,Rice,Khammam,Telangana,2922.05,110
04-06-2024,Tomato,Warangal,Telangana,2032.62,108
04-06-2024,Rice,Hyderabad,Telangana,2945.92,119
04-06-2024,Tomato,Nizamabad,Telangana,1861.57,100
04-06-2024,Potato,Karimnagar,Telangana,2189.57,80
04-06-2024,Rice,Nizamabad,Telangana,2735.22,184
04-06-2024,Potato,Warangal,Telangana,2121.97,131
04-06-2024,Potato,Adilabad,Telangana,2068.23,225
04-06-2024,Tomato,Karimnagar,Telangana,1816.11,70
04-07-2022,Rice,Hyderabad,Telangana,2777.64,77
04-07-2022,Rice,Nizamabad,Telangana,2504.42,173
04-07-2022,Rice,Khammam,Telangana,2745.35,144
04-07-2022,Tomato,Nizamabad,Telangana,1544.03,128
04-07-2022,Potato,Hyderabad,Telangana,1965.62,96
04-07-2022,Potato,Karimnagar,Telangana,1753.37,124
04-07-2022,Rice,Warangal,Telangana,2791.04,96
04-07-2022,Tomato,Karimnagar,Telangana,1749.71,200
04-07-2022,Potato,Adilabad,Telangana,1911.84,95
04-07-2022,Tomato,Khammam,Telangana,1590.79,167
04-07-2022,Onion,Adilabad,Telangana,1561.09,122
04-07-2022,Tomato,Adilabad,Telangana,1721.15,159
04-07-2022,Onion,Hyderabad,Telangana,1551.28,115
04-07-2022,Tomato,Hyderabad,Telangana,1656.08,123
04-07-2022,Onion,Warangal,Telangana,1563.77,130
04-07-2022,Potato,Warangal,Telangana,1921.59,66
04-07-2022,Potato,Nizamabad,Telangana,1859.76,178
04-07-2022,Tomato,Warangal,Telangana,1830.8,110
04-07-2022,Rice,Adilabad,Telangana,2687.69,171
04-07-2022,Onion,Nizamabad,Telangana,1707.42,145
04-07-2022,Onion,Karimnagar,Telangana,1645.0,26
04-07-2022,Potato,Khammam,Telangana,1931.76,123
04-07-2022,Rice,Karimnagar,Telangana,2858.24,176
04-07-2023,Tomato,Nizamabad,Telangana,1717.87,117
04-07-2023,Potato,Nizamabad,Telangana,1835.29,115
04-07-2023,Rice,Hyderabad,Telangana,2819.65,104
04-07-2023,Onion,Adilabad,Telangana,1293.39,169
04-07-2023,Potato,Khammam,Telangana,1987.8,90
04-07-2023,Potato,Karimnagar,Telangana,1946.37,101
04-07-2023,Onion,Nizamabad,Telangana,1830.55,75
04-07-2023,Tomato,Karimnagar,Telangana,1688.54,125
04-07-2023,Rice,Karimnagar,Telangana,2960.56,100
04-07-2023,Potato,Hyderabad,Telangana,1895.95,158
04-07-2023,Tomato,Hyderabad,Telangana,1724.41,156
04-07-2023,Tomato,Warangal,Telangana,1813.32,108
04-07-2023,Onion,Khammam,Telangana,1525.06,140
04-07-2023,Potato,Adilabad,Telangana,2020.49,124
04-07-2023,Tomato,Khammam,Telangana,1894.76,112
04-07-2023,Rice,Nizamabad,Telangana,2605.27,162
04-07-2023,Onion,Karimnagar,Telangana,1448.15,164
04-07-2023,Onion,Warangal,Telangana,1684.98,81
04-07-2023,Tomato,Adilabad,Telangana,1718.86,103
04-07-2023,Rice,Khammam,Telangana,2755.49,125
04-07-2023,Rice,Adilabad,Telangana,2605.0,169
04-08-2022,Tomato,Karimnagar,Telangana,1415.91,154
04-08-2022,Rice,Hyderabad,Telangana,2641.74,99
04-08-2022,Tomato,Hyderabad,Telangana,1505.15,72
04-08-2022,Onion,Hyderabad,Telangana,1359.15,132
04-08-2022,Rice,Adilabad,Telangana,2835.16,20
04-08-2022,Potato,Khammam,Telangana,1886.85,87
04-08-2022,Rice,Karimnagar,Telangana,2985.76,124
04-08-2022,Rice,Khammam,Telangana,2314.4,191
04-08-2022,Tomato,Nizamabad,Telangana,1659.5,110
04-08-2022,Rice,Warangal,Telangana,2801.05,122
04-08-2022,Onion,Warangal,Telangana,1345.14,140
04-08-2022,Onion,Nizamabad,Telangana,1465.22,131
04-08-2022,Onion,Karimnagar,Telangana,1324.14,145
04-08-2022,Potato,Hyderabad,Telangana,2185.8,50
04-08-2022,Tomato,Khammam,Telangana,1467.45,162
04-08-2022,Tomato,Adilabad,Telangana,1486.25,154
04-08-2022,Potato,Warangal,Telangana,1876.46,128
04-08-2022,Potato,Adilabad,Telangana,1849.65,192
04-08-2022,Potato,Karimnagar,Telangana,1735.66,173
04-08-2022,Tomato,Warangal,Telangana,1804.73,92
04-08-2022,Potato,Nizamabad,Telangana,1966.79,69
04-08-2022,Onion,Khammam,Telangana,1569.08,119
04-08-2022,Onion,Adilabad,Telangana,1306.13,116
04-08-2023,Potato,Warangal,Telangana,1771.64,139
04-08-2023,Rice,Nizamabad,Telangana,2633.47,126
04-08-2023,Onion,Warangal,Telangana,1342.76,196
04-08-2023,Rice,Khammam,Telangana,2716.52,74
04-08-2023,Onion,Karimnagar,Telangana,1639.67,20
04-08-2023,Tomato,Hyderabad,Telangana,2128.77,20
04-08-2023,Tomato,Nizamabad,Telangana,1841.39,107
04-08-2023,Rice,Karimnagar,Telangana,2649.36,179
04-08-2023,Tomato,Adilabad,Telangana,1753.6,60
04-08-2023,Onion,Hyderabad,Telangana,1458.36,120
04-08-2023,Tomato,Khammam,Telangana,1632.69,146
04-08-2023,Tomato,Warangal,Telangana,1646.82,87
04-08-2023,Potato,Hyderabad,Telangana,1649.52,161
04-08-2023,Potato,Adilabad,Telangana,1760.16,130
04-08-2023,Tomato,Karimnagar,Telangana,1836.11,69
04-08-2023,Potato,Karimnagar,Telangana,1967.61,106
04-08-2023,Rice,Hyderabad,Telangana,2480.0,154
04-08-2023,Onion,Adilabad,Telangana,1460.07,100
04-08-2023,Potato,Khammam,Telangana,1585.53,161
04-08-2023,Potato,Nizamabad,Telangana,2058.42,71
04-08-2023,Rice,Adilabad,Telangana,2494.82,165
04-09-2022,Potato,Karimnagar,Telangana,1835.56,96
04-09-2022,Onion,Khammam,Telangana,1224.03,121
04-09-2022,Onion,Adilabad,Telangana,1341.74,161
04-09-2022,Tomato,Warangal,Telangana,1479.4,123
04-09-2022,Onion,Nizamabad,Telangana,1340.93,122
04-09-2022,Tomato,Karimnagar,Telangana,1618.98,115
04-09-2022,Rice,Adilabad,Telangana,2765.16,105
04-09-2022,Tomato,Hyderabad,Telangana,1473.03,123
04-09-2022,Rice,Warangal,Telangana,2513.74,145
04-09-2022,Rice,Nizamabad,Telangana,2617.88,121
04-09-2022,Potato,Warangal,Telangana,1647.85,160
04-09-2022,Tomato,Khammam,Telangana,1445.17,179
04-09-2022,Tomato,Adilabad,Telangana,1665.48,102
04-09-2022,Potato,Khammam,Telangana,1780.21,175
04-09-2022,Rice,Hyderabad,Telangana,2823.21,69
04-09-2022,Potato,Adilabad,Telangana,1916.32,149
04-09-2022,Onion,Karimnagar,Telangana,1143.81,142
04-09-2022,Rice,Khammam,Telangana,2775.9,95
04-09-2022,Rice,Karimnagar,Telangana,2494.33,166
04-09-2022,Tomato,Nizamabad,Telangana,1511.95,64
04-09-2022,Onion,Hyderabad,Telangana,1508.48,167
04-09-2023,Potato,Khammam,Telangana,1757.78,107
04-09-2023,Rice,Khammam,Telangana,2394.74,168
04-09-2023,Onion,Hyderabad,Telangana,1479.29,141
04-09-2023,Rice,Adilabad,Telangana,2532.1,194
04-09-2023,Onion,Warangal,Telangana,1477.2,118
04-09-2023,Potato,Adilabad,Telangana,1623.22,148
04-09-2023,Rice,Karimnagar,Telangana,2682.68,100
04-09-2023,Tomato,Nizamabad,Telangana,1549.69,134
04-09-2023,Rice,Nizamabad,Telangana,2590.49,125
04-09-2023,Onion,Khammam,Telangana,1442.57,142
04-09-2023,Onion,Karimnagar,Telangana,1395.94,115
04-09-2023,Potato,Warangal,Telangana,1734.16,167
04-09-2023,Rice,Warangal,Telangana,2673.47,108
04-09-2023,Tomato,Adilabad,Telangana,1800.03,37
04-09-2023,Rice,Hyderabad,Telangana,2612.88,36
04-09-2023,Tomato,Khammam,Telangana,1526.14,96
04-09-2023,Tomato,Karimnagar,Telangana,1648.7,86
04-09-2023,Potato,Nizamabad,Telangana,1964.81,85
04-09-2023,Potato,Karimnagar,Telangana,1564.14,137
04-09-2023,Tomato,Warangal,Telangana,1754.86,103
04-09-2023,Onion,Adilabad,Telangana,1456.22,131
04-09-2023,Tomato,Hyderabad,Telangana,1582.04,145
04-10-2022,Rice,Khammam,Telangana,2698.76,84
04-10-2022,Rice,Nizamabad,Telangana,2468.59,202
04-10-2022,Potato,Adilabad,Telangana,1746.76,135
04-10-2022,Tomato,Karimnagar,Telangana,1464.52,123
04-10-2022,Potato,Karimnagar,Telangana,1870.5,95
04-10-2022,Tomato,Warangal,Telangana,1342.24,147
04-10-2022,Tomato,Khammam,Telangana,1409.17,152
04-10-2022,Onion,Karimnagar,Telangana,1213.6,148
04-10-2022,Potato,Khammam,Telangana,1602.42,166
04-10-2022,Tomato,Nizamabad,Telangana,1715.3,91
04-10-2022,Onion,Khammam,Telangana,1471.29,108
04-10-2022,Potato,Nizamabad,Telangana,1907.35,107
04-10-2022,Rice,Adilabad,Telangana,2421.07,153
04-10-2022,Rice,Karimnagar,Telangana,2729.71,93
04-10-2022,Rice,Warangal,Telangana,2511.36,150
04-10-2022,Tomato,Adilabad,Telangana,1488.97,142
04-10-2022,Onion,Hyderabad,Telangana,1400.52,182
04-10-2022,Potato,Warangal,Telangana,1471.11,133
04-10-2022,Tomato,Hyderabad,Telangana,1498.68,166
04-10-2022,Onion,Warangal,Telangana,1590.94,83
04-10-2022,Rice,Hyderabad,Telangana,2546.24,122
04-10-2022,Onion,Nizamabad,Telangana,1335.87,95
04-10-2022,Potato,Hyderabad,Telangana,1903.95,102
04-10-2023,Potato,Khammam,Telangana,1702.52,109
04-10-2023,Rice,Khammam,Telangana,2461.17,199
04-10-2023,Potato,Adilabad,Telangana,1883.9,76
04-10-2023,Onion,Khammam,Telangana,1250.73,156
04-10-2023,Onion,Hyderabad,Telangana,1419.21,87
04-10-2023,Onion,Nizamabad,Telangana,1285.5,126
04-10-2023,Potato,Nizamabad,Telangana,1927.57,20
04-10-2023,Rice,Hyderabad,Telangana,2830.39,87
04-10-2023,Potato,Warangal,Telangana,1626.59,135
04-10-2023,Rice,Adilabad,Telangana,2476.07,167
04-10-2023,Tomato,Hyderabad,Telangana,1618.95,148
04-10-2023,Tomato,Warangal,Telangana,1584.09,41
04-10-2023,Tomato,Nizamabad,Telangana,1498.02,148
04-10-2023,Tomato,Karimnagar,Telangana,1687.19,85
04-10-2023,Tomato,Khammam,Telangana,1249.17,196
04-10-2023,Potato,Karimnagar,Telangana,1906.05,93
04-10-2023,Potato,Hyderabad,Telangana,1575.73,205
04-10-2023,Onion,Karimnagar,Telangana,1591.8,147
04-10-2023,Rice,Warangal,Telangana,2347.38,173
04-10-2023,Rice,Karimnagar,Telangana,2543.31,109
04-10-2023,Tomato,Adilabad,Telangana,1506.14,161
04-11-2022,Rice,Khammam,Telangana,2324.28,112
04-11-2022,Rice,Karimnagar,Telangana,2386.14,160
04-11-2022,Tomato,Khammam,Telangana,1602.05,124
04-11-2022,Rice,Adilabad,Telangana,2499.03,184
04-11-2022,Potato,Adilabad,Telangana,1816.3,60
04-11-2022,Onion,Khammam,Telangana,1414.16,104
04-11-2022,Tomato,Nizamabad,Telangana,1450.52,139
04-11-2022,Potato,Warangal,Telangana,1916.4,132
04-11-2022,Onion,Warangal,Telangana,1499.94,97
04-11-2022,Tomato,Karimnagar,Telangana,1656.88,121
04-11-2022,Onion,Karimnagar,Telangana,1441.43,152
04-11-2022,Potato,Hyderabad,Telangana,1908.13,141
04-11-2022,Tomato,Hyderabad,Telangana,1413.38,217
04-11-2022,Potato,Karimnagar,Telangana,2069.35,78
04-11-2022,Onion,Adilabad,Telangana,1507.58,83
04-11-2022,Rice,Nizamabad,Telangana,2681.3,76
04-11-2022,Rice,Hyderabad,Telangana,2564.26,123
04-11-2022,Rice,Warangal,Telangana,2609.91,95
04-11-2022,Potato,Khammam,Telangana,1624.69,85
04-11-2022,Tomato,Adilabad,Telangana,1678.7,101
04-11-2022,Onion,Nizamabad,Telangana,1391.64,93
04-11-2022,Onion,Hyderabad,Telangana,1312.81,121
04-11-2022,Tomato,Warangal,Telangana,1544.46,160
04-11-2023,Onion,Adilabad,Telangana,1211.85,153
04-11-2023,Rice,Hyderabad,Telangana,2819.98,81
04-11-2023,Potato,Hyderabad,Telangana,1876.68,149
04-11-2023,Tomato,Adilabad,Telangana,1463.07,144
04-11-2023,Tomato,Warangal,Telangana,1614.28,137
04-11-2023,Onion,Nizamabad,Telangana,1372.51,58
04-11-2023,Tomato,Khammam,Telangana,1819.03,122
04-11-2023,Potato,Khammam,Telangana,1688.95,76
04-11-2023,Rice,Warangal,Telangana,2695.05,94
04-11-2023,Potato,Adilabad,Telangana,1888.47,119
04-11-2023,Onion,Karimnagar,Telangana,1576.37,84
04-11-2023,Potato,Karimnagar,Telangana,1613.35,115
04-11-2023,Rice,Adilabad,Telangana,2744.6,80
04-11-2023,Onion,Hyderabad,Telangana,1505.99,105
04-11-2023,Onion,Khammam,Telangana,1339.69,160
04-11-2023,Potato,Warangal,Telangana,1712.46,129
04-11-2023,Rice,Khammam,Telangana,2517.67,120
04-11-2023,Tomato,Nizamabad,Telangana,1563.21,79
04-11-2023,Onion,Warangal,Telangana,1503.76,85
04-11-2023,Rice,Karimnagar,Telangana,2691.71,70
04-11-2023,Tomato,Hyderabad,Telangana,1339.69,157
04-11-2023,Rice,Nizamabad,Telangana,2669.56,160
04-12-2022,Rice,Hyderabad,Telangana,3009.61,129
04-12-2022,Rice,Nizamabad,Telangana,2684.86,116
04-12-2022,Tomato,Hyderabad,Telangana,1687.95,63
04-12-2022,Potato,Adilabad,Telangana,1563.92,212
04-12-2022,Potato,Khammam,Telangana,1620.77,108
04-12-2022,Onion,Hyderabad,Telangana,1676.16,101
04-12-2022,Rice,Khammam,Telangana,2862.85,91
04-12-2022,Tomato,Adilabad,Telangana,1795.45,145
04-12-2022,Tomato,Warangal,Telangana,1729.88,132
04-12-2022,Rice,Karimnagar,Telangana,2530.85,168
04-12-2022,Potato,Karimnagar,Telangana,1922.51,75
04-12-2022,Potato,Hyderabad,Telangana,1902.53,114
04-12-2022,Onion,Nizamabad,Telangana,1615.63,30
04-12-2022,Potato,Warangal,Telangana,1961.38,98
04-12-2022,Onion,Warangal,Telangana,1283.62,125
04-12-2022,Tomato,Karimnagar,Telangana,1817.14,39
04-12-2022,Rice,Warangal,Telangana,2852.28,71
04-12-2022,Potato,Nizamabad,Telangana,1861.05,100
04-12-2022,Tomato,Nizamabad,Telangana,1438.79,188
04-12-2022,Onion,Adilabad,Telangana,1412.84,149
04-12-2022,Tomato,Khammam,Telangana,1400.79,232
04-12-2022,Onion,Karimnagar,Telangana,1351.31,132
04-12-2022,Rice,Adilabad,Telangana,2621.13,125
04-12-2023,Onion,Khammam,Telangana,1237.75,119
04-12-2023,Tomato,Nizamabad,Telangana,1722.11,85
04-12-2023,Rice,Nizamabad,Telangana,2392.12,175
04-12-2023,Potato,Warangal,Telangana,1835.78,55
04-12-2023,Rice,Adilabad,Telangana,2678.07,140
04-12-2023,Potato,Khammam,Telangana,1893.07,150
04-12-2023,Onion,Nizamabad,Telangana,1647.74,20
04-12-2023,Onion,Karimnagar,Telangana,1671.35,79
04-12-2023,Tomato,Warangal,Telangana,1664.05,81
04-12-2023,Tomato,Adilabad,Telangana,1826.7,103
04-12-2023,Rice,Hyderabad,Telangana,2675.96,74
04-12-2023,Onion,Adilabad,Telangana,1588.44,91
04-12-2023,Tomato,Khammam,Telangana,1755.82,144
04-12-2023,Potato,Hyderabad,Telangana,1499.03,153
04-12-2023,Onion,Warangal,Telangana,1209.65,219
04-12-2023,Potato,Karimnagar,Telangana,1769.82,136
04-12-2023,Tomato,Hyderabad,Telangana,1498.47,159
04-12-2023,Rice,Warangal,Telangana,2771.91,76
04-12-2023,Potato,Nizamabad,Telangana,1778.64,104
04-12-2023,Rice,Karimnagar,Telangana,2778.12,92
04-12-2023,Rice,Khammam,Telangana,2533.71,141
05-01-2022,Rice,Hyderabad,Telangana,2736.21,170
05-01-2022,Potato,Khammam,Telangana,2050.2,111
05-01-2022,Tomato,Nizamabad,Telangana,1925.99,111
05-01-2022,Onion,Adilabad,Telangana,1526.63,161
05-01-2022,Potato,Karimnagar,Telangana,2057.44,96
05-01-2022,Onion,Hyderabad,Telangana,1686.72,94
05-01-2022,Potato,Hyderabad,Telangana,2184.24,126
05-01-2022,Onion,Nizamabad,Telangana,1337.28,186
05-01-2022,Tomato,Khammam,Telangana,2014.32,69
05-01-2022,Tomato,Karimnagar,Telangana,1831.93,66
05-01-2022,Rice,Warangal,Telangana,2914.13,112
05-01-2022,Onion,Warangal,Telangana,1776.97,37
05-01-2022,Rice,Adilabad,Telangana,2546.22,97
05-01-2022,Onion,Karimnagar,Telangana,1780.35,85
05-01-2022,Tomato,Hyderabad,Telangana,1876.87,101
05-01-2022,Tomato,Warangal,Telangana,2009.17,56
05-01-2022,Potato,Nizamabad,Telangana,1948.19,154
05-01-2022,Onion,Khammam,Telangana,1773.94,102
05-01-2022,Tomato,Adilabad,Telangana,1887.53,132
05-01-2022,Rice,Nizamabad,Telangana,2857.17,81
05-01-2022,Rice,Khammam,Telangana,2568.9,181
05-01-2022,Potato,Adilabad,Telangana,1700.94,147
05-01-2022,Rice,Karimnagar,Telangana,2542.27,168
05-01-2023,Potato,Karimnagar,Telangana,1859.92,193
05-01-2023,Potato,Hyderabad,Telangana,1844.22,87
05-01-2023,Tomato,Hyderabad,Telangana,1763.48,186
05-01-2023,Rice,Adilabad,Telangana,2850.27,170
05-01-2023,Rice,Khammam,Telangana,2746.08,121
05-01-2023,Rice,Karimnagar,Telangana,2798.86,128
05-01-2023,Tomato,Nizamabad,Telangana,1886.46,121
05-01-2023,Onion,Khammam,Telangana,1449.0,185
05-01-2023,Onion,Karimnagar,Telangana,1705.28,132
05-01-2023,Onion,Nizamabad,Telangana,1566.75,104
05-01-2023,Rice,Warangal,Telangana,2848.46,55
05-01-2023,Tomato,Karimnagar,Telangana,1901.68,37
05-01-2023,Rice,Hyderabad,Telangana,2409.17,166
05-01-2023,Tomato,Khammam,Telangana,1621.61,179
05-01-2023,Tomato,Adilabad,Telangana,1750.49,156
05-01-2023,Onion,Warangal,Telangana,1579.17,88
05-01-2023,Tomato,Warangal,Telangana,1880.35,70
05-01-2023,Onion,Adilabad,Telangana,1343.47,203
05-01-2023,Potato,Khammam,Telangana,1869.42,43
05-01-2023,Onion,Hyderabad,Telangana,1688.14,145
05-01-2023,Rice,Nizamabad,Telangana,2946.54,87
05-01-2023,Potato,Nizamabad,Telangana,1978.86,154
05-01-2023,Potato,Adilabad,Telangana,2094.72,77
05-01-2023,Potato,Warangal,Telangana,1908.38,145
05-01-2024,Tomato,Hyderabad,Telangana,1923.11,72
05-01-2024,Tomato,Adilabad,Telangana,1791.68,168
05-01-2024,Onion,Hyderabad,Telangana,1553.04,84
05-01-2024,Onion,Warangal,Telangana,1543.76,80
05-01-2024,Potato,Nizamabad,Telangana,2067.99,128
05-01-2024,Tomato,Khammam,Telangana,1839.59,135
05-01-2024,Rice,Karimnagar,Telangana,2971.48,30
05-01-2024,Potato,Adilabad,Telangana,1969.72,92
05-01-2024,Rice,Hyderabad,Telangana,2784.64,53
05-01-2024,Rice,Khammam,Telangana,2902.77,89
05-01-2024,Potato,Warangal,Telangana,1922.33,129
05-01-2024,Rice,Nizamabad,Telangana,2466.21,156
05-01-2024,Rice,Adilabad,Telangana,2764.06,112
05-01-2024,Onion,Khammam,Telangana,1541.86,168
05-01-2024,Tomato,Karimnagar,Telangana,1810.46,119
05-01-2024,Potato,Khammam,Telangana,2038.94,112
05-01-2024,Tomato,Nizamabad,Telangana,1659.08,98
05-01-2024,Tomato,Warangal,Telangana,1833.34,129
05-01-2024,Onion,Adilabad,Telangana,1586.65,172
05-01-2024,Onion,Nizamabad,Telangana,1596.7,124
05-01-2024,Onion,Karimnagar,Telangana,1632.6,122
05-01-2024,Rice,Warangal,Telangana,2960.94,139
05-01-2024,Potato,Karimnagar,Telangana,2263.68,124
05-02-2022,Rice,Adilabad,Telangana,2948.17,91
05-02-2022,Rice,Hyderabad,Telangana,2738.93,166
05-02-2022,Potato,Adilabad,Telangana,2096.64,63
05-02-2022,Tomato,Hyderabad,Telangana,2029.9,134
05-02-2022,Tomato,Karimnagar,Telangana,1896.02,161
05-02-2022,Onion,Adilabad,Telangana,1655.55,133
05-02-2022,Potato,Khammam,Telangana,1961.66,136
05-02-2022,Onion,Hyderabad,Telangana,1605.17,171
05-02-2022,Onion,Karimnagar,Telangana,1553.53,158
05-02-2022,Potato,Hyderabad,Telangana,1997.23,140
05-02-2022,Tomato,Adilabad,Telangana,1738.86,156
05-02-2022,Potato,Nizamabad,Telangana,2208.48,56
05-02-2022,Potato,Warangal,Telangana,2182.21,158
05-02-2022,Rice,Warangal,Telangana,2850.1,125
05-02-2022,Onion,Khammam,Telangana,1532.49,168
05-02-2022,Potato,Karimnagar,Telangana,2188.83,111
05-02-2022,Onion,Nizamabad,Telangana,1703.96,117
05-02-2022,Onion,Warangal,Telangana,1699.13,115
05-02-2022,Tomato,Warangal,Telangana,1937.55,75
05-02-2022,Rice,Karimnagar,Telangana,2618.32,165
05-02-2022,Tomato,Khammam,Telangana,2039.68,51
05-02-2022,Tomato,Nizamabad,Telangana,1799.15,180
05-02-2023,Potato,Warangal,Telangana,2079.74,78
05-02-2023,Potato,Nizamabad,Telangana,2040.88,149
05-02-2023,Rice,Warangal,Telangana,2996.28,156
05-02-2023,Onion,Khammam,Telangana,1852.3,108
05-02-2023,Onion,Karimnagar,Telangana,1688.27,158
05-02-2023,Rice,Nizamabad,Telangana,2963.17,105
05-02-2023,Rice,Khammam,Telangana,3108.91,68
05-02-2023,Tomato,Adilabad,Telangana,1859.73,157
05-02-2023,Rice,Karimnagar,Telangana,3041.38,89
05-02-2023,Tomato,Nizamabad,Telangana,1787.68,97
05-02-2023,Rice,Hyderabad,Telangana,2739.34,178
05-02-2023,Potato,Karimnagar,Telangana,1943.44,114
05-02-2023,Onion,Warangal,Telangana,1642.01,77
05-02-2023,Rice,Adilabad,Telangana,2886.5,207
05-02-2023,Onion,Nizamabad,Telangana,1723.2,106
05-02-2023,Onion,Hyderabad,Telangana,1881.69,45
05-02-2023,Onion,Adilabad,Telangana,1745.61,59
05-02-2023,Tomato,Hyderabad,Telangana,1737.41,157
05-02-2023,Potato,Adilabad,Telangana,2078.14,95
05-02-2023,Potato,Khammam,Telangana,2278.87,90
05-02-2023,Tomato,Warangal,Telangana,2099.71,44
05-02-2023,Potato,Hyderabad,Telangana,2059.53,171
05-02-2024,Onion,Hyderabad,Telangana,1762.51,84
05-02-2024,Potato,Nizamabad,Telangana,2003.5,147
05-02-2024,Onion,Warangal,Telangana,1706.27,147
05-02-2024,Rice,Nizamabad,Telangana,2943.9,133
05-02-2024,Potato,Hyderabad,Telangana,1913.31,207
05-02-2024,Rice,Adilabad,Telangana,2812.0,97
05-02-2024,Rice,Hyderabad,Telangana,2964.79,101
05-02-2024,Tomato,Adilabad,Telangana,1688.16,181
05-02-2024,Rice,Khammam,Telangana,2725.82,110
05-02-2024,Potato,Karimnagar,Telangana,2063.41,130
05-02-2024,Onion,Adilabad,Telangana,1492.18,192
05-02-2024,Tomato,Warangal,Telangana,1615.85,156
05-02-2024,Rice,Karimnagar,Telangana,2906.01,48
05-02-2024,Rice,Warangal,Telangana,2878.34,126
05-02-2024,Tomato,Nizamabad,Telangana,2039.72,88
05-02-2024,Potato,Warangal,Telangana,2152.9,117
05-02-2024,Onion,Nizamabad,Telangana,1526.21,58
05-02-2024,Tomato,Hyderabad,Telangana,1651.13,125
05-02-2024,Tomato,Khammam,Telangana,1895.64,101
05-02-2024,Potato,Khammam,Telangana,2324.92,40
05-02-2024,Tomato,Karimnagar,Telangana,1940.6,137
05-02-2024,Potato,Adilabad,Telangana,2108.41,96
05-02-2024,Onion,Karimnagar,Telangana,1764.36,72
05-03-2022,Tomato,Khammam,Telangana,1891.79,167
05-03-2022,Rice,Hyderabad,Telangana,3140.52,162
05-03-2022,Rice,Nizamabad,Telangana,3092.78,118
05-03-2022,Onion,Hyderabad,Telangana,1738.46,89
05-03-2022,Potato,Nizamabad,Telangana,1858.57,201
05-03-2022,Rice,Adilabad,Telangana,2966.9,25
05-03-2022,Onion,Adilabad,Telangana,1600.19,93
05-03-2022,Onion,Karimnagar,Telangana,1801.41,121
05-03-2022,Tomato,Hyderabad,Telangana,1948.86,80
05-03-2022,Rice,Karimnagar,Telangana,2970.92,82
05-03-2022,Onion,Khammam,Telangana,1653.6,105
05-03-2022,Potato,Adilabad,Telangana,2029.35,125
05-03-2022,Potato,Karimnagar,Telangana,2390.73,83
05-03-2022,Rice,Khammam,Telangana,2965.17,118
05-03-2022,Onion,Warangal,Telangana,1636.14,152
05-03-2022,Onion,Nizamabad,Telangana,1647.96,153
05-03-2022,Tomato,Warangal,Telangana,2102.49,20
05-03-2022,Potato,Khammam,Telangana,2030.8,128
05-03-2022,Potato,Warangal,Telangana,1897.47,174
05-03-2022,Tomato,Nizamabad,Telangana,1850.38,164
05-03-2022,Tomato,Karimnagar,Telangana,2027.19,139
05-03-2022,Rice,Warangal,Telangana,3006.02,82
05-03-2022,Potato,Hyderabad,Telangana,2183.42,142
05-03-2022,Tomato,Adilabad,Telangana,1795.09,142
05-03-2023,Tomato,Warangal,Telangana,2131.64,76
05-03-2023,Rice,Khammam,Telangana,3061.99,107
05-03-2023,Rice,Adilabad,Telangana,3038.21,130
05-03-2023,Onion,Nizamabad,Telangana,1638.76,151
05-03-2023,Rice,Warangal,Telangana,2802.18,203
05-03-2023,Tomato,Khammam,Telangana,1896.23,123
05-03-2023,Tomato,Nizamabad,Telangana,1665.39,175
05-03-2023,Potato,Nizamabad,Telangana,2278.84,74
05-03-2023,Tomato,Karimnagar,Telangana,1870.84,73
05-03-2023,Onion,Adilabad,Telangana,1956.78,106
05-03-2023,Potato,Karimnagar,Telangana,2210.89,64
05-03-2023,Rice,Hyderabad,Telangana,2987.23,77
05-03-2023,Onion,Khammam,Telangana,1921.81,65
05-03-2023,Onion,Warangal,Telangana,1810.11,85
05-03-2023,Potato,Hyderabad,Telangana,2206.96,111
05-03-2023,Potato,Warangal,Telangana,2350.39,119
05-03-2023,Rice,Karimnagar,Telangana,2776.98,192
05-03-2023,Potato,Khammam,Telangana,2191.86,139
05-03-2023,Tomato,Adilabad,Telangana,1960.64,85
05-03-2023,Onion,Hyderabad,Telangana,1751.92,178
05-03-2023,Tomato,Hyderabad,Telangana,2061.38,86
05-03-2023,Onion,Karimnagar,Telangana,1792.96,156
05-03-2023,Rice,Nizamabad,Telangana,3131.09,116
05-03-2024,Tomato,Warangal,Telangana,1887.08,154
05-03-2024,Potato,Hyderabad,Telangana,2520.24,109
05-03-2024,Tomato,Nizamabad,Telangana,1933.44,119
05-03-2024,Tomato,Karimnagar,Telangana,2220.14,83
05-03-2024,Potato,Nizamabad,Telangana,2101.66,143
05-03-2024,Rice,Hyderabad,Telangana,2952.03,161
05-03-2024,Tomato,Khammam,Telangana,1799.18,147
05-03-2024,Tomato,Hyderabad,Telangana,2016.73,86
05-03-2024,Rice,Warangal,Telangana,3191.91,140
05-03-2024,Potato,Warangal,Telangana,2451.61,88
05-03-2024,Potato,Adilabad,Telangana,2186.94,101
05-03-2024,Rice,Khammam,Telangana,2794.01,58
05-03-2024,Onion,Hyderabad,Telangana,1770.68,98
05-03-2024,Onion,Adilabad,Telangana,1868.27,99
05-03-2024,Potato,Khammam,Telangana,2233.99,83
05-03-2024,Tomato,Adilabad,Telangana,1863.99,135
05-03-2024,Onion,Nizamabad,Telangana,1631.3,73
05-03-2024,Potato,Karimnagar,Telangana,2295.46,100
05-03-2024,Rice,Karimnagar,Telangana,2975.91,145
05-03-2024,Onion,Khammam,Telangana,1530.67,211
05-03-2024,Rice,Adilabad,Telangana,2798.87,149
05-03-2024,Onion,Warangal,Telangana,1786.28,41
05-04-2022,Tomato,Nizamabad,Telangana,2050.61,167
05-04-2022,Potato,Adilabad,Telangana,2096.47,124
05-04-2022,Tomato,Adilabad,Telangana,2161.01,116
05-04-2022,Rice,Hyderabad,Telangana,2863.44,128
05-04-2022,Onion,Warangal,Telangana,1956.82,80
05-04-2022,Potato,Hyderabad,Telangana,2149.17,157
05-04-2022,Potato,Karimnagar,Telangana,2219.69,64
05-04-2022,Onion,Adilabad,Telangana,1548.25,201
05-04-2022,Onion,Khammam,Telangana,1880.72,100
05-04-2022,Onion,Hyderabad,Telangana,1808.37,144
05-04-2022,Onion,Karimnagar,Telangana,1855.58,82
05-04-2022,Tomato,Karimnagar,Telangana,2102.17,127
05-04-2022,Tomato,Hyderabad,Telangana,1845.99,86
05-04-2022,Rice,Karimnagar,Telangana,2940.87,92
05-04-2022,Tomato,Warangal,Telangana,2063.61,94
05-04-2022,Potato,Warangal,Telangana,2103.98,102
05-04-2022,Potato,Nizamabad,Telangana,2305.76,163
05-04-2022,Tomato,Khammam,Telangana,2025.76,137
05-04-2022,Potato,Khammam,Telangana,1940.0,121
05-04-2022,Rice,Nizamabad,Telangana,2937.35,132
05-04-2022,Rice,Warangal,Telangana,3061.97,100
05-04-2022,Rice,Adilabad,Telangana,2999.05,103
05-04-2022,Onion,Nizamabad,Telangana,1639.02,140
05-04-2023,Tomato,Khammam,Telangana,1981.04,110
05-04-2023,Potato,Nizamabad,Telangana,1971.73,143
05-04-2023,Rice,Hyderabad,Telangana,3016.35,99
05-04-2023,Rice,Warangal,Telangana,2968.03,58
05-04-2023,Potato,Adilabad,Telangana,2011.76,125
05-04-2023,Rice,Karimnagar,Telangana,3138.79,84
05-04-2023,Rice,Khammam,Telangana,2964.35,155
05-04-2023,Onion,Hyderabad,Telangana,2037.07,86
05-04-2023,Tomato,Hyderabad,Telangana,2019.07,102
05-04-2023,Potato,Warangal,Telangana,2197.9,158
05-04-2023,Tomato,Karimnagar,Telangana,1826.04,133
05-04-2023,Tomato,Warangal,Telangana,2022.6,96
05-04-2023,Rice,Adilabad,Telangana,2779.5,113
05-04-2023,Rice,Nizamabad,Telangana,3094.42,61
05-04-2023,Tomato,Nizamabad,Telangana,1871.05,158
05-04-2023,Onion,Nizamabad,Telangana,1789.94,138
05-04-2023,Potato,Karimnagar,Telangana,2505.97,25
05-04-2023,Onion,Warangal,Telangana,1477.45,227
05-04-2023,Onion,Adilabad,Telangana,1678.71,142
05-04-2023,Potato,Hyderabad,Telangana,2326.49,107
05-04-2023,Tomato,Adilabad,Telangana,1987.23,112
05-04-2023,Onion,Karimnagar,Telangana,1789.48,102
05-04-2023,Onion,Khammam,Telangana,1795.73,44
05-04-2024,Rice,Khammam,Telangana,2938.4,134
05-04-2024,Rice,Hyderabad,Telangana,3131.4,51
05-04-2024,Onion,Warangal,Telangana,1590.96,213
05-04-2024,Tomato,Karimnagar,Telangana,1972.95,81
05-04-2024,Onion,Karimnagar,Telangana,1638.87,171
05-04-2024,Onion,Hyderabad,Telangana,1944.67,112
05-04-2024,Rice,Adilabad,Telangana,2868.35,176
05-04-2024,Potato,Khammam,Telangana,2351.3,104
05-04-2024,Tomato,Warangal,Telangana,1848.97,100
05-04-2024,Potato,Nizamabad,Telangana,2170.46,96
05-04-2024,Potato,Warangal,Telangana,2173.61,132
05-04-2024,Onion,Nizamabad,Telangana,1723.69,87
05-04-2024,Onion,Khammam,Telangana,1756.37,145
05-04-2024,Tomato,Nizamabad,Telangana,1931.46,158
05-04-2024,Potato,Hyderabad,Telangana,2284.13,84
05-04-2024,Tomato,Hyderabad,Telangana,1952.68,143
05-04-2024,Potato,Adilabad,Telangana,2014.88,135
05-04-2024,Rice,Karimnagar,Telangana,2990.85,74
05-04-2024,Rice,Warangal,Telangana,3009.49,112
05-04-2024,Potato,Karimnagar,Telangana,2182.48,150
05-04-2024,Rice,Nizamabad,Telangana,2722.94,158
05-04-2024,Onion,Adilabad,Telangana,2008.05,68
05-04-2024,Tomato,Adilabad,Telangana,2005.77,111
05-05-2022,Tomato,Adilabad,Telangana,1621.98,173
05-05-2022,Rice,Adilabad,Telangana,2751.8,133
05-05-2022,Onion,Khammam,Telangana,1778.58,65
05-05-2022,Rice,Karimnagar,Telangana,2730.42,167
05-05-2022,Potato,Hyderabad,Telangana,2080.45,129
05-05-2022,Rice,Warangal,Telangana,2951.76,126
05-05-2022,Onion,Adilabad,Telangana,1470.9,152
05-05-2022,Tomato,Karimnagar,Telangana,1769.07,114
05-05-2022,Tomato,Hyderabad,Telangana,1837.65,190
05-05-2022,Rice,Nizamabad,Telangana,2870.49,142
05-05-2022,Tomato,Khammam,Telangana,1800.51,169
05-05-2022,Rice,Khammam,Telangana,3048.92,116
05-05-2022,Potato,Khammam,Telangana,1756.09,147
05-05-2022,Tomato,Warangal,Telangana,1975.67,106
05-05-2022,Onion,Karimnagar,Telangana,1533.31,216
05-05-2022,Rice,Hyderabad,Telangana,3311.88,104
05-05-2022,Tomato,Nizamabad,Telangana,1927.69,177
05-05-2022,Potato,Adilabad,Telangana,2019.01,157
05-05-2022,Potato,Warangal,Telangana,1977.39,164
05-05-2022,Potato,Nizamabad,Telangana,2193.8,134
05-05-2022,Potato,Karimnagar,Telangana,2274.61,57
05-05-2022,Onion,Nizamabad,Telangana,1857.56,121
05-05-2022,Onion,Warangal,Telangana,1720.64,57
05-05-2022,Onion,Hyderabad,Telangana,2005.59,112
05-05-2023,Tomato,Adilabad,Telangana,1799.85,79
05-05-2023,Onion,Khammam,Telangana,1896.56,86
05-05-2023,Tomato,Khammam,Telangana,1838.73,150
05-05-2023,Rice,Khammam,Telangana,2866.72,137
05-05-2023,Rice,Hyderabad,Telangana,2827.13,135
05-05-2023,Potato,Karimnagar,Telangana,2148.68,155
05-05-2023,Onion,Adilabad,Telangana,1945.9,96
05-05-2023,Tomato,Karimnagar,Telangana,2074.84,97
05-05-2023,Tomato,Hyderabad,Telangana,2148.3,56
05-05-2023,Potato,Nizamabad,Telangana,2010.79,125
05-05-2023,Tomato,Nizamabad,Telangana,1865.72,156
05-05-2023,Rice,Adilabad,Telangana,2852.36,105
05-05-2023,Potato,Khammam,Telangana,2078.73,119
05-05-2023,Rice,Karimnagar,Telangana,3109.83,105
05-05-2023,Rice,Nizamabad,Telangana,2782.37,197
05-05-2023,Onion,Hyderabad,Telangana,1655.97,106
05-05-2023,Potato,Adilabad,Telangana,1989.04,191
05-05-2023,Onion,Nizamabad,Telangana,1596.28,168
05-05-2023,Potato,Warangal,Telangana,2439.85,57
05-05-2023,Onion,Warangal,Telangana,1725.26,46
05-05-2023,Onion,Karimnagar,Telangana,1541.51,146
05-05-2023,Potato,Hyderabad,Telangana,2110.16,123
05-05-2024,Onion,Warangal,Telangana,1650.63,121
05-05-2024,Tomato,Nizamabad,Telangana,2026.79,80
05-05-2024,Tomato,Khammam,Telangana,1900.75,84
05-05-2024,Potato,Adilabad,Telangana,2322.73,146
05-05-2024,Onion,Hyderabad,Telangana,1805.29,88
05-05-2024,Tomato,Hyderabad,Telangana,1824.74,164
05-05-2024,Tomato,Karimnagar,Telangana,2097.23,109
05-05-2024,Onion,Nizamabad,Telangana,1764.67,50
05-05-2024,Tomato,Adilabad,Telangana,2089.11,166
05-05-2024,Onion,Karimnagar,Telangana,1838.82,112
05-05-2024,Tomato,Warangal,Telangana,1725.97,168
05-05-2024,Onion,Khammam,Telangana,2021.45,91
05-05-2024,Potato,Karimnagar,Telangana,1869.27,168
05-05-2024,Rice,Karimnagar,Telangana,2921.17,101
05-05-2024,Potato,Warangal,Telangana,2041.52,158
05-05-2024,Potato,Nizamabad,Telangana,1983.5,178
05-05-2024,Potato,Khammam,Telangana,2413.3,142
05-05-2024,Onion,Adilabad,Telangana,1816.68,73
05-05-2024,Rice,Nizamabad,Telangana,2706.77,191
05-05-2024,Rice,Khammam,Telangana,2791.95,139
05-05-2024,Potato,Hyderabad,Telangana,2245.89,108
05-06-2022,Tomato,Karimnagar,Telangana,1991.41,63
05-06-2022,Tomato,Adilabad,Telangana,1584.82,196
05-06-2022,Onion,Karimnagar,Telangana,1687.55,68
05-06-2022,Potato,Karimnagar,Telangana,2099.23,129
05-06-2022,Rice,Warangal,Telangana,3009.48,138
05-06-2022,Potato,Nizamabad,Telangana,2061.44,137
05-06-2022,Rice,Nizamabad,Telangana,2874.29,123
05-06-2022,Potato,Adilabad,Telangana,2148.49,101
05-06-2022,Tomato,Hyderabad,Telangana,2001.03,111
05-06-2022,Tomato,Warangal,Telangana,1875.65,98
05-06-2022,Onion,Nizamabad,Telangana,1594.07,74
05-06-2022,Rice,Hyderabad,Telangana,2797.61,132
05-06-2022,Tomato,Khammam,Telangana,2001.76,189
05-06-2022,Onion,Hyderabad,Telangana,1837.12,85
05-06-2022,Onion,Adilabad,Telangana,1800.02,55
05-06-2022,Tomato,Nizamabad,Telangana,1720.84,123
05-06-2022,Potato,Hyderabad,Telangana,2016.47,127
05-06-2022,Onion,Warangal,Telangana,1554.37,126
05-06-2022,Rice,Adilabad,Telangana,2766.08,58
05-06-2022,Rice,Khammam,Telangana,2775.33,104
05-06-2023,Potato,Karimnagar,Telangana,1859.82,170
05-06-2023,Onion,Karimnagar,Telangana,1588.73,128
05-06-2023,Tomato,Karimnagar,Telangana,1802.62,152
05-06-2023,Onion,Hyderabad,Telangana,1488.12,143
05-06-2023,Onion,Nizamabad,Telangana,1648.41,131
05-06-2023,Tomato,Warangal,Telangana,1647.18,131
05-06-2023,Potato,Hyderabad,Telangana,2157.51,88
05-06-2023,Potato,Nizamabad,Telangana,1995.19,150
05-06-2023,Rice,Adilabad,Telangana,2634.54,85
05-06-2023,Onion,Khammam,Telangana,1384.79,170
05-06-2023,Rice,Nizamabad,Telangana,2916.46,93
05-06-2023,Tomato,Adilabad,Telangana,1817.17,124
05-06-2023,Rice,Khammam,Telangana,3001.53,56
05-06-2023,Rice,Hyderabad,Telangana,2526.11,151
05-06-2023,Potato,Warangal,Telangana,1956.08,93
05-06-2023,Potato,Adilabad,Telangana,1831.7,187
05-06-2023,Tomato,Khammam,Telangana,1833.94,128
05-06-2023,Onion,Adilabad,Telangana,1744.96,130
05-06-2023,Rice,Warangal,Telangana,2720.26,143
05-06-2023,Tomato,Nizamabad,Telangana,1987.79,44
05-06-2023,Tomato,Hyderabad,Telangana,1662.12,187
05-06-2023,Onion,Warangal,Telangana,1627.25,108
05-06-2023,Potato,Khammam,Telangana,2011.67,101
05-06-2024,Tomato,Warangal,Telangana,1847.39,132
05-06-2024,Potato,Warangal,Telangana,2008.84,112
05-06-2024,Potato,Hyderabad,Telangana,1949.2,146
05-06-2024,Rice,Karimnagar,Telangana,2881.45,111
05-06-2024,Potato,Adilabad,Telangana,2060.61,84
05-06-2024,Onion,Khammam,Telangana,1738.3,62
05-06-2024,Rice,Hyderabad,Telangana,2581.56,188
05-06-2024,Potato,Karimnagar,Telangana,2125.02,104
05-06-2024,Rice,Warangal,Telangana,2738.52,100
05-06-2024,Tomato,Karimnagar,Telangana,1927.96,76
05-06-2024,Tomato,Nizamabad,Telangana,1934.54,113
05-06-2024,Rice,Adilabad,Telangana,2673.97,128
05-06-2024,Onion,Karimnagar,Telangana,1608.57,93
05-06-2024,Potato,Nizamabad,Telangana,2099.26,100
05-06-2024,Onion,Hyderabad,Telangana,1425.05,132
05-06-2024,Rice,Khammam,Telangana,2907.05,97
05-06-2024,Tomato,Khammam,Telangana,2061.54,93
05-06-2024,Onion,Nizamabad,Telangana,1792.92,137
05-06-2024,Potato,Khammam,Telangana,1938.35,98
05-06-2024,Tomato,Adilabad,Telangana,1939.95,155
05-06-2024,Tomato,Hyderabad,Telangana,1921.46,95
05-06-2024,Rice,Nizamabad,Telangana,2577.05,135
05-06-2024,Onion,Adilabad,Telangana,1781.03,69
05-07-2022,Rice,Hyderabad,Telangana,2742.19,148
05-07-2022,Potato,Hyderabad,Telangana,1950.24,63
05-07-2022,Onion,Karimnagar,Telangana,1688.4,103
05-07-2022,Onion,Hyderabad,Telangana,1521.52,155
05-07-2022,Tomato,Warangal,Telangana,1664.28,159
05-07-2022,Tomato,Karimnagar,Telangana,1651.12,104
05-07-2022,Onion,Nizamabad,Telangana,1585.88,134
05-07-2022,Rice,Khammam,Telangana,2834.94,178
05-07-2022,Potato,Khammam,Telangana,2086.9,79
05-07-2022,Onion,Khammam,Telangana,1573.53,69
05-07-2022,Rice,Adilabad,Telangana,2389.78,194
05-07-2022,Onion,Adilabad,Telangana,1743.34,130
05-07-2022,Tomato,Adilabad,Telangana,1867.41,59
05-07-2022,Potato,Warangal,Telangana,1983.92,111
05-07-2022,Tomato,Nizamabad,Telangana,1581.69,195
05-07-2022,Tomato,Hyderabad,Telangana,1811.16,120
05-07-2022,Tomato,Khammam,Telangana,1842.97,76
05-07-2022,Rice,Karimnagar,Telangana,2636.71,176
05-07-2022,Rice,Warangal,Telangana,2809.72,184
05-07-2022,Potato,Nizamabad,Telangana,2107.7,93
05-07-2022,Potato,Karimnagar,Telangana,2083.26,57
05-07-2022,Rice,Nizamabad,Telangana,2953.85,108
05-07-2022,Onion,Warangal,Telangana,1667.28,112
05-07-2023,Onion,Hyderabad,Telangana,1352.25,145
05-07-2023,Onion,Karimnagar,Telangana,1690.31,116
05-07-2023,Rice,Adilabad,Telangana,2751.26,134
05-07-2023,Potato,Khammam,Telangana,1914.5,117
05-07-2023,Tomato,Nizamabad,Telangana,1508.18,169
05-07-2023,Tomato,Karimnagar,Telangana,1657.97,80
05-07-2023,Tomato,Adilabad,Telangana,1663.48,176
05-07-2023,Potato,Warangal,Telangana,1967.39,122
05-07-2023,Potato,Karimnagar,Telangana,1863.58,144
05-07-2023,Onion,Adilabad,Telangana,1502.31,122
05-07-2023,Rice,Hyderabad,Telangana,2879.81,98
05-07-2023,Rice,Warangal,Telangana,2607.65,138
05-07-2023,Potato,Hyderabad,Telangana,1911.77,150
05-07-2023,Onion,Warangal,Telangana,1428.72,92
05-07-2023,Rice,Khammam,Telangana,2801.25,83
05-07-2023,Potato,Nizamabad,Telangana,1966.06,118
05-07-2023,Tomato,Khammam,Telangana,1577.8,178
05-07-2023,Rice,Karimnagar,Telangana,2683.43,143
05-07-2023,Rice,Nizamabad,Telangana,2654.59,132
05-07-2023,Tomato,Hyderabad,Telangana,1325.84,159
05-07-2023,Onion,Nizamabad,Telangana,1574.37,48
05-07-2023,Tomato,Warangal,Telangana,1704.49,118
05-08-2022,Rice,Karimnagar,Telangana,2731.76,154
05-08-2022,Tomato,Adilabad,Telangana,1598.53,108
05-08-2022,Tomato,Hyderabad,Telangana,1759.06,109
05-08-2022,Tomato,Karimnagar,Telangana,1404.26,73
05-08-2022,Onion,Adilabad,Telangana,1125.04,91
05-08-2022,Onion,Nizamabad,Telangana,1289.73,164
05-08-2022,Onion,Khammam,Telangana,1210.1,190
05-08-2022,Rice,Khammam,Telangana,2469.49,122
05-08-2022,Tomato,Warangal,Telangana,1916.06,41
05-08-2022,Rice,Warangal,Telangana,2832.88,44
05-08-2022,Potato,Karimnagar,Telangana,1977.85,84
05-08-2022,Potato,Adilabad,Telangana,1898.67,107
05-08-2022,Potato,Khammam,Telangana,1705.66,116
05-08-2022,Potato,Warangal,Telangana,1964.72,114
05-08-2022,Onion,Karimnagar,Telangana,1468.15,140
05-08-2022,Onion,Hyderabad,Telangana,1419.67,127
05-08-2022,Tomato,Nizamabad,Telangana,1839.42,75
05-08-2022,Onion,Warangal,Telangana,1587.3,126
05-08-2022,Rice,Nizamabad,Telangana,2778.23,124
05-08-2022,Tomato,Khammam,Telangana,1659.47,158
05-08-2022,Rice,Hyderabad,Telangana,2509.24,143
05-08-2023,Potato,Karimnagar,Telangana,1923.35,105
05-08-2023,Onion,Hyderabad,Telangana,1430.15,71
05-08-2023,Potato,Nizamabad,Telangana,1553.6,179
05-08-2023,Potato,Hyderabad,Telangana,2149.88,89
05-08-2023,Rice,Hyderabad,Telangana,2708.08,77
05-08-2023,Rice,Khammam,Telangana,2660.45,118
05-08-2023,Tomato,Adilabad,Telangana,1616.71,131
05-08-2023,Potato,Khammam,Telangana,1793.49,148
05-08-2023,Onion,Khammam,Telangana,1349.44,130
05-08-2023,Tomato,Khammam,Telangana,1704.64,67
05-08-2023,Rice,Karimnagar,Telangana,2309.08,169
05-08-2023,Rice,Warangal,Telangana,2577.94,75
05-08-2023,Onion,Karimnagar,Telangana,1155.05,119
05-08-2023,Rice,Adilabad,Telangana,2428.4,152
05-08-2023,Tomato,Nizamabad,Telangana,1843.54,112
05-08-2023,Onion,Adilabad,Telangana,1573.58,103
05-08-2023,Rice,Nizamabad,Telangana,2476.54,99
05-08-2023,Tomato,Karimnagar,Telangana,1645.06,146
05-08-2023,Tomato,Hyderabad,Telangana,1565.5,64
05-08-2023,Potato,Warangal,Telangana,1803.79,182
05-08-2023,Onion,Nizamabad,Telangana,1460.2,138
05-08-2023,Potato,Adilabad,Telangana,1958.47,160
05-09-2022,Rice,Karimnagar,Telangana,2446.65,105
05-09-2022,Onion,Warangal,Telangana,1359.29,169
05-09-2022,Rice,Nizamabad,Telangana,2504.06,107
05-09-2022,Rice,Warangal,Telangana,2550.33,161
05-09-2022,Potato,Warangal,Telangana,1784.89,109
05-09-2022,Potato,Nizamabad,Telangana,1492.12,177
05-09-2022,Potato,Hyderabad,Telangana,1873.0,171
05-09-2022,Rice,Hyderabad,Telangana,2192.21,220
05-09-2022,Rice,Adilabad,Telangana,2768.63,87
05-09-2022,Potato,Karimnagar,Telangana,1868.2,94
05-09-2022,Tomato,Karimnagar,Telangana,1359.0,169
05-09-2022,Tomato,Nizamabad,Telangana,1665.64,138
05-09-2022,Tomato,Adilabad,Telangana,1511.7,82
05-09-2022,Tomato,Hyderabad,Telangana,1525.5,180
05-09-2022,Onion,Hyderabad,Telangana,1375.25,49
05-09-2022,Onion,Karimnagar,Telangana,1513.42,89
05-09-2022,Potato,Khammam,Telangana,1895.78,124
05-09-2022,Onion,Nizamabad,Telangana,1489.48,129
05-09-2022,Potato,Adilabad,Telangana,1857.35,178
05-09-2022,Rice,Khammam,Telangana,2668.33,112
05-09-2022,Onion,Khammam,Telangana,1557.23,61
05-09-2022,Tomato,Warangal,Telangana,1711.53,86
05-09-2022,Tomato,Khammam,Telangana,1707.5,144
05-09-2023,Tomato,Karimnagar,Telangana,1615.78,117
05-09-2023,Onion,Adilabad,Telangana,1467.78,76
05-09-2023,Onion,Karimnagar,Telangana,1692.39,112
05-09-2023,Potato,Nizamabad,Telangana,1822.98,121
05-09-2023,Onion,Khammam,Telangana,1476.74,90
05-09-2023,Tomato,Nizamabad,Telangana,1388.89,93
05-09-2023,Potato,Khammam,Telangana,1722.67,163
05-09-2023,Tomato,Adilabad,Telangana,1591.8,170
05-09-2023,Rice,Khammam,Telangana,2683.92,134
05-09-2023,Rice,Nizamabad,Telangana,2321.51,213
05-09-2023,Onion,Warangal,Telangana,1373.63,202
05-09-2023,Onion,Hyderabad,Telangana,1363.79,158
05-09-2023,Rice,Karimnagar,Telangana,2616.31,104
05-09-2023,Rice,Hyderabad,Telangana,2582.75,74
05-09-2023,Potato,Karimnagar,Telangana,1916.47,111
05-09-2023,Potato,Adilabad,Telangana,2039.98,111
05-09-2023,Rice,Warangal,Telangana,2598.92,93
05-09-2023,Rice,Adilabad,Telangana,2748.03,152
05-09-2023,Potato,Hyderabad,Telangana,1957.45,31
05-09-2023,Tomato,Warangal,Telangana,1684.21,45
05-09-2023,Tomato,Hyderabad,Telangana,1581.25,112
05-10-2022,Rice,Karimnagar,Telangana,2565.9,111
05-10-2022,Rice,Hyderabad,Telangana,2609.79,114
05-10-2022,Onion,Warangal,Telangana,1590.43,52
05-10-2022,Onion,Karimnagar,Telangana,1353.32,140
05-10-2022,Tomato,Nizamabad,Telangana,1621.29,141
05-10-2022,Potato,Hyderabad,Telangana,1751.14,133
05-10-2022,Onion,Khammam,Telangana,1246.38,195
05-10-2022,Potato,Nizamabad,Telangana,1747.88,83
05-10-2022,Rice,Adilabad,Telangana,2442.53,104
05-10-2022,Rice,Khammam,Telangana,2781.95,20
05-10-2022,Potato,Khammam,Telangana,1424.69,187
05-10-2022,Potato,Warangal,Telangana,1643.66,197
05-10-2022,Rice,Warangal,Telangana,2547.95,139
05-10-2022,Onion,Nizamabad,Telangana,1162.99,158
05-10-2022,Potato,Karimnagar,Telangana,1601.55,111
05-10-2022,Tomato,Khammam,Telangana,1571.38,122
05-10-2022,Onion,Hyderabad,Telangana,1473.0,149
05-10-2022,Tomato,Hyderabad,Telangana,1484.89,133
05-10-2022,Tomato,Karimnagar,Telangana,1456.26,159
05-10-2022,Tomato,Warangal,Telangana,1495.66,168
05-10-2022,Rice,Nizamabad,Telangana,2229.43,120
05-10-2022,Potato,Adilabad,Telangana,1956.45,113
05-10-2023,Onion,Warangal,Telangana,1088.99,175
05-10-2023,Onion,Khammam,Telangana,1429.83,106
05-10-2023,Tomato,Adilabad,Telangana,1590.0,124
05-10-2023,Onion,Karimnagar,Telangana,1299.49,165
05-10-2023,Rice,Nizamabad,Telangana,2336.63,182
05-10-2023,Potato,Karimnagar,Telangana,1720.51,131
05-10-2023,Rice,Karimnagar,Telangana,2542.87,110
05-10-2023,Tomato,Hyderabad,Telangana,1464.56,88
05-10-2023,Tomato,Karimnagar,Telangana,1453.41,145
05-10-2023,Potato,Adilabad,Telangana,1578.53,178
05-10-2023,Rice,Khammam,Telangana,2553.33,102
05-10-2023,Potato,Hyderabad,Telangana,1773.43,109
05-10-2023,Tomato,Khammam,Telangana,1493.17,199
05-10-2023,Onion,Nizamabad,Telangana,1183.15,168
05-10-2023,Onion,Adilabad,Telangana,1330.2,133
05-10-2023,Rice,Hyderabad,Telangana,2638.97,128
05-10-2023,Potato,Nizamabad,Telangana,1589.18,162
05-10-2023,Rice,Warangal,Telangana,2794.27,59
05-10-2023,Potato,Khammam,Telangana,1578.95,103
05-10-2023,Rice,Adilabad,Telangana,2566.08,113
05-11-2022,Onion,Warangal,Telangana,1506.31,137
05-11-2022,Rice,Khammam,Telangana,2532.77,143
05-11-2022,Rice,Karimnagar,Telangana,2937.56,83
05-11-2022,Potato,Adilabad,Telangana,1882.57,151
05-11-2022,Onion,Hyderabad,Telangana,1336.41,118
05-11-2022,Rice,Hyderabad,Telangana,2269.69,158
05-11-2022,Tomato,Khammam,Telangana,1534.2,96
05-11-2022,Potato,Warangal,Telangana,1840.07,106
05-11-2022,Tomato,Warangal,Telangana,1590.64,142
05-11-2022,Potato,Karimnagar,Telangana,1700.48,124
05-11-2022,Onion,Adilabad,Telangana,1426.15,140
05-11-2022,Rice,Warangal,Telangana,2530.93,116
05-11-2022,Tomato,Hyderabad,Telangana,1672.86,124
05-11-2022,Onion,Nizamabad,Telangana,1627.22,95
05-11-2022,Tomato,Karimnagar,Telangana,1387.95,194
05-11-2022,Rice,Adilabad,Telangana,2637.32,74
05-11-2022,Potato,Hyderabad,Telangana,1636.14,222
05-11-2022,Tomato,Adilabad,Telangana,1373.15,160
05-11-2022,Potato,Khammam,Telangana,1789.4,125
05-11-2022,Onion,Khammam,Telangana,1354.67,160
05-11-2022,Tomato,Nizamabad,Telangana,1443.09,207
05-11-2022,Onion,Karimnagar,Telangana,1425.93,92
05-11-2023,Rice,Khammam,Telangana,2356.5,180
05-11-2023,Potato,Khammam,Telangana,1878.41,150
05-11-2023,Potato,Karimnagar,Telangana,2095.99,90
05-11-2023,Tomato,Karimnagar,Telangana,1493.61,90
05-11-2023,Rice,Karimnagar,Telangana,2797.67,90
05-11-2023,Onion,Warangal,Telangana,1215.19,251
05-11-2023,Tomato,Warangal,Telangana,1566.31,91
05-11-2023,Potato,Warangal,Telangana,1723.27,96
05-11-2023,Potato,Nizamabad,Telangana,1963.98,38
05-11-2023,Onion,Karimnagar,Telangana,1388.32,179
05-11-2023,Onion,Nizamabad,Telangana,1408.54,121
05-11-2023,Onion,Hyderabad,Telangana,1407.53,162
05-11-2023,Rice,Hyderabad,Telangana,2550.22,111
05-11-2023,Rice,Nizamabad,Telangana,2557.73,112
05-11-2023,Onion,Adilabad,Telangana,1170.52,123
05-11-2023,Tomato,Hyderabad,Telangana,1905.88,20
05-11-2023,Tomato,Adilabad,Telangana,1691.58,155
05-11-2023,Rice,Adilabad,Telangana,2692.31,107
05-11-2023,Onion,Khammam,Telangana,1178.62,164
05-11-2023,Potato,Adilabad,Telangana,1843.83,140
05-11-2023,Tomato,Khammam,Telangana,1729.23,123
05-12-2022,Rice,Khammam,Telangana,2542.45,182
05-12-2022,Potato,Adilabad,Telangana,2163.31,51
05-12-2022,Potato,Warangal,Telangana,1829.51,111
05-12-2022,Potato,Karimnagar,Telangana,1886.32,127
05-12-2022,Potato,Hyderabad,Telangana,2079.48,90
05-12-2022,Onion,Adilabad,Telangana,1493.93,145
05-12-2022,Tomato,Khammam,Telangana,1757.6,96
05-12-2022,Onion,Karimnagar,Telangana,1731.35,52
05-12-2022,Tomato,Adilabad,Telangana,1945.09,78
05-12-2022,Onion,Khammam,Telangana,1465.53,79
05-12-2022,Potato,Khammam,Telangana,1878.03,127
05-12-2022,Onion,Nizamabad,Telangana,1460.23,72
05-12-2022,Rice,Warangal,Telangana,2983.35,72
05-12-2022,Tomato,Warangal,Telangana,1864.75,110
05-12-2022,Tomato,Karimnagar,Telangana,1602.36,96
05-12-2022,Rice,Nizamabad,Telangana,2811.35,76
05-12-2022,Onion,Hyderabad,Telangana,1391.26,166
05-12-2022,Onion,Warangal,Telangana,1467.4,107
05-12-2022,Tomato,Nizamabad,Telangana,1666.9,68
05-12-2022,Potato,Nizamabad,Telangana,1803.25,195
05-12-2022,Rice,Karimnagar,Telangana,2844.79,141
05-12-2022,Rice,Adilabad,Telangana,2680.67,139
05-12-2023,Tomato,Khammam,Telangana,1994.63,63
05-12-2023,Potato,Adilabad,Telangana,2001.86,40
05-12-2023,Tomato,Adilabad,Telangana,1572.35,124
05-12-2023,Tomato,Warangal,Telangana,1831.98,89
05-12-2023,Onion,Adilabad,Telangana,1318.61,103
05-12-2023,Potato,Hyderabad,Telangana,1825.0,119
05-12-2023,Potato,Warangal,Telangana,1984.46,120
05-12-2023,Tomato,Karimnagar,Telangana,1646.89,161
05-12-2023,Rice,Khammam,Telangana,2667.86,112
05-12-2023,Rice,Karimnagar,Telangana,2691.27,72
05-12-2023,Onion,Warangal,Telangana,1318.5,116
05-12-2023,Onion,Karimnagar,Telangana,1477.55,80
05-12-2023,Rice,Nizamabad,Telangana,2520.6,213
05-12-2023,Onion,Khammam,Telangana,1321.03,114
05-12-2023,Potato,Nizamabad,Telangana,1758.22,156
05-12-2023,Potato,Karimnagar,Telangana,1875.61,146
05-12-2023,Onion,Hyderabad,Telangana,1474.88,153
05-12-2023,Tomato,Nizamabad,Telangana,1827.77,83
05-12-2023,Rice,Warangal,Telangana,2738.06,77
05-12-2023,Rice,Hyderabad,Telangana,2757.06,100
05-12-2023,Rice,Adilabad,Telangana,2438.62,142
05-12-2023,Potato,Khammam,Telangana,1960.9,137
05-12-2023,Onion,Nizamabad,Telangana,1495.38,122
05-12-2023,Tomato,Hyderabad,Telangana,1964.51,63
06-01-2022,Tomato,Warangal,Telangana,1834.81,100
06-01-2022,Tomato,Hyderabad,Telangana,1759.31,101
06-01-2022,Onion,Adilabad,Telangana,1706.27,199
06-01-2022,Rice,Hyderabad,Telangana,2747.36,184
06-01-2022,Rice,Karimnagar,Telangana,2804.92,74
06-01-2022,Potato,Karimnagar,Telangana,1909.15,129
06-01-2022,Rice,Khammam,Telangana,2708.92,130
06-01-2022,Onion,Hyderabad,Telangana,1662.35,91
06-01-2022,Onion,Karimnagar,Telangana,1485.48,132
06-01-2022,Tomato,Nizamabad,Telangana,1758.36,98
06-01-2022,Onion,Warangal,Telangana,1761.45,128
06-01-2022,Potato,Khammam,Telangana,2396.34,36
06-01-2022,Onion,Nizamabad,Telangana,1487.32,177
06-01-2022,Potato,Nizamabad,Telangana,1940.66,109
06-01-2022,Rice,Warangal,Telangana,2812.22,39
06-01-2022,Potato,Warangal,Telangana,1855.64,149
06-01-2022,Tomato,Khammam,Telangana,1543.86,214
06-01-2022,Tomato,Adilabad,Telangana,1595.39,133
06-01-2022,Tomato,Karimnagar,Telangana,1788.56,121
06-01-2022,Rice,Nizamabad,Telangana,2735.48,131
06-01-2023,Tomato,Nizamabad,Telangana,1811.68,100
06-01-2023,Tomato,Warangal,Telangana,1684.17,91
06-01-2023,Onion,Nizamabad,Telangana,1575.36,112
06-01-2023,Rice,Warangal,Telangana,2816.63,20
06-01-2023,Potato,Karimnagar,Telangana,1985.17,112
06-01-2023,Rice,Khammam,Telangana,2915.83,82
06-01-2023,Potato,Warangal,Telangana,2074.51,118
06-01-2023,Onion,Karimnagar,Telangana,1410.18,143
06-01-2023,Tomato,Adilabad,Telangana,1703.37,87
06-01-2023,Onion,Hyderabad,Telangana,1762.47,94
06-01-2023,Onion,Khammam,Telangana,1559.12,68
06-01-2023,Tomato,Hyderabad,Telangana,1771.64,46
06-01-2023,Potato,Khammam,Telangana,2217.4,149
06-01-2023,Rice,Karimnagar,Telangana,2718.11,147
06-01-2023,Potato,Nizamabad,Telangana,2135.93,51
06-01-2023,Tomato,Khammam,Telangana,1969.76,41
06-01-2023,Onion,Adilabad,Telangana,1560.66,137
06-01-2023,Onion,Warangal,Telangana,1656.2,37
06-01-2023,Rice,Adilabad,Telangana,2962.35,108
06-01-2023,Potato,Adilabad,Telangana,1879.03,126
06-01-2023,Potato,Hyderabad,Telangana,1941.93,122
06-01-2023,Rice,Hyderabad,Telangana,2946.25,154
06-01-2023,Rice,Nizamabad,Telangana,2925.61,20
06-01-2023,Tomato,Karimnagar,Telangana,1726.22,157
06-01-2024,Rice,Hyderabad,Telangana,2539.37,139
06-01-2024,Onion,Adilabad,Telangana,1470.66,153
06-01-2024,Onion,Khammam,Telangana,1644.52,78
06-01-2024,Rice,Warangal,Telangana,2968.39,111
06-01-2024,Potato,Adilabad,Telangana,1962.79,69
06-01-2024,Rice,Adilabad,Telangana,2942.01,113
06-01-2024,Tomato,Warangal,Telangana,1690.44,111
06-01-2024,Rice,Nizamabad,Telangana,2821.02,94
06-01-2024,Onion,Hyderabad,Telangana,1759.59,39
06-01-2024,Potato,Khammam,Telangana,2067.16,100
06-01-2024,Tomato,Nizamabad,Telangana,1825.19,136
06-01-2024,Tomato,Khammam,Telangana,1877.55,164
06-01-2024,Rice,Karimnagar,Telangana,2630.77,128
06-01-2024,Potato,Nizamabad,Telangana,2210.28,86
06-01-2024,Potato,Karimnagar,Telangana,1932.13,91
06-01-2024,Tomato,Hyderabad,Telangana,1610.02,167
06-01-2024,Onion,Nizamabad,Telangana,1792.69,72
06-01-2024,Rice,Khammam,Telangana,2966.38,138
06-01-2024,Onion,Warangal,Telangana,1561.97,115
06-01-2024,Potato,Warangal,Telangana,2064.71,73
06-01-2024,Onion,Karimnagar,Telangana,1724.56,71
06-01-2024,Tomato,Adilabad,Telangana,1748.32,140
06-01-2024,Potato,Hyderabad,Telangana,1947.29,141
06-01-2024,Tomato,Karimnagar,Telangana,1846.83,72
06-02-2022,Tomato,Nizamabad,Telangana,1846.14,105
06-02-2022,Onion,Warangal,Telangana,1681.47,107
06-02-2022,Tomato,Hyderabad,Telangana,2067.92,118
06-02-2022,Tomato,Karimnagar,Telangana,2066.58,74
06-02-2022,Onion,Nizamabad,Telangana,1613.75,71
06-02-2022,Rice,Hyderabad,Telangana,2712.4,206
06-02-2022,Tomato,Adilabad,Telangana,2182.98,56
06-02-2022,Rice,Khammam,Telangana,2849.99,101
06-02-2022,Rice,Karimnagar,Telangana,2696.05,124
06-02-2022,Potato,Karimnagar,Telangana,2000.72,190
06-02-2022,Onion,Hyderabad,Telangana,1695.33,147
06-02-2022,Onion,Karimnagar,Telangana,1774.42,61
06-02-2022,Potato,Nizamabad,Telangana,2086.87,118
06-02-2022,Potato,Hyderabad,Telangana,1990.01,112
06-02-2022,Rice,Adilabad,Telangana,2888.28,103
06-02-2022,Rice,Nizamabad,Telangana,2928.0,91
06-02-2022,Onion,Adilabad,Telangana,1539.12,181
06-02-2022,Onion,Khammam,Telangana,1551.68,134
06-02-2022,Rice,Warangal,Telangana,3043.77,95
06-02-2022,Potato,Adilabad,Telangana,2041.3,160
06-02-2022,Tomato,Warangal,Telangana,1995.72,107
06-02-2022,Potato,Warangal,Telangana,2123.12,73
06-02-2022,Potato,Khammam,Telangana,2071.43,91
06-02-2023,Potato,Adilabad,Telangana,2146.24,83
06-02-2023,Tomato,Khammam,Telangana,1975.93,113
06-02-2023,Potato,Nizamabad,Telangana,2000.57,90
06-02-2023,Rice,Warangal,Telangana,2819.55,133
06-02-2023,Rice,Nizamabad,Telangana,3128.56,110
06-02-2023,Potato,Karimnagar,Telangana,2103.92,115
06-02-2023,Rice,Adilabad,Telangana,2975.02,202
06-02-2023,Rice,Khammam,Telangana,2781.49,197
06-02-2023,Tomato,Hyderabad,Telangana,1814.69,123
06-02-2023,Rice,Hyderabad,Telangana,2902.24,111
06-02-2023,Potato,Khammam,Telangana,2036.89,114
06-02-2023,Rice,Karimnagar,Telangana,3136.72,140
06-02-2023,Onion,Adilabad,Telangana,1678.74,140
06-02-2023,Onion,Karimnagar,Telangana,1859.72,68
06-02-2023,Onion,Warangal,Telangana,1589.53,117
06-02-2023,Tomato,Karimnagar,Telangana,1989.99,84
06-02-2023,Potato,Warangal,Telangana,2136.74,66
06-02-2023,Onion,Khammam,Telangana,1906.08,70
06-02-2023,Tomato,Warangal,Telangana,1785.4,94
06-02-2023,Tomato,Adilabad,Telangana,1570.29,212
06-02-2023,Tomato,Nizamabad,Telangana,1918.26,211
06-02-2023,Potato,Hyderabad,Telangana,1798.91,154
06-02-2023,Onion,Nizamabad,Telangana,1562.8,174
06-02-2024,Rice,Warangal,Telangana,2885.2,117
06-02-2024,Onion,Hyderabad,Telangana,1716.64,140
06-02-2024,Rice,Hyderabad,Telangana,2938.16,165
06-02-2024,Tomato,Warangal,Telangana,1819.05,183
06-02-2024,Tomato,Nizamabad,Telangana,1857.0,129
06-02-2024,Tomato,Adilabad,Telangana,2010.03,102
06-02-2024,Potato,Warangal,Telangana,1982.67,175
06-02-2024,Onion,Nizamabad,Telangana,1819.67,127
06-02-2024,Onion,Warangal,Telangana,1445.76,174
06-02-2024,Rice,Adilabad,Telangana,2899.7,119
06-02-2024,Potato,Hyderabad,Telangana,2350.6,40
06-02-2024,Onion,Adilabad,Telangana,1359.23,151
06-02-2024,Tomato,Hyderabad,Telangana,1834.45,132
06-02-2024,Rice,Khammam,Telangana,2866.5,140
06-02-2024,Potato,Nizamabad,Telangana,2219.04,81
06-02-2024,Onion,Karimnagar,Telangana,1792.76,103
06-02-2024,Tomato,Karimnagar,Telangana,1900.59,135
06-02-2024,Potato,Karimnagar,Telangana,1986.05,156
06-02-2024,Rice,Karimnagar,Telangana,2767.67,78
06-02-2024,Potato,Khammam,Telangana,2381.17,79
06-02-2024,Rice,Nizamabad,Telangana,3018.37,108
06-02-2024,Tomato,Khammam,Telangana,1628.51,131
06-02-2024,Potato,Adilabad,Telangana,2022.58,160
06-03-2022,Potato,Warangal,Telangana,2033.08,102
06-03-2022,Rice,Karimnagar,Telangana,2967.04,127
06-03-2022,Potato,Khammam,Telangana,2195.2,135
06-03-2022,Onion,Nizamabad,Telangana,1942.27,108
06-03-2022,Potato,Nizamabad,Telangana,2105.33,127
06-03-2022,Tomato,Khammam,Telangana,1993.56,64
06-03-2022,Onion,Hyderabad,Telangana,1797.33,78
06-03-2022,Rice,Warangal,Telangana,2831.09,142
06-03-2022,Tomato,Karimnagar,Telangana,1756.46,72
06-03-2022,Onion,Warangal,Telangana,1785.34,121
06-03-2022,Rice,Khammam,Telangana,2898.69,117
06-03-2022,Tomato,Nizamabad,Telangana,1941.2,112
06-03-2022,Tomato,Hyderabad,Telangana,1871.98,123
06-03-2022,Potato,Hyderabad,Telangana,1890.85,159
06-03-2022,Tomato,Adilabad,Telangana,2013.73,142
06-03-2022,Potato,Karimnagar,Telangana,2153.89,49
06-03-2022,Rice,Nizamabad,Telangana,2940.76,112
06-03-2022,Onion,Adilabad,Telangana,1859.47,140
06-03-2022,Rice,Hyderabad,Telangana,2968.47,125
06-03-2022,Potato,Adilabad,Telangana,2262.24,55
06-03-2022,Tomato,Warangal,Telangana,2085.4,164
06-03-2022,Onion,Karimnagar,Telangana,1557.55,173
06-03-2023,Rice,Nizamabad,Telangana,3055.52,114
06-03-2023,Tomato,Warangal,Telangana,1992.79,126
06-03-2023,Tomato,Adilabad,Telangana,2140.89,142
06-03-2023,Onion,Warangal,Telangana,1672.03,150
06-03-2023,Rice,Khammam,Telangana,3030.63,133
06-03-2023,Potato,Khammam,Telangana,2282.64,48
06-03-2023,Rice,Warangal,Telangana,2774.98,133
06-03-2023,Potato,Karimnagar,Telangana,2040.85,130
06-03-2023,Rice,Hyderabad,Telangana,2955.71,128
06-03-2023,Potato,Adilabad,Telangana,2146.4,161
06-03-2023,Onion,Khammam,Telangana,1814.17,63
06-03-2023,Tomato,Nizamabad,Telangana,1980.63,79
06-03-2023,Onion,Adilabad,Telangana,2052.14,90
06-03-2023,Rice,Karimnagar,Telangana,3073.54,28
06-03-2023,Potato,Warangal,Telangana,2221.5,144
06-03-2023,Potato,Nizamabad,Telangana,2224.45,142
06-03-2023,Tomato,Hyderabad,Telangana,2060.35,97
06-03-2023,Tomato,Karimnagar,Telangana,2143.84,57
06-03-2023,Tomato,Khammam,Telangana,1805.41,127
06-03-2023,Onion,Hyderabad,Telangana,1644.56,140
06-03-2023,Potato,Hyderabad,Telangana,2238.91,89
06-03-2023,Rice,Adilabad,Telangana,2849.07,91
06-03-2024,Onion,Nizamabad,Telangana,1835.41,96
06-03-2024,Onion,Warangal,Telangana,1650.37,176
06-03-2024,Potato,Warangal,Telangana,2070.3,106
06-03-2024,Rice,Karimnagar,Telangana,2899.33,70
06-03-2024,Onion,Adilabad,Telangana,1799.77,163
06-03-2024,Onion,Hyderabad,Telangana,1906.2,169
06-03-2024,Tomato,Hyderabad,Telangana,1675.36,77
06-03-2024,Rice,Hyderabad,Telangana,3054.3,49
06-03-2024,Rice,Khammam,Telangana,2696.79,154
06-03-2024,Rice,Nizamabad,Telangana,2911.84,102
06-03-2024,Potato,Adilabad,Telangana,2241.18,100
06-03-2024,Tomato,Warangal,Telangana,1971.59,56
06-03-2024,Potato,Hyderabad,Telangana,1928.01,169
06-03-2024,Tomato,Nizamabad,Telangana,2009.41,143
06-03-2024,Tomato,Khammam,Telangana,2059.06,35
06-03-2024,Potato,Khammam,Telangana,2153.28,100
06-03-2024,Tomato,Karimnagar,Telangana,1986.97,94
06-03-2024,Onion,Karimnagar,Telangana,1916.36,70
06-03-2024,Rice,Warangal,Telangana,3024.94,80
06-03-2024,Rice,Adilabad,Telangana,3005.2,44
06-04-2022,Tomato,Khammam,Telangana,1866.94,171
06-04-2022,Rice,Adilabad,Telangana,2777.68,179
06-04-2022,Potato,Khammam,Telangana,2425.94,64
06-04-2022,Tomato,Adilabad,Telangana,1818.59,82
06-04-2022,Rice,Nizamabad,Telangana,3077.21,105
06-04-2022,Onion,Karimnagar,Telangana,1788.34,66
06-04-2022,Tomato,Hyderabad,Telangana,2098.35,102
06-04-2022,Onion,Adilabad,Telangana,1605.34,169
06-04-2022,Rice,Warangal,Telangana,3350.25,36
06-04-2022,Onion,Nizamabad,Telangana,1871.76,88
06-04-2022,Onion,Khammam,Telangana,1744.21,108
06-04-2022,Potato,Karimnagar,Telangana,2009.92,207
06-04-2022,Potato,Nizamabad,Telangana,2128.74,126
06-04-2022,Potato,Adilabad,Telangana,2384.04,65
06-04-2022,Potato,Warangal,Telangana,2013.43,116
06-04-2022,Tomato,Nizamabad,Telangana,1975.11,97
06-04-2022,Onion,Warangal,Telangana,1935.36,137
06-04-2022,Onion,Hyderabad,Telangana,1861.04,116
06-04-2022,Potato,Hyderabad,Telangana,2248.22,156
06-04-2022,Rice,Karimnagar,Telangana,2905.74,181
06-04-2022,Rice,Hyderabad,Telangana,2867.3,121
06-04-2023,Onion,Karimnagar,Telangana,1751.27,145
06-04-2023,Tomato,Karimnagar,Telangana,2128.5,100
06-04-2023,Potato,Nizamabad,Telangana,2055.73,235
06-04-2023,Onion,Nizamabad,Telangana,1706.97,112
06-04-2023,Rice,Karimnagar,Telangana,3206.7,100
06-04-2023,Potato,Warangal,Telangana,2334.35,76
06-04-2023,Tomato,Nizamabad,Telangana,1860.66,169
06-04-2023,Potato,Karimnagar,Telangana,2448.22,87
06-04-2023,Rice,Adilabad,Telangana,3045.34,123
06-04-2023,Tomato,Adilabad,Telangana,2070.82,78
06-04-2023,Tomato,Hyderabad,Telangana,1752.4,162
06-04-2023,Potato,Adilabad,Telangana,2313.25,89
06-04-2023,Onion,Hyderabad,Telangana,1657.19,111
06-04-2023,Rice,Warangal,Telangana,2995.71,20
06-04-2023,Tomato,Warangal,Telangana,1742.89,198
06-04-2023,Rice,Hyderabad,Telangana,2754.27,269
06-04-2023,Onion,Adilabad,Telangana,1477.03,153
06-04-2023,Onion,Warangal,Telangana,1690.61,102
06-04-2023,Onion,Khammam,Telangana,1770.4,120
06-04-2023,Potato,Khammam,Telangana,2139.96,125
06-04-2023,Tomato,Khammam,Telangana,1727.96,165
06-04-2024,Tomato,Nizamabad,Telangana,1914.29,162
06-04-2024,Tomato,Adilabad,Telangana,1791.49,104
06-04-2024,Tomato,Karimnagar,Telangana,1819.37,101
06-04-2024,Rice,Adilabad,Telangana,3131.5,116
06-04-2024,Potato,Karimnagar,Telangana,2226.61,209
06-04-2024,Onion,Adilabad,Telangana,1719.5,141
06-04-2024,Onion,Hyderabad,Telangana,1653.73,141
06-04-2024,Onion,Warangal,Telangana,1945.08,78
06-04-2024,Tomato,Warangal,Telangana,1904.06,114
06-04-2024,Onion,Nizamabad,Telangana,1680.84,111
06-04-2024,Rice,Nizamabad,Telangana,2942.89,117
06-04-2024,Rice,Hyderabad,Telangana,3070.95,88
06-04-2024,Rice,Karimnagar,Telangana,2760.17,156
06-04-2024,Onion,Karimnagar,Telangana,1825.68,58
06-04-2024,Rice,Khammam,Telangana,3002.85,78
06-04-2024,Onion,Khammam,Telangana,1725.36,139
06-04-2024,Potato,Warangal,Telangana,2216.25,118
06-04-2024,Tomato,Hyderabad,Telangana,1902.95,127
06-04-2024,Potato,Nizamabad,Telangana,2219.66,24
06-04-2024,Potato,Hyderabad,Telangana,2050.59,173
06-04-2024,Rice,Warangal,Telangana,3085.99,155
06-04-2024,Potato,Adilabad,Telangana,2201.77,100
06-04-2024,Potato,Khammam,Telangana,2294.64,89
06-05-2022,Potato,Karimnagar,Telangana,2326.77,73
06-05-2022,Potato,Nizamabad,Telangana,2246.52,60
06-05-2022,Tomato,Karimnagar,Telangana,2028.42,99
06-05-2022,Potato,Adilabad,Telangana,2196.62,90
06-05-2022,Tomato,Warangal,Telangana,1757.13,153
06-05-2022,Onion,Nizamabad,Telangana,1897.73,150
06-05-2022,Tomato,Nizamabad,Telangana,1953.14,112
06-05-2022,Onion,Hyderabad,Telangana,1412.5,177
06-05-2022,Tomato,Hyderabad,Telangana,2139.33,69
06-05-2022,Rice,Nizamabad,Telangana,3206.22,62
06-05-2022,Tomato,Adilabad,Telangana,2194.45,87
06-05-2022,Rice,Khammam,Telangana,2818.98,180
06-05-2022,Rice,Karimnagar,Telangana,2913.29,155
06-05-2022,Rice,Adilabad,Telangana,2838.74,110
06-05-2022,Rice,Warangal,Telangana,3072.5,172
06-05-2022,Onion,Karimnagar,Telangana,1490.58,169
06-05-2022,Potato,Warangal,Telangana,2189.9,155
06-05-2022,Potato,Khammam,Telangana,2047.77,129
06-05-2022,Potato,Hyderabad,Telangana,2256.28,123
06-05-2022,Rice,Hyderabad,Telangana,3067.32,101
06-05-2022,Tomato,Khammam,Telangana,2022.23,101
06-05-2022,Onion,Warangal,Telangana,1843.92,167
06-05-2022,Onion,Khammam,Telangana,1521.67,172
06-05-2022,Onion,Adilabad,Telangana,1849.79,37
06-05-2023,Tomato,Karimnagar,Telangana,1793.04,128
06-05-2023,Potato,Khammam,Telangana,2057.43,49
06-05-2023,Onion,Khammam,Telangana,1682.44,140
06-05-2023,Onion,Warangal,Telangana,1611.6,122
06-05-2023,Onion,Nizamabad,Telangana,1837.18,46
06-05-2023,Onion,Adilabad,Telangana,1588.09,159
06-05-2023,Tomato,Warangal,Telangana,1781.21,154
06-05-2023,Rice,Khammam,Telangana,3003.79,130
06-05-2023,Rice,Warangal,Telangana,2774.05,180
06-05-2023,Rice,Adilabad,Telangana,2757.58,146
06-05-2023,Onion,Hyderabad,Telangana,1661.79,116
06-05-2023,Rice,Hyderabad,Telangana,3034.11,114
06-05-2023,Potato,Warangal,Telangana,2113.9,169
06-05-2023,Tomato,Adilabad,Telangana,1902.74,102
06-05-2023,Rice,Nizamabad,Telangana,2751.18,145
06-05-2023,Onion,Karimnagar,Telangana,1783.3,132
06-05-2023,Potato,Nizamabad,Telangana,2289.85,70
06-05-2023,Tomato,Hyderabad,Telangana,1916.24,151
06-05-2023,Potato,Karimnagar,Telangana,2322.25,83
06-05-2023,Tomato,Nizamabad,Telangana,1590.58,202
06-05-2023,Potato,Hyderabad,Telangana,2348.51,93
06-05-2023,Potato,Adilabad,Telangana,2301.11,74
06-05-2023,Rice,Karimnagar,Telangana,2871.57,141
06-05-2024,Tomato,Adilabad,Telangana,1810.48,62
06-05-2024,Onion,Hyderabad,Telangana,1855.85,105
06-05-2024,Potato,Nizamabad,Telangana,2115.79,103
06-05-2024,Onion,Nizamabad,Telangana,1742.55,110
06-05-2024,Potato,Khammam,Telangana,2094.7,90
06-05-2024,Potato,Warangal,Telangana,1853.28,150
06-05-2024,Onion,Warangal,Telangana,1727.57,105
06-05-2024,Potato,Hyderabad,Telangana,2041.66,82
06-05-2024,Rice,Adilabad,Telangana,2953.89,166
06-05-2024,Tomato,Warangal,Telangana,1579.55,188
06-05-2024,Rice,Warangal,Telangana,3141.75,65
06-05-2024,Onion,Karimnagar,Telangana,1616.11,168
06-05-2024,Rice,Nizamabad,Telangana,3068.46,67
06-05-2024,Rice,Karimnagar,Telangana,2980.17,139
06-05-2024,Onion,Adilabad,Telangana,1847.57,106
06-05-2024,Tomato,Hyderabad,Telangana,2200.96,33
06-05-2024,Onion,Khammam,Telangana,1577.14,94
06-05-2024,Tomato,Khammam,Telangana,1977.12,111
06-05-2024,Tomato,Karimnagar,Telangana,2013.89,87
06-05-2024,Potato,Adilabad,Telangana,2112.44,126
06-05-2024,Rice,Hyderabad,Telangana,2684.71,119
06-06-2022,Tomato,Adilabad,Telangana,1751.76,163
06-06-2022,Potato,Karimnagar,Telangana,2207.03,147
06-06-2022,Potato,Khammam,Telangana,2173.54,94
06-06-2022,Potato,Hyderabad,Telangana,2012.62,167
06-06-2022,Onion,Adilabad,Telangana,1530.03,101
06-06-2022,Rice,Warangal,Telangana,3062.16,135
06-06-2022,Potato,Nizamabad,Telangana,2023.79,143
06-06-2022,Rice,Nizamabad,Telangana,2949.01,77
06-06-2022,Tomato,Karimnagar,Telangana,1666.71,160
06-06-2022,Onion,Karimnagar,Telangana,1688.36,183
06-06-2022,Potato,Adilabad,Telangana,2263.91,121
06-06-2022,Onion,Hyderabad,Telangana,1600.17,121
06-06-2022,Rice,Hyderabad,Telangana,2905.27,96
06-06-2022,Onion,Khammam,Telangana,1573.36,175
06-06-2022,Onion,Nizamabad,Telangana,1665.69,116
06-06-2022,Tomato,Warangal,Telangana,1725.84,121
06-06-2022,Tomato,Nizamabad,Telangana,1827.87,154
06-06-2022,Potato,Warangal,Telangana,2107.6,86
06-06-2022,Rice,Karimnagar,Telangana,2741.72,168
06-06-2022,Rice,Adilabad,Telangana,2924.22,107
06-06-2022,Tomato,Hyderabad,Telangana,1879.72,153
06-06-2023,Onion,Warangal,Telangana,1613.56,59
06-06-2023,Tomato,Adilabad,Telangana,1885.03,109
06-06-2023,Potato,Warangal,Telangana,2029.07,106
06-06-2023,Tomato,Hyderabad,Telangana,1757.48,163
06-06-2023,Tomato,Khammam,Telangana,2022.73,113
06-06-2023,Potato,Khammam,Telangana,2232.54,30
06-06-2023,Potato,Nizamabad,Telangana,1907.87,62
06-06-2023,Tomato,Karimnagar,Telangana,2034.79,110
06-06-2023,Onion,Nizamabad,Telangana,1869.0,105
06-06-2023,Tomato,Nizamabad,Telangana,2068.31,64
06-06-2023,Potato,Adilabad,Telangana,1926.72,116
06-06-2023,Onion,Hyderabad,Telangana,1524.94,150
06-06-2023,Rice,Nizamabad,Telangana,3095.76,66
06-06-2023,Potato,Hyderabad,Telangana,1942.08,112
06-06-2023,Rice,Karimnagar,Telangana,2735.32,137
06-06-2023,Rice,Warangal,Telangana,3088.16,71
06-06-2023,Rice,Khammam,Telangana,2658.53,103
06-06-2023,Rice,Hyderabad,Telangana,2895.19,94
06-06-2023,Tomato,Warangal,Telangana,1589.97,179
06-06-2023,Rice,Adilabad,Telangana,3016.95,130
06-06-2023,Onion,Adilabad,Telangana,1804.44,123
06-06-2023,Onion,Karimnagar,Telangana,1578.55,181
06-06-2024,Potato,Karimnagar,Telangana,1808.94,115
06-06-2024,Rice,Adilabad,Telangana,2834.62,99
06-06-2024,Tomato,Karimnagar,Telangana,1899.76,137
06-06-2024,Rice,Khammam,Telangana,2731.58,167
06-06-2024,Rice,Nizamabad,Telangana,3129.24,149
06-06-2024,Onion,Hyderabad,Telangana,1451.54,150
06-06-2024,Rice,Warangal,Telangana,2687.46,68
06-06-2024,Onion,Khammam,Telangana,1570.56,157
06-06-2024,Potato,Nizamabad,Telangana,2108.26,70
06-06-2024,Tomato,Khammam,Telangana,1671.39,152
06-06-2024,Potato,Khammam,Telangana,2014.38,137
06-06-2024,Onion,Warangal,Telangana,1679.01,150
06-06-2024,Tomato,Warangal,Telangana,1981.43,69
06-06-2024,Tomato,Nizamabad,Telangana,1780.16,174
06-06-2024,Tomato,Hyderabad,Telangana,1746.6,90
06-06-2024,Rice,Hyderabad,Telangana,2804.02,109
06-06-2024,Potato,Adilabad,Telangana,2062.0,61
06-06-2024,Potato,Warangal,Telangana,1797.25,106
06-06-2024,Rice,Karimnagar,Telangana,2887.67,115
06-06-2024,Onion,Karimnagar,Telangana,1480.14,140
06-06-2024,Potato,Hyderabad,Telangana,2114.1,131
06-07-2022,Tomato,Adilabad,Telangana,1835.68,96
06-07-2022,Rice,Warangal,Telangana,2698.25,157
06-07-2022,Onion,Nizamabad,Telangana,1360.64,176
06-07-2022,Onion,Hyderabad,Telangana,1604.99,72
06-07-2022,Potato,Khammam,Telangana,1781.89,153
06-07-2022,Potato,Karimnagar,Telangana,2208.95,103
06-07-2022,Tomato,Khammam,Telangana,1978.01,94
06-07-2022,Rice,Nizamabad,Telangana,2672.84,126
06-07-2022,Potato,Nizamabad,Telangana,1805.37,142
06-07-2022,Rice,Khammam,Telangana,2753.05,83
06-07-2022,Onion,Karimnagar,Telangana,1374.04,155
06-07-2022,Rice,Karimnagar,Telangana,2786.21,115
06-07-2022,Tomato,Nizamabad,Telangana,1593.63,147
06-07-2022,Potato,Hyderabad,Telangana,1916.17,154
06-07-2022,Rice,Adilabad,Telangana,2389.21,139
06-07-2022,Onion,Warangal,Telangana,1595.74,110
06-07-2022,Potato,Adilabad,Telangana,1757.2,176
06-07-2022,Tomato,Hyderabad,Telangana,1747.07,178
06-07-2022,Potato,Warangal,Telangana,1964.86,130
06-07-2022,Rice,Hyderabad,Telangana,3082.39,47
06-07-2022,Onion,Adilabad,Telangana,1680.51,114
06-07-2022,Onion,Khammam,Telangana,1277.37,150
06-07-2022,Tomato,Warangal,Telangana,1792.17,107
06-07-2023,Potato,Hyderabad,Telangana,1719.06,174
06-07-2023,Potato,Warangal,Telangana,1807.2,145
06-07-2023,Rice,Warangal,Telangana,2715.6,106
06-07-2023,Onion,Adilabad,Telangana,1325.82,158
06-07-2023,Tomato,Nizamabad,Telangana,1549.55,137
06-07-2023,Rice,Nizamabad,Telangana,2569.42,196
06-07-2023,Onion,Karimnagar,Telangana,1572.09,186
06-07-2023,Rice,Karimnagar,Telangana,2529.51,128
06-07-2023,Tomato,Warangal,Telangana,1833.5,97
06-07-2023,Rice,Adilabad,Telangana,2623.23,136
06-07-2023,Potato,Nizamabad,Telangana,2114.32,23
06-07-2023,Tomato,Karimnagar,Telangana,1765.31,146
06-07-2023,Rice,Hyderabad,Telangana,3073.01,39
06-07-2023,Tomato,Hyderabad,Telangana,1565.21,203
06-07-2023,Potato,Adilabad,Telangana,1921.09,125
06-07-2023,Onion,Warangal,Telangana,1533.85,82
06-07-2023,Tomato,Khammam,Telangana,1822.62,91
06-07-2023,Rice,Khammam,Telangana,2692.05,92
06-07-2023,Onion,Nizamabad,Telangana,1380.71,110
06-07-2023,Potato,Karimnagar,Telangana,1839.93,208
06-07-2023,Onion,Khammam,Telangana,1644.22,138
06-07-2023,Potato,Khammam,Telangana,1834.74,172
06-08-2022,Onion,Nizamabad,Telangana,1294.38,147
06-08-2022,Rice,Adilabad,Telangana,2593.1,148
06-08-2022,Tomato,Nizamabad,Telangana,1583.68,127
06-08-2022,Tomato,Adilabad,Telangana,1355.7,181
06-08-2022,Potato,Warangal,Telangana,1924.66,129
06-08-2022,Rice,Hyderabad,Telangana,2775.92,110
06-08-2022,Onion,Warangal,Telangana,1386.61,202
06-08-2022,Potato,Khammam,Telangana,1987.82,105
06-08-2022,Tomato,Hyderabad,Telangana,1536.97,180
06-08-2022,Potato,Hyderabad,Telangana,1749.77,178
06-08-2022,Rice,Karimnagar,Telangana,2628.29,122
06-08-2022,Tomato,Karimnagar,Telangana,1828.89,87
06-08-2022,Onion,Hyderabad,Telangana,1477.86,116
06-08-2022,Onion,Adilabad,Telangana,1492.6,100
06-08-2022,Potato,Karimnagar,Telangana,1794.19,90
06-08-2022,Tomato,Warangal,Telangana,1833.77,71
06-08-2022,Potato,Nizamabad,Telangana,1917.98,143
06-08-2022,Onion,Khammam,Telangana,1381.08,104
06-08-2022,Tomato,Khammam,Telangana,1449.95,194
06-08-2022,Onion,Karimnagar,Telangana,1545.46,64
06-08-2023,Potato,Nizamabad,Telangana,1818.47,113
06-08-2023,Onion,Hyderabad,Telangana,1521.66,86
06-08-2023,Onion,Adilabad,Telangana,1443.01,156
06-08-2023,Tomato,Warangal,Telangana,1521.02,168
06-08-2023,Potato,Adilabad,Telangana,1982.51,108
06-08-2023,Tomato,Khammam,Telangana,1620.28,155
06-08-2023,Potato,Khammam,Telangana,1803.4,143
06-08-2023,Potato,Karimnagar,Telangana,1830.92,99
06-08-2023,Tomato,Nizamabad,Telangana,1734.95,119
06-08-2023,Rice,Nizamabad,Telangana,2843.01,87
06-08-2023,Rice,Khammam,Telangana,2547.79,114
06-08-2023,Onion,Karimnagar,Telangana,1330.4,196
06-08-2023,Tomato,Adilabad,Telangana,1908.21,20
06-08-2023,Rice,Warangal,Telangana,2533.72,150
06-08-2023,Rice,Adilabad,Telangana,2832.1,20
06-08-2023,Rice,Hyderabad,Telangana,2443.03,153
06-08-2023,Onion,Nizamabad,Telangana,1335.06,151
06-08-2023,Tomato,Hyderabad,Telangana,1860.85,160
06-08-2023,Potato,Warangal,Telangana,1827.36,123
06-08-2023,Rice,Karimnagar,Telangana,2554.1,183
06-08-2023,Onion,Khammam,Telangana,1805.41,30
06-09-2022,Tomato,Khammam,Telangana,1328.26,161
06-09-2022,Onion,Warangal,Telangana,1173.82,182
06-09-2022,Onion,Khammam,Telangana,1334.16,154
06-09-2022,Rice,Warangal,Telangana,2820.82,59
06-09-2022,Rice,Adilabad,Telangana,2812.07,109
06-09-2022,Potato,Nizamabad,Telangana,1509.39,122
06-09-2022,Tomato,Nizamabad,Telangana,1835.11,57
06-09-2022,Tomato,Hyderabad,Telangana,1640.49,78
06-09-2022,Potato,Khammam,Telangana,1763.91,54
06-09-2022,Onion,Adilabad,Telangana,1539.88,164
06-09-2022,Rice,Nizamabad,Telangana,2543.29,122
06-09-2022,Onion,Karimnagar,Telangana,1245.12,148
06-09-2022,Rice,Karimnagar,Telangana,2780.28,92
06-09-2022,Rice,Khammam,Telangana,2525.14,124
06-09-2022,Onion,Hyderabad,Telangana,1388.96,87
06-09-2022,Potato,Warangal,Telangana,1726.22,123
06-09-2022,Potato,Karimnagar,Telangana,1762.28,97
06-09-2022,Tomato,Warangal,Telangana,1715.52,136
06-09-2022,Onion,Nizamabad,Telangana,1379.46,119
06-09-2022,Potato,Hyderabad,Telangana,1721.79,147
06-09-2022,Potato,Adilabad,Telangana,1714.01,142
06-09-2023,Tomato,Karimnagar,Telangana,1669.09,123
06-09-2023,Tomato,Adilabad,Telangana,1643.74,93
06-09-2023,Rice,Warangal,Telangana,2748.33,90
06-09-2023,Potato,Nizamabad,Telangana,1714.4,134
06-09-2023,Potato,Warangal,Telangana,1789.35,137
06-09-2023,Potato,Khammam,Telangana,1410.65,161
06-09-2023,Potato,Hyderabad,Telangana,1665.37,109
06-09-2023,Onion,Hyderabad,Telangana,1765.16,74
06-09-2023,Onion,Nizamabad,Telangana,1580.33,110
06-09-2023,Tomato,Hyderabad,Telangana,1559.69,121
06-09-2023,Rice,Hyderabad,Telangana,2480.21,120
06-09-2023,Tomato,Nizamabad,Telangana,1725.98,134
06-09-2023,Rice,Nizamabad,Telangana,2680.81,86
06-09-2023,Rice,Adilabad,Telangana,2740.01,111
06-09-2023,Rice,Khammam,Telangana,2278.29,180
06-09-2023,Onion,Khammam,Telangana,1264.08,112
06-09-2023,Tomato,Warangal,Telangana,1619.24,127
06-09-2023,Tomato,Khammam,Telangana,1404.63,153
06-09-2023,Onion,Warangal,Telangana,1250.53,166
06-09-2023,Onion,Adilabad,Telangana,1413.84,109
06-09-2023,Potato,Karimnagar,Telangana,1900.07,70
06-09-2023,Rice,Karimnagar,Telangana,2672.67,118
06-10-2022,Tomato,Warangal,Telangana,1607.74,105
06-10-2022,Rice,Nizamabad,Telangana,2853.88,153
06-10-2022,Rice,Karimnagar,Telangana,2504.84,125
06-10-2022,Potato,Nizamabad,Telangana,1810.7,143
06-10-2022,Onion,Khammam,Telangana,1379.76,99
06-10-2022,Potato,Warangal,Telangana,1568.67,146
06-10-2022,Onion,Karimnagar,Telangana,1306.32,117
06-10-2022,Tomato,Hyderabad,Telangana,1548.63,100
06-10-2022,Rice,Warangal,Telangana,2578.26,95
06-10-2022,Tomato,Karimnagar,Telangana,1461.25,141
06-10-2022,Tomato,Khammam,Telangana,1916.65,81
06-10-2022,Tomato,Adilabad,Telangana,1766.61,61
06-10-2022,Onion,Nizamabad,Telangana,1314.65,163
06-10-2022,Onion,Warangal,Telangana,1688.83,69
06-10-2022,Potato,Karimnagar,Telangana,2001.22,47
06-10-2022,Potato,Hyderabad,Telangana,2074.95,39
06-10-2022,Onion,Hyderabad,Telangana,1431.91,122
06-10-2022,Potato,Khammam,Telangana,1882.8,106
06-10-2022,Tomato,Nizamabad,Telangana,1642.84,115
06-10-2022,Onion,Adilabad,Telangana,1567.1,145
06-10-2022,Rice,Adilabad,Telangana,2644.54,134
06-10-2022,Potato,Adilabad,Telangana,1633.28,164
06-10-2022,Rice,Khammam,Telangana,2846.37,103
06-10-2023,Potato,Warangal,Telangana,1720.92,144
06-10-2023,Onion,Nizamabad,Telangana,1504.02,105
06-10-2023,Onion,Adilabad,Telangana,1372.13,98
06-10-2023,Tomato,Hyderabad,Telangana,1769.49,46
06-10-2023,Potato,Karimnagar,Telangana,1908.28,20
06-10-2023,Onion,Khammam,Telangana,1479.25,114
06-10-2023,Onion,Karimnagar,Telangana,1445.78,95
06-10-2023,Potato,Nizamabad,Telangana,1683.07,127
06-10-2023,Rice,Karimnagar,Telangana,2568.64,100
06-10-2023,Rice,Warangal,Telangana,2437.29,87
06-10-2023,Tomato,Warangal,Telangana,1712.81,117
06-10-2023,Potato,Hyderabad,Telangana,1675.7,116
06-10-2023,Tomato,Adilabad,Telangana,1569.64,116
06-10-2023,Potato,Adilabad,Telangana,1511.32,208
06-10-2023,Onion,Hyderabad,Telangana,1361.0,151
06-10-2023,Rice,Khammam,Telangana,2479.28,114
06-10-2023,Rice,Hyderabad,Telangana,2419.27,118
06-10-2023,Rice,Nizamabad,Telangana,2441.67,117
06-10-2023,Rice,Adilabad,Telangana,2438.47,126
06-10-2023,Potato,Khammam,Telangana,1679.78,86
06-11-2022,Onion,Hyderabad,Telangana,1522.7,107
06-11-2022,Tomato,Warangal,Telangana,1406.53,135
06-11-2022,Tomato,Karimnagar,Telangana,1355.24,132
06-11-2022,Rice,Karimnagar,Telangana,2585.99,59
06-11-2022,Onion,Nizamabad,Telangana,1628.41,43
06-11-2022,Onion,Warangal,Telangana,1239.23,115
06-11-2022,Onion,Khammam,Telangana,1533.57,57
06-11-2022,Rice,Nizamabad,Telangana,2749.74,51
06-11-2022,Tomato,Hyderabad,Telangana,1584.57,139
06-11-2022,Potato,Khammam,Telangana,1860.67,132
06-11-2022,Rice,Khammam,Telangana,2668.8,86
06-11-2022,Rice,Adilabad,Telangana,2553.09,44
06-11-2022,Potato,Hyderabad,Telangana,1691.33,117
06-11-2022,Potato,Adilabad,Telangana,2016.73,78
06-11-2022,Potato,Karimnagar,Telangana,1752.9,64
06-11-2022,Onion,Karimnagar,Telangana,1450.45,80
06-11-2022,Potato,Warangal,Telangana,1745.54,128
06-11-2022,Potato,Nizamabad,Telangana,1636.33,188
06-11-2022,Tomato,Khammam,Telangana,1659.82,102
06-11-2022,Rice,Warangal,Telangana,2300.62,148
06-11-2023,Tomato,Nizamabad,Telangana,1616.16,99
06-11-2023,Potato,Hyderabad,Telangana,2070.45,57
06-11-2023,Rice,Adilabad,Telangana,2399.8,39
06-11-2023,Tomato,Hyderabad,Telangana,1678.73,65
06-11-2023,Rice,Karimnagar,Telangana,2655.02,96
06-11-2023,Rice,Warangal,Telangana,2569.83,57
06-11-2023,Rice,Nizamabad,Telangana,2547.11,152
06-11-2023,Onion,Adilabad,Telangana,1110.62,181
06-11-2023,Potato,Adilabad,Telangana,1514.17,156
06-11-2023,Potato,Khammam,Telangana,2190.3,33
06-11-2023,Potato,Nizamabad,Telangana,1649.08,185
06-11-2023,Tomato,Karimnagar,Telangana,1679.85,104
06-11-2023,Onion,Khammam,Telangana,1471.2,106
06-11-2023,Onion,Hyderabad,Telangana,1290.78,107
06-11-2023,Potato,Karimnagar,Telangana,1887.54,59
06-11-2023,Onion,Warangal,Telangana,1245.96,229
06-11-2023,Rice,Hyderabad,Telangana,2482.54,141
06-11-2023,Tomato,Adilabad,Telangana,1507.86,151
06-11-2023,Tomato,Warangal,Telangana,1498.11,115
06-11-2023,Potato,Warangal,Telangana,1725.02,104
06-11-2023,Rice,Khammam,Telangana,2536.24,124
06-11-2023,Onion,Nizamabad,Telangana,1115.08,198
06-11-2023,Onion,Karimnagar,Telangana,1250.6,159
06-11-2023,Tomato,Khammam,Telangana,1594.3,102
06-12-2022,Potato,Adilabad,Telangana,1950.11,90
06-12-2022,Rice,Hyderabad,Telangana,2423.33,216
06-12-2022,Tomato,Warangal,Telangana,1864.6,66
06-12-2022,Rice,Adilabad,Telangana,2830.75,105
06-12-2022,Onion,Hyderabad,Telangana,1430.34,68
06-12-2022,Rice,Warangal,Telangana,2913.55,117
06-12-2022,Potato,Karimnagar,Telangana,1946.32,162
06-12-2022,Onion,Adilabad,Telangana,1498.63,39
06-12-2022,Onion,Karimnagar,Telangana,1576.57,48
06-12-2022,Rice,Karimnagar,Telangana,2769.16,142
06-12-2022,Tomato,Hyderabad,Telangana,1752.03,157
06-12-2022,Onion,Nizamabad,Telangana,1387.57,175
06-12-2022,Rice,Nizamabad,Telangana,2576.18,160
06-12-2022,Tomato,Khammam,Telangana,1769.33,96
06-12-2022,Potato,Khammam,Telangana,1982.28,132
06-12-2022,Potato,Nizamabad,Telangana,1824.34,195
06-12-2022,Onion,Warangal,Telangana,1544.04,86
06-12-2022,Tomato,Adilabad,Telangana,1650.6,131
06-12-2022,Rice,Khammam,Telangana,2559.83,143
06-12-2022,Tomato,Nizamabad,Telangana,1941.84,66
06-12-2022,Potato,Hyderabad,Telangana,1994.25,46
06-12-2023,Tomato,Karimnagar,Telangana,1716.46,90
06-12-2023,Onion,Khammam,Telangana,1234.12,146
06-12-2023,Rice,Adilabad,Telangana,2610.4,133
06-12-2023,Rice,Warangal,Telangana,2562.43,127
06-12-2023,Rice,Karimnagar,Telangana,2636.44,78
06-12-2023,Tomato,Khammam,Telangana,1781.19,20
06-12-2023,Rice,Khammam,Telangana,2541.63,158
06-12-2023,Onion,Karimnagar,Telangana,1407.61,155
06-12-2023,Potato,Karimnagar,Telangana,1867.59,115
06-12-2023,Onion,Adilabad,Telangana,1192.25,155
06-12-2023,Potato,Adilabad,Telangana,2082.49,31
06-12-2023,Potato,Nizamabad,Telangana,1734.14,110
06-12-2023,Onion,Hyderabad,Telangana,1240.95,171
06-12-2023,Onion,Nizamabad,Telangana,1626.42,57
06-12-2023,Potato,Hyderabad,Telangana,1820.21,135
06-12-2023,Tomato,Hyderabad,Telangana,1669.34,107
06-12-2023,Potato,Khammam,Telangana,1901.01,79
06-12-2023,Rice,Hyderabad,Telangana,2493.36,182
06-12-2023,Tomato,Nizamabad,Telangana,1548.87,104
06-12-2023,Rice,Nizamabad,Telangana,2604.61,122
06-12-2023,Onion,Warangal,Telangana,1767.67,87
06-12-2023,Tomato,Warangal,Telangana,1655.59,156
06-12-2023,Tomato,Adilabad,Telangana,1604.68,166
06-12-2023,Potato,Warangal,Telangana,1743.39,172
07-01-2022,Tomato,Hyderabad,Telangana,1533.03,129
07-01-2022,Rice,Hyderabad,Telangana,2706.16,150
07-01-2022,Tomato,Warangal,Telangana,1760.24,184
07-01-2022,Rice,Adilabad,Telangana,2935.02,92
07-01-2022,Potato,Khammam,Telangana,1952.26,173
07-01-2022,Potato,Adilabad,Telangana,2014.33,79
07-01-2022,Tomato,Adilabad,Telangana,1998.48,20
07-01-2022,Rice,Khammam,Telangana,2807.03,185
07-01-2022,Tomato,Khammam,Telangana,1835.78,68
07-01-2022,Rice,Warangal,Telangana,2350.95,189
07-01-2022,Tomato,Karimnagar,Telangana,1844.12,112
07-01-2022,Onion,Hyderabad,Telangana,1616.41,115
07-01-2022,Potato,Hyderabad,Telangana,2073.13,108
07-01-2022,Potato,Nizamabad,Telangana,1896.56,153
07-01-2022,Rice,Nizamabad,Telangana,2601.56,175
07-01-2022,Tomato,Nizamabad,Telangana,1947.76,89
07-01-2022,Onion,Khammam,Telangana,1384.45,186
07-01-2022,Onion,Nizamabad,Telangana,1706.83,171
07-01-2022,Potato,Karimnagar,Telangana,1828.19,109
07-01-2022,Onion,Adilabad,Telangana,1528.83,150
07-01-2022,Rice,Karimnagar,Telangana,2780.41,123
07-01-2022,Onion,Warangal,Telangana,1891.48,58
07-01-2022,Potato,Warangal,Telangana,1899.19,85
07-01-2023,Tomato,Karimnagar,Telangana,1749.63,197
07-01-2023,Potato,Warangal,Telangana,2058.81,151
07-01-2023,Tomato,Hyderabad,Telangana,1833.75,95
07-01-2023,Rice,Karimnagar,Telangana,2557.0,160
07-01-2023,Tomato,Khammam,Telangana,1950.0,62
07-01-2023,Onion,Warangal,Telangana,1605.58,97
07-01-2023,Potato,Adilabad,Telangana,1902.81,167
07-01-2023,Onion,Adilabad,Telangana,1604.11,134
07-01-2023,Potato,Khammam,Telangana,1963.72,108
07-01-2023,Potato,Nizamabad,Telangana,1974.98,113
07-01-2023,Tomato,Adilabad,Telangana,1921.17,61
07-01-2023,Rice,Warangal,Telangana,2762.0,124
07-01-2023,Tomato,Warangal,Telangana,1761.6,111
07-01-2023,Tomato,Nizamabad,Telangana,1864.62,119
07-01-2023,Potato,Hyderabad,Telangana,1901.42,151
07-01-2023,Onion,Khammam,Telangana,1574.75,159
07-01-2023,Rice,Khammam,Telangana,2795.14,99
07-01-2023,Potato,Karimnagar,Telangana,1948.75,90
07-01-2023,Onion,Nizamabad,Telangana,1661.81,88
07-01-2023,Rice,Nizamabad,Telangana,2784.39,66
07-01-2023,Onion,Karimnagar,Telangana,1755.97,51
07-01-2023,Onion,Hyderabad,Telangana,1668.27,131
07-01-2023,Rice,Adilabad,Telangana,2745.6,84
07-01-2023,Rice,Hyderabad,Telangana,2742.57,95
07-01-2024,Tomato,Khammam,Telangana,1929.85,117
07-01-2024,Rice,Nizamabad,Telangana,2614.19,125
07-01-2024,Onion,Warangal,Telangana,1690.97,81
07-01-2024,Tomato,Hyderabad,Telangana,1794.38,114
07-01-2024,Potato,Adilabad,Telangana,1950.47,155
07-01-2024,Potato,Nizamabad,Telangana,1837.15,190
07-01-2024,Onion,Karimnagar,Telangana,1640.62,102
07-01-2024,Potato,Karimnagar,Telangana,1985.58,181
07-01-2024,Onion,Hyderabad,Telangana,1452.01,113
07-01-2024,Onion,Khammam,Telangana,1764.43,53
07-01-2024,Rice,Adilabad,Telangana,2619.07,84
07-01-2024,Tomato,Adilabad,Telangana,1706.24,100
07-01-2024,Rice,Khammam,Telangana,2527.36,175
07-01-2024,Rice,Karimnagar,Telangana,2980.02,48
07-01-2024,Rice,Hyderabad,Telangana,2811.23,107
07-01-2024,Potato,Warangal,Telangana,2086.7,53
07-01-2024,Rice,Warangal,Telangana,2746.67,151
07-01-2024,Tomato,Karimnagar,Telangana,1545.98,144
07-01-2024,Onion,Nizamabad,Telangana,1618.7,135
07-01-2024,Potato,Khammam,Telangana,1840.35,112
07-02-2022,Potato,Hyderabad,Telangana,1980.41,156
07-02-2022,Rice,Karimnagar,Telangana,2859.63,155
07-02-2022,Tomato,Khammam,Telangana,1680.48,177
07-02-2022,Tomato,Adilabad,Telangana,1900.08,202
07-02-2022,Onion,Warangal,Telangana,1849.72,56
07-02-2022,Potato,Warangal,Telangana,2193.4,98
07-02-2022,Tomato,Nizamabad,Telangana,2089.35,113
07-02-2022,Onion,Khammam,Telangana,1704.61,93
07-02-2022,Potato,Adilabad,Telangana,2282.99,147
07-02-2022,Onion,Nizamabad,Telangana,1596.18,137
07-02-2022,Rice,Khammam,Telangana,2713.93,165
07-02-2022,Rice,Hyderabad,Telangana,2886.67,188
07-02-2022,Rice,Warangal,Telangana,2902.52,103
07-02-2022,Tomato,Hyderabad,Telangana,2177.57,20
07-02-2022,Onion,Adilabad,Telangana,1870.38,119
07-02-2022,Onion,Karimnagar,Telangana,1807.96,85
07-02-2022,Tomato,Karimnagar,Telangana,1893.69,117
07-02-2022,Tomato,Warangal,Telangana,1942.43,172
07-02-2022,Rice,Nizamabad,Telangana,2979.56,111
07-02-2022,Onion,Hyderabad,Telangana,1332.99,176
07-02-2022,Potato,Karimnagar,Telangana,2006.98,125
07-02-2022,Rice,Adilabad,Telangana,2799.44,157
07-02-2022,Potato,Nizamabad,Telangana,2038.22,118
07-02-2022,Potato,Khammam,Telangana,1756.68,143
07-02-2023,Potato,Adilabad,Telangana,1880.35,114
07-02-2023,Potato,Khammam,Telangana,2050.39,164
07-02-2023,Potato,Warangal,Telangana,2182.02,91
07-02-2023,Onion,Karimnagar,Telangana,1721.72,135
07-02-2023,Tomato,Hyderabad,Telangana,1877.84,102
07-02-2023,Rice,Nizamabad,Telangana,2996.0,92
07-02-2023,Rice,Adilabad,Telangana,2824.85,94
07-02-2023,Potato,Nizamabad,Telangana,1834.8,146
07-02-2023,Tomato,Adilabad,Telangana,1657.56,152
07-02-2023,Tomato,Karimnagar,Telangana,1992.57,114
07-02-2023,Rice,Hyderabad,Telangana,2938.59,66
07-02-2023,Rice,Warangal,Telangana,2951.44,77
07-02-2023,Rice,Khammam,Telangana,2795.1,142
07-02-2023,Rice,Karimnagar,Telangana,2928.94,88
07-02-2023,Tomato,Warangal,Telangana,1906.8,95
07-02-2023,Tomato,Nizamabad,Telangana,2162.8,73
07-02-2023,Onion,Khammam,Telangana,1564.82,100
07-02-2023,Potato,Hyderabad,Telangana,1866.15,180
07-02-2023,Onion,Adilabad,Telangana,1688.04,99
07-02-2023,Tomato,Khammam,Telangana,1845.4,171
07-02-2023,Onion,Hyderabad,Telangana,1593.62,98
07-02-2023,Potato,Karimnagar,Telangana,2048.2,140
07-02-2023,Onion,Warangal,Telangana,1763.55,84
07-02-2024,Tomato,Nizamabad,Telangana,1866.62,155
07-02-2024,Potato,Warangal,Telangana,2191.58,151
07-02-2024,Onion,Adilabad,Telangana,1598.41,79
07-02-2024,Tomato,Hyderabad,Telangana,1725.58,101
07-02-2024,Onion,Hyderabad,Telangana,1711.23,25
07-02-2024,Tomato,Adilabad,Telangana,1863.33,55
07-02-2024,Onion,Khammam,Telangana,1715.2,77
07-02-2024,Potato,Karimnagar,Telangana,2075.41,108
07-02-2024,Potato,Khammam,Telangana,2260.08,108
07-02-2024,Onion,Karimnagar,Telangana,1759.04,146
07-02-2024,Tomato,Warangal,Telangana,1607.89,175
07-02-2024,Tomato,Karimnagar,Telangana,2012.97,56
07-02-2024,Potato,Adilabad,Telangana,1930.69,173
07-02-2024,Rice,Nizamabad,Telangana,2816.29,123
07-02-2024,Rice,Warangal,Telangana,2811.62,182
07-02-2024,Potato,Nizamabad,Telangana,1986.82,146
07-02-2024,Tomato,Khammam,Telangana,1928.52,57
07-02-2024,Rice,Adilabad,Telangana,2766.54,105
07-02-2024,Rice,Khammam,Telangana,2691.14,131
07-02-2024,Onion,Nizamabad,Telangana,1727.78,133
07-02-2024,Onion,Warangal,Telangana,1734.6,126
07-02-2024,Potato,Hyderabad,Telangana,2107.33,110
07-03-2022,Onion,Hyderabad,Telangana,1996.02,103
07-03-2022,Rice,Hyderabad,Telangana,2945.76,87
07-03-2022,Potato,Karimnagar,Telangana,2098.82,179
07-03-2022,Onion,Warangal,Telangana,1950.4,49
07-03-2022,Potato,Hyderabad,Telangana,2325.86,130
07-03-2022,Tomato,Nizamabad,Telangana,1748.03,171
07-03-2022,Potato,Khammam,Telangana,2311.9,41
07-03-2022,Tomato,Adilabad,Telangana,2085.55,168
07-03-2022,Tomato,Hyderabad,Telangana,2074.15,57
07-03-2022,Onion,Adilabad,Telangana,1697.53,93
07-03-2022,Onion,Nizamabad,Telangana,1674.61,157
07-03-2022,Rice,Warangal,Telangana,2893.04,142
07-03-2022,Tomato,Warangal,Telangana,2099.53,70
07-03-2022,Rice,Khammam,Telangana,2917.14,150
07-03-2022,Tomato,Khammam,Telangana,1792.87,237
07-03-2022,Onion,Khammam,Telangana,1737.08,104
07-03-2022,Rice,Karimnagar,Telangana,2863.79,122
07-03-2022,Potato,Adilabad,Telangana,1955.74,158
07-03-2022,Onion,Karimnagar,Telangana,1767.85,107
07-03-2022,Rice,Adilabad,Telangana,2809.31,96
07-03-2022,Potato,Warangal,Telangana,2172.59,66
07-03-2022,Tomato,Karimnagar,Telangana,1772.54,154
07-03-2022,Rice,Nizamabad,Telangana,3137.43,87
07-03-2022,Potato,Nizamabad,Telangana,2083.71,155
07-03-2023,Potato,Karimnagar,Telangana,2197.01,79
07-03-2023,Onion,Adilabad,Telangana,1696.11,166
07-03-2023,Tomato,Adilabad,Telangana,1948.64,144
07-03-2023,Potato,Hyderabad,Telangana,1945.65,178
07-03-2023,Tomato,Hyderabad,Telangana,1742.04,128
07-03-2023,Onion,Hyderabad,Telangana,1740.98,84
07-03-2023,Rice,Khammam,Telangana,2674.12,205
07-03-2023,Potato,Khammam,Telangana,2165.86,132
07-03-2023,Onion,Karimnagar,Telangana,1925.35,90
07-03-2023,Rice,Hyderabad,Telangana,3037.07,129
07-03-2023,Tomato,Karimnagar,Telangana,2067.85,167
07-03-2023,Rice,Warangal,Telangana,2986.93,136
07-03-2023,Potato,Warangal,Telangana,2345.44,83
07-03-2023,Potato,Nizamabad,Telangana,2049.3,75
07-03-2023,Rice,Karimnagar,Telangana,2950.35,138
07-03-2023,Tomato,Khammam,Telangana,1950.0,124
07-03-2023,Onion,Nizamabad,Telangana,1737.88,155
07-03-2023,Tomato,Warangal,Telangana,1928.52,72
07-03-2023,Tomato,Nizamabad,Telangana,1920.71,176
07-03-2023,Onion,Warangal,Telangana,1796.32,104
07-03-2023,Onion,Khammam,Telangana,1872.29,118
07-03-2023,Potato,Adilabad,Telangana,2067.86,185
07-03-2023,Rice,Adilabad,Telangana,2806.35,106
07-03-2024,Rice,Hyderabad,Telangana,2877.24,76
07-03-2024,Rice,Adilabad,Telangana,2857.92,86
07-03-2024,Rice,Karimnagar,Telangana,2924.72,140
07-03-2024,Potato,Warangal,Telangana,2039.6,112
07-03-2024,Rice,Warangal,Telangana,3034.89,72
07-03-2024,Onion,Hyderabad,Telangana,1542.36,173
07-03-2024,Rice,Nizamabad,Telangana,2994.71,103
07-03-2024,Tomato,Khammam,Telangana,1904.3,122
07-03-2024,Potato,Adilabad,Telangana,2146.22,85
07-03-2024,Tomato,Nizamabad,Telangana,1996.24,157
07-03-2024,Rice,Khammam,Telangana,2886.63,170
07-03-2024,Potato,Hyderabad,Telangana,2091.31,149
07-03-2024,Tomato,Karimnagar,Telangana,1826.45,142
07-03-2024,Potato,Nizamabad,Telangana,2120.66,81
07-03-2024,Tomato,Hyderabad,Telangana,2015.87,137
07-03-2024,Tomato,Adilabad,Telangana,2049.64,116
07-03-2024,Onion,Khammam,Telangana,1677.44,182
07-03-2024,Potato,Karimnagar,Telangana,1972.51,199
07-03-2024,Potato,Khammam,Telangana,2269.45,69
07-03-2024,Tomato,Warangal,Telangana,1938.32,117
07-03-2024,Onion,Adilabad,Telangana,1851.49,29
07-03-2024,Onion,Warangal,Telangana,1901.58,107
07-03-2024,Onion,Nizamabad,Telangana,1758.81,90
07-04-2022,Rice,Warangal,Telangana,2692.73,161
07-04-2022,Rice,Adilabad,Telangana,2831.55,103
07-04-2022,Rice,Khammam,Telangana,2852.58,90
07-04-2022,Potato,Adilabad,Telangana,1987.02,116
07-04-2022,Tomato,Hyderabad,Telangana,1793.84,128
07-04-2022,Potato,Warangal,Telangana,2340.15,96
07-04-2022,Tomato,Adilabad,Telangana,1952.92,144
07-04-2022,Tomato,Khammam,Telangana,2023.92,67
07-04-2022,Onion,Hyderabad,Telangana,1756.62,96
07-04-2022,Tomato,Karimnagar,Telangana,1910.45,130
07-04-2022,Rice,Nizamabad,Telangana,3015.81,73
07-04-2022,Tomato,Nizamabad,Telangana,2067.25,89
07-04-2022,Potato,Khammam,Telangana,2396.31,77
07-04-2022,Potato,Nizamabad,Telangana,2076.1,75
07-04-2022,Potato,Karimnagar,Telangana,1802.06,212
07-04-2022,Potato,Hyderabad,Telangana,2042.84,107
07-04-2022,Onion,Karimnagar,Telangana,1670.79,168
07-04-2022,Rice,Hyderabad,Telangana,3126.03,85
07-04-2022,Tomato,Warangal,Telangana,1950.33,167
07-04-2022,Onion,Khammam,Telangana,1812.95,121
07-04-2022,Rice,Karimnagar,Telangana,3289.58,38
07-04-2022,Onion,Nizamabad,Telangana,1640.67,180
07-04-2023,Tomato,Karimnagar,Telangana,2170.34,139
07-04-2023,Tomato,Nizamabad,Telangana,2148.06,104
07-04-2023,Rice,Warangal,Telangana,2858.63,107
07-04-2023,Tomato,Warangal,Telangana,2223.13,77
07-04-2023,Tomato,Khammam,Telangana,1925.65,136
07-04-2023,Rice,Adilabad,Telangana,2709.79,185
07-04-2023,Potato,Karimnagar,Telangana,2239.4,174
07-04-2023,Rice,Khammam,Telangana,2900.41,78
07-04-2023,Rice,Karimnagar,Telangana,3198.08,62
07-04-2023,Tomato,Adilabad,Telangana,2222.97,51
07-04-2023,Onion,Khammam,Telangana,1688.96,63
07-04-2023,Onion,Adilabad,Telangana,1624.64,149
07-04-2023,Onion,Hyderabad,Telangana,1633.28,105
07-04-2023,Onion,Karimnagar,Telangana,1603.8,225
07-04-2023,Potato,Nizamabad,Telangana,1979.61,140
07-04-2023,Tomato,Hyderabad,Telangana,1865.32,125
07-04-2023,Onion,Nizamabad,Telangana,1829.47,115
07-04-2023,Rice,Nizamabad,Telangana,2839.48,145
07-04-2023,Potato,Khammam,Telangana,2273.8,68
07-04-2023,Onion,Warangal,Telangana,1612.6,171
07-04-2024,Rice,Adilabad,Telangana,3106.36,115
07-04-2024,Potato,Khammam,Telangana,1969.47,150
07-04-2024,Onion,Khammam,Telangana,1714.69,135
07-04-2024,Rice,Nizamabad,Telangana,3150.46,77
07-04-2024,Tomato,Warangal,Telangana,2405.38,20
07-04-2024,Tomato,Karimnagar,Telangana,1888.96,87
07-04-2024,Potato,Karimnagar,Telangana,2172.84,147
07-04-2024,Onion,Nizamabad,Telangana,1846.66,184
07-04-2024,Rice,Khammam,Telangana,3315.0,66
07-04-2024,Tomato,Adilabad,Telangana,2203.57,85
07-04-2024,Tomato,Nizamabad,Telangana,1741.9,125
07-04-2024,Onion,Hyderabad,Telangana,1732.71,103
07-04-2024,Rice,Hyderabad,Telangana,2853.46,116
07-04-2024,Rice,Karimnagar,Telangana,2938.99,129
07-04-2024,Onion,Warangal,Telangana,1572.32,194
07-04-2024,Rice,Warangal,Telangana,2919.31,140
07-04-2024,Potato,Hyderabad,Telangana,2209.99,140
07-04-2024,Tomato,Khammam,Telangana,1893.44,113
07-04-2024,Potato,Nizamabad,Telangana,2294.76,156
07-04-2024,Onion,Adilabad,Telangana,1580.28,119
07-04-2024,Potato,Warangal,Telangana,2105.1,128
07-04-2024,Onion,Karimnagar,Telangana,1665.1,135
07-04-2024,Potato,Adilabad,Telangana,1996.2,173
07-05-2022,Onion,Hyderabad,Telangana,1695.34,135
07-05-2022,Rice,Khammam,Telangana,3012.39,138
07-05-2022,Tomato,Karimnagar,Telangana,1690.41,171
07-05-2022,Rice,Hyderabad,Telangana,3057.66,110
07-05-2022,Rice,Adilabad,Telangana,3016.09,130
07-05-2022,Rice,Warangal,Telangana,2595.29,179
07-05-2022,Onion,Adilabad,Telangana,1672.11,62
07-05-2022,Onion,Warangal,Telangana,1734.0,88
07-05-2022,Potato,Khammam,Telangana,2229.75,64
07-05-2022,Tomato,Adilabad,Telangana,1803.49,102
07-05-2022,Rice,Karimnagar,Telangana,2794.95,105
07-05-2022,Tomato,Khammam,Telangana,2133.87,77
07-05-2022,Onion,Khammam,Telangana,1808.54,90
07-05-2022,Potato,Hyderabad,Telangana,2129.65,116
07-05-2022,Onion,Karimnagar,Telangana,1748.26,24
07-05-2022,Potato,Nizamabad,Telangana,1834.7,154
07-05-2022,Rice,Nizamabad,Telangana,2923.65,151
07-05-2022,Potato,Warangal,Telangana,1931.36,142
07-05-2022,Potato,Adilabad,Telangana,2012.19,179
07-05-2022,Tomato,Warangal,Telangana,1942.82,93
07-05-2022,Potato,Karimnagar,Telangana,2093.2,56
07-05-2022,Tomato,Nizamabad,Telangana,2072.66,114
07-05-2023,Potato,Hyderabad,Telangana,2087.92,158
07-05-2023,Tomato,Nizamabad,Telangana,1952.09,99
07-05-2023,Tomato,Adilabad,Telangana,1912.54,141
07-05-2023,Onion,Khammam,Telangana,1718.34,80
07-05-2023,Onion,Nizamabad,Telangana,1733.76,140
07-05-2023,Potato,Karimnagar,Telangana,2314.07,139
07-05-2023,Potato,Khammam,Telangana,2249.96,90
07-05-2023,Tomato,Khammam,Telangana,1944.07,119
07-05-2023,Rice,Karimnagar,Telangana,2956.74,89
07-05-2023,Tomato,Warangal,Telangana,1898.23,71
07-05-2023,Rice,Khammam,Telangana,2889.68,160
07-05-2023,Onion,Warangal,Telangana,2087.22,20
07-05-2023,Onion,Adilabad,Telangana,1829.34,102
07-05-2023,Tomato,Hyderabad,Telangana,1997.55,81
07-05-2023,Tomato,Karimnagar,Telangana,2021.35,119
07-05-2023,Onion,Karimnagar,Telangana,1734.72,48
07-05-2023,Potato,Nizamabad,Telangana,2230.63,136
07-05-2023,Potato,Adilabad,Telangana,1905.35,150
07-05-2023,Rice,Warangal,Telangana,3028.66,100
07-05-2023,Rice,Hyderabad,Telangana,2705.85,159
07-05-2023,Potato,Warangal,Telangana,1879.23,92
07-05-2023,Rice,Adilabad,Telangana,2895.94,88
07-05-2023,Onion,Hyderabad,Telangana,1820.33,46
07-05-2023,Rice,Nizamabad,Telangana,2821.46,105
07-05-2024,Tomato,Karimnagar,Telangana,1946.07,93
07-05-2024,Onion,Khammam,Telangana,1641.53,154
07-05-2024,Onion,Warangal,Telangana,1641.5,152
07-05-2024,Rice,Khammam,Telangana,2925.89,112
07-05-2024,Potato,Nizamabad,Telangana,2409.38,81
07-05-2024,Onion,Hyderabad,Telangana,1730.24,113
07-05-2024,Potato,Warangal,Telangana,1942.93,161
07-05-2024,Onion,Nizamabad,Telangana,1886.75,93
07-05-2024,Potato,Karimnagar,Telangana,1839.93,246
07-05-2024,Tomato,Khammam,Telangana,1989.34,113
07-05-2024,Rice,Karimnagar,Telangana,2994.62,105
07-05-2024,Rice,Warangal,Telangana,3000.84,109
07-05-2024,Rice,Nizamabad,Telangana,2906.72,128
07-05-2024,Rice,Adilabad,Telangana,2781.73,109
07-05-2024,Rice,Hyderabad,Telangana,3116.41,27
07-05-2024,Potato,Khammam,Telangana,2295.11,125
07-05-2024,Tomato,Nizamabad,Telangana,1787.3,162
07-05-2024,Tomato,Adilabad,Telangana,1761.1,110
07-05-2024,Tomato,Warangal,Telangana,1946.36,137
07-05-2024,Onion,Karimnagar,Telangana,1784.91,181
07-05-2024,Tomato,Hyderabad,Telangana,1956.44,98
07-06-2022,Onion,Adilabad,Telangana,1597.43,131
07-06-2022,Potato,Warangal,Telangana,2228.4,37
07-06-2022,Potato,Nizamabad,Telangana,2223.83,61
07-06-2022,Tomato,Nizamabad,Telangana,1763.91,135
07-06-2022,Potato,Adilabad,Telangana,1781.29,224
07-06-2022,Potato,Hyderabad,Telangana,2224.69,90
07-06-2022,Rice,Khammam,Telangana,2830.44,100
07-06-2022,Onion,Nizamabad,Telangana,1726.13,120
07-06-2022,Tomato,Warangal,Telangana,1725.41,149
07-06-2022,Onion,Warangal,Telangana,1711.36,108
07-06-2022,Rice,Warangal,Telangana,2716.92,138
07-06-2022,Rice,Karimnagar,Telangana,2813.03,62
07-06-2022,Onion,Hyderabad,Telangana,1713.71,115
07-06-2022,Rice,Nizamabad,Telangana,2867.06,103
07-06-2022,Rice,Hyderabad,Telangana,2965.13,107
07-06-2022,Tomato,Khammam,Telangana,1997.22,72
07-06-2022,Tomato,Hyderabad,Telangana,1743.52,172
07-06-2022,Rice,Adilabad,Telangana,2976.43,65
07-06-2022,Tomato,Adilabad,Telangana,1672.62,114
07-06-2022,Onion,Khammam,Telangana,1508.73,143
07-06-2022,Tomato,Karimnagar,Telangana,1953.98,60
07-06-2022,Potato,Khammam,Telangana,2130.04,86
07-06-2023,Tomato,Karimnagar,Telangana,1988.96,145
07-06-2023,Onion,Adilabad,Telangana,1612.43,184
07-06-2023,Onion,Khammam,Telangana,1611.88,123
07-06-2023,Potato,Nizamabad,Telangana,1923.46,131
07-06-2023,Rice,Hyderabad,Telangana,2861.94,89
07-06-2023,Tomato,Nizamabad,Telangana,1675.24,151
07-06-2023,Rice,Nizamabad,Telangana,2802.43,163
07-06-2023,Potato,Karimnagar,Telangana,1963.71,130
07-06-2023,Tomato,Khammam,Telangana,1741.05,91
07-06-2023,Potato,Adilabad,Telangana,1972.52,91
07-06-2023,Rice,Warangal,Telangana,2691.1,161
07-06-2023,Onion,Warangal,Telangana,1486.13,171
07-06-2023,Onion,Hyderabad,Telangana,1627.94,122
07-06-2023,Onion,Nizamabad,Telangana,1567.98,134
07-06-2023,Rice,Karimnagar,Telangana,2823.88,161
07-06-2023,Tomato,Warangal,Telangana,1697.32,128
07-06-2023,Tomato,Hyderabad,Telangana,1965.04,113
07-06-2023,Potato,Warangal,Telangana,2207.25,90
07-06-2023,Potato,Khammam,Telangana,1995.24,103
07-06-2023,Tomato,Adilabad,Telangana,1927.42,86
07-06-2023,Onion,Karimnagar,Telangana,1753.47,94
07-06-2023,Rice,Khammam,Telangana,2504.1,164
07-06-2023,Potato,Hyderabad,Telangana,1899.3,156
07-06-2024,Rice,Khammam,Telangana,2795.85,85
07-06-2024,Rice,Adilabad,Telangana,2724.62,126
07-06-2024,Potato,Karimnagar,Telangana,2186.33,172
07-06-2024,Potato,Warangal,Telangana,1874.78,131
07-06-2024,Tomato,Nizamabad,Telangana,1632.1,167
07-06-2024,Tomato,Adilabad,Telangana,1930.98,57
07-06-2024,Tomato,Hyderabad,Telangana,1887.43,95
07-06-2024,Tomato,Warangal,Telangana,1833.28,86
07-06-2024,Onion,Nizamabad,Telangana,1339.36,200
07-06-2024,Tomato,Khammam,Telangana,1811.72,132
07-06-2024,Rice,Nizamabad,Telangana,2683.05,173
07-06-2024,Onion,Adilabad,Telangana,1818.22,55
07-06-2024,Onion,Warangal,Telangana,1923.55,96
07-06-2024,Rice,Hyderabad,Telangana,2639.25,130
07-06-2024,Onion,Khammam,Telangana,1602.38,160
07-06-2024,Potato,Adilabad,Telangana,2015.81,111
07-06-2024,Onion,Karimnagar,Telangana,1966.99,61
07-06-2024,Potato,Hyderabad,Telangana,2158.79,142
07-06-2024,Tomato,Karimnagar,Telangana,1367.94,222
07-06-2024,Potato,Khammam,Telangana,2427.07,24
07-07-2022,Rice,Karimnagar,Telangana,2637.72,111
07-07-2022,Potato,Warangal,Telangana,2133.53,89
07-07-2022,Potato,Hyderabad,Telangana,1778.62,185
07-07-2022,Tomato,Adilabad,Telangana,1687.44,87
07-07-2022,Potato,Khammam,Telangana,1971.16,198
07-07-2022,Onion,Nizamabad,Telangana,1688.53,60
07-07-2022,Tomato,Nizamabad,Telangana,1564.18,132
07-07-2022,Tomato,Khammam,Telangana,1636.62,90
07-07-2022,Potato,Karimnagar,Telangana,2198.63,110
07-07-2022,Rice,Warangal,Telangana,2749.0,140
07-07-2022,Potato,Adilabad,Telangana,1870.52,189
07-07-2022,Rice,Hyderabad,Telangana,2717.21,76
07-07-2022,Tomato,Hyderabad,Telangana,1480.44,206
07-07-2022,Tomato,Karimnagar,Telangana,1739.51,134
07-07-2022,Onion,Khammam,Telangana,1231.08,156
07-07-2022,Rice,Khammam,Telangana,2728.42,99
07-07-2022,Tomato,Warangal,Telangana,2063.27,86
07-07-2022,Rice,Adilabad,Telangana,2873.04,117
07-07-2022,Potato,Nizamabad,Telangana,1932.75,106
07-07-2022,Onion,Adilabad,Telangana,1497.93,129
07-07-2022,Onion,Karimnagar,Telangana,1418.12,159
07-07-2022,Onion,Warangal,Telangana,1549.41,165
07-07-2022,Onion,Hyderabad,Telangana,1553.75,146
07-07-2023,Tomato,Nizamabad,Telangana,1629.56,162
07-07-2023,Onion,Warangal,Telangana,1642.79,140
07-07-2023,Rice,Nizamabad,Telangana,2845.94,75
07-07-2023,Tomato,Khammam,Telangana,1774.29,153
07-07-2023,Onion,Hyderabad,Telangana,1874.16,110
07-07-2023,Potato,Adilabad,Telangana,1961.67,119
07-07-2023,Potato,Nizamabad,Telangana,2100.36,72
07-07-2023,Rice,Warangal,Telangana,2701.06,134
07-07-2023,Rice,Hyderabad,Telangana,2722.45,67
07-07-2023,Rice,Khammam,Telangana,2816.59,146
07-07-2023,Onion,Khammam,Telangana,1627.59,93
07-07-2023,Tomato,Warangal,Telangana,1956.59,59
07-07-2023,Potato,Khammam,Telangana,1998.56,55
07-07-2023,Potato,Karimnagar,Telangana,2042.91,120
07-07-2023,Potato,Warangal,Telangana,1898.35,223
07-07-2023,Potato,Hyderabad,Telangana,1979.04,173
07-07-2023,Onion,Adilabad,Telangana,1432.08,137
07-07-2023,Onion,Nizamabad,Telangana,1559.35,164
07-07-2023,Rice,Karimnagar,Telangana,2645.06,146
07-07-2023,Tomato,Karimnagar,Telangana,1683.08,143
07-07-2023,Tomato,Hyderabad,Telangana,1531.73,164
07-07-2023,Onion,Karimnagar,Telangana,1622.49,77
07-08-2022,Rice,Khammam,Telangana,2524.65,109
07-08-2022,Rice,Warangal,Telangana,2653.22,55
07-08-2022,Potato,Khammam,Telangana,1920.81,149
07-08-2022,Tomato,Karimnagar,Telangana,1578.66,140
07-08-2022,Onion,Warangal,Telangana,1221.72,194
07-08-2022,Onion,Hyderabad,Telangana,1555.99,67
07-08-2022,Potato,Adilabad,Telangana,1682.37,153
07-08-2022,Onion,Adilabad,Telangana,1694.86,114
07-08-2022,Tomato,Adilabad,Telangana,1624.22,124
07-08-2022,Tomato,Warangal,Telangana,1530.77,120
07-08-2022,Rice,Adilabad,Telangana,2595.45,101
07-08-2022,Tomato,Hyderabad,Telangana,1349.63,185
07-08-2022,Tomato,Nizamabad,Telangana,1972.58,43
07-08-2022,Potato,Karimnagar,Telangana,1797.4,104
07-08-2022,Rice,Hyderabad,Telangana,2501.3,129
07-08-2022,Potato,Hyderabad,Telangana,1845.05,128
07-08-2022,Onion,Khammam,Telangana,1366.64,127
07-08-2022,Onion,Nizamabad,Telangana,1191.2,199
07-08-2022,Onion,Karimnagar,Telangana,1372.89,130
07-08-2022,Rice,Karimnagar,Telangana,2579.34,145
07-08-2023,Potato,Khammam,Telangana,1757.67,97
07-08-2023,Potato,Nizamabad,Telangana,1489.97,154
07-08-2023,Onion,Warangal,Telangana,1293.05,89
07-08-2023,Potato,Warangal,Telangana,1694.5,159
07-08-2023,Potato,Karimnagar,Telangana,2032.69,57
07-08-2023,Tomato,Hyderabad,Telangana,1602.91,175
07-08-2023,Tomato,Adilabad,Telangana,1539.24,180
07-08-2023,Tomato,Nizamabad,Telangana,1504.03,179
07-08-2023,Tomato,Khammam,Telangana,1647.2,142
07-08-2023,Onion,Hyderabad,Telangana,1624.54,123
07-08-2023,Onion,Adilabad,Telangana,1472.07,115
07-08-2023,Rice,Karimnagar,Telangana,2720.77,136
07-08-2023,Rice,Khammam,Telangana,2613.9,133
07-08-2023,Onion,Nizamabad,Telangana,1574.42,104
07-08-2023,Tomato,Karimnagar,Telangana,1710.91,72
07-08-2023,Rice,Hyderabad,Telangana,2366.13,161
07-08-2023,Rice,Adilabad,Telangana,2589.44,95
07-08-2023,Rice,Warangal,Telangana,2500.04,160
07-08-2023,Tomato,Warangal,Telangana,1548.8,134
07-08-2023,Onion,Khammam,Telangana,1335.29,108
07-09-2022,Onion,Khammam,Telangana,1275.51,166
07-09-2022,Tomato,Adilabad,Telangana,1773.7,122
07-09-2022,Tomato,Warangal,Telangana,1345.51,146
07-09-2022,Rice,Warangal,Telangana,2739.04,85
07-09-2022,Tomato,Nizamabad,Telangana,1706.9,121
07-09-2022,Rice,Adilabad,Telangana,2523.65,209
07-09-2022,Rice,Nizamabad,Telangana,2356.04,133
07-09-2022,Onion,Adilabad,Telangana,1480.6,125
07-09-2022,Potato,Warangal,Telangana,1601.83,97
07-09-2022,Rice,Khammam,Telangana,2611.87,79
07-09-2022,Tomato,Khammam,Telangana,1645.97,137
07-09-2022,Potato,Adilabad,Telangana,1809.79,103
07-09-2022,Tomato,Hyderabad,Telangana,1483.94,84
07-09-2022,Onion,Hyderabad,Telangana,1350.24,107
07-09-2022,Rice,Hyderabad,Telangana,2638.24,106
07-09-2022,Onion,Warangal,Telangana,1376.6,123
07-09-2022,Onion,Nizamabad,Telangana,1409.24,162
07-09-2022,Potato,Hyderabad,Telangana,1568.16,184
07-09-2022,Potato,Nizamabad,Telangana,1851.16,33
07-09-2022,Potato,Khammam,Telangana,1830.14,138
07-09-2022,Potato,Karimnagar,Telangana,1907.61,61
07-09-2022,Onion,Karimnagar,Telangana,1285.17,114
07-09-2023,Tomato,Nizamabad,Telangana,1678.69,96
07-09-2023,Onion,Nizamabad,Telangana,1367.99,176
07-09-2023,Tomato,Adilabad,Telangana,1523.57,98
07-09-2023,Rice,Karimnagar,Telangana,2336.78,126
07-09-2023,Potato,Karimnagar,Telangana,1781.44,94
07-09-2023,Onion,Adilabad,Telangana,1576.74,98
07-09-2023,Rice,Khammam,Telangana,2557.17,119
07-09-2023,Tomato,Warangal,Telangana,1624.01,99
07-09-2023,Onion,Khammam,Telangana,1254.16,148
07-09-2023,Tomato,Khammam,Telangana,1657.92,48
07-09-2023,Potato,Nizamabad,Telangana,1752.34,73
07-09-2023,Rice,Warangal,Telangana,2511.72,151
07-09-2023,Potato,Hyderabad,Telangana,1947.86,138
07-09-2023,Rice,Adilabad,Telangana,2605.67,143
07-09-2023,Onion,Warangal,Telangana,1201.69,129
07-09-2023,Potato,Adilabad,Telangana,1790.31,95
07-09-2023,Onion,Hyderabad,Telangana,1605.79,63
07-09-2023,Potato,Khammam,Telangana,1582.59,123
07-09-2023,Rice,Hyderabad,Telangana,2797.49,38
07-09-2023,Potato,Warangal,Telangana,1683.61,144
07-09-2023,Tomato,Karimnagar,Telangana,1379.8,156
07-09-2023,Onion,Karimnagar,Telangana,1585.72,42
07-09-2023,Rice,Nizamabad,Telangana,2529.11,80
07-10-2022,Tomato,Khammam,Telangana,1519.04,63
07-10-2022,Tomato,Hyderabad,Telangana,1480.3,135
07-10-2022,Potato,Adilabad,Telangana,1884.58,152
07-10-2022,Tomato,Nizamabad,Telangana,1843.27,102
07-10-2022,Rice,Hyderabad,Telangana,2771.02,92
07-10-2022,Rice,Karimnagar,Telangana,2714.98,102
07-10-2022,Potato,Karimnagar,Telangana,1892.34,71
07-10-2022,Potato,Hyderabad,Telangana,1730.49,128
07-10-2022,Rice,Warangal,Telangana,2582.98,142
07-10-2022,Onion,Nizamabad,Telangana,1290.01,140
07-10-2022,Onion,Warangal,Telangana,1623.09,58
07-10-2022,Tomato,Warangal,Telangana,1753.85,48
07-10-2022,Onion,Khammam,Telangana,1177.01,220
07-10-2022,Potato,Warangal,Telangana,1837.56,147
07-10-2022,Potato,Nizamabad,Telangana,1703.11,177
07-10-2022,Rice,Adilabad,Telangana,2318.83,159
07-10-2022,Onion,Adilabad,Telangana,1210.3,148
07-10-2022,Tomato,Adilabad,Telangana,1566.52,97
07-10-2022,Potato,Khammam,Telangana,1654.53,153
07-10-2022,Onion,Hyderabad,Telangana,1451.89,92
07-10-2022,Rice,Nizamabad,Telangana,2479.55,112
07-10-2022,Onion,Karimnagar,Telangana,1446.7,94
07-10-2023,Onion,Warangal,Telangana,1353.38,96
07-10-2023,Potato,Karimnagar,Telangana,1914.04,73
07-10-2023,Rice,Warangal,Telangana,2539.48,100
07-10-2023,Tomato,Khammam,Telangana,1430.0,142
07-10-2023,Onion,Nizamabad,Telangana,1453.07,78
07-10-2023,Potato,Khammam,Telangana,1862.52,109
07-10-2023,Tomato,Nizamabad,Telangana,1619.4,49
07-10-2023,Rice,Khammam,Telangana,2441.69,187
07-10-2023,Potato,Nizamabad,Telangana,1947.39,85
07-10-2023,Rice,Karimnagar,Telangana,2574.77,129
07-10-2023,Onion,Khammam,Telangana,1365.78,153
07-10-2023,Rice,Nizamabad,Telangana,2451.9,88
07-10-2023,Tomato,Karimnagar,Telangana,1619.13,129
07-10-2023,Tomato,Hyderabad,Telangana,1392.47,75
07-10-2023,Tomato,Adilabad,Telangana,1518.68,96
07-10-2023,Onion,Karimnagar,Telangana,1273.22,133
07-10-2023,Tomato,Warangal,Telangana,1736.05,41
07-10-2023,Potato,Adilabad,Telangana,1770.66,129
07-10-2023,Onion,Adilabad,Telangana,973.12,175
07-10-2023,Rice,Hyderabad,Telangana,2657.13,147
07-10-2023,Rice,Adilabad,Telangana,2744.59,45
07-10-2023,Onion,Hyderabad,Telangana,1020.41,169
07-10-2023,Potato,Hyderabad,Telangana,1912.98,74
07-10-2023,Potato,Warangal,Telangana,2011.73,20
07-11-2022,Potato,Warangal,Telangana,1662.08,147
07-11-2022,Tomato,Khammam,Telangana,1654.09,143
07-11-2022,Rice,Hyderabad,Telangana,2259.42,163
07-11-2022,Potato,Hyderabad,Telangana,1970.93,44
07-11-2022,Tomato,Karimnagar,Telangana,1891.07,24
07-11-2022,Rice,Warangal,Telangana,2506.27,165
07-11-2022,Onion,Hyderabad,Telangana,1456.89,127
07-11-2022,Rice,Nizamabad,Telangana,2788.99,48
07-11-2022,Potato,Adilabad,Telangana,1742.87,147
07-11-2022,Rice,Karimnagar,Telangana,2601.09,121
07-11-2022,Onion,Nizamabad,Telangana,1386.34,68
07-11-2022,Potato,Khammam,Telangana,1627.72,138
07-11-2022,Tomato,Adilabad,Telangana,1508.5,134
07-11-2022,Onion,Karimnagar,Telangana,1359.84,147
07-11-2022,Tomato,Warangal,Telangana,1656.04,161
07-11-2022,Tomato,Nizamabad,Telangana,1627.6,129
07-11-2022,Onion,Adilabad,Telangana,1529.87,78
07-11-2022,Rice,Khammam,Telangana,2412.61,108
07-11-2022,Onion,Warangal,Telangana,1486.02,162
07-11-2022,Tomato,Hyderabad,Telangana,1718.27,88
07-11-2022,Potato,Nizamabad,Telangana,2006.97,117
07-11-2023,Rice,Karimnagar,Telangana,2451.23,109
07-11-2023,Tomato,Warangal,Telangana,1487.39,153
07-11-2023,Onion,Nizamabad,Telangana,1268.56,121
07-11-2023,Tomato,Khammam,Telangana,1616.61,66
07-11-2023,Onion,Karimnagar,Telangana,1329.18,163
07-11-2023,Potato,Nizamabad,Telangana,1824.77,105
07-11-2023,Tomato,Hyderabad,Telangana,1475.45,73
07-11-2023,Potato,Khammam,Telangana,1834.47,119
07-11-2023,Potato,Adilabad,Telangana,2052.23,63
07-11-2023,Rice,Nizamabad,Telangana,2284.44,124
07-11-2023,Onion,Khammam,Telangana,1380.07,114
07-11-2023,Potato,Warangal,Telangana,1613.56,158
07-11-2023,Tomato,Adilabad,Telangana,1404.69,125
07-11-2023,Onion,Adilabad,Telangana,1600.3,99
07-11-2023,Rice,Khammam,Telangana,2688.97,97
07-11-2023,Tomato,Nizamabad,Telangana,1435.73,155
07-11-2023,Rice,Hyderabad,Telangana,2817.38,119
07-11-2023,Onion,Hyderabad,Telangana,1544.15,31
07-11-2023,Rice,Warangal,Telangana,2481.8,116
07-11-2023,Potato,Karimnagar,Telangana,1838.15,119
07-11-2023,Tomato,Karimnagar,Telangana,1730.07,129
07-11-2023,Onion,Warangal,Telangana,1491.44,94
07-11-2023,Rice,Adilabad,Telangana,2698.26,130
07-12-2022,Potato,Warangal,Telangana,1705.39,103
07-12-2022,Tomato,Hyderabad,Telangana,1485.08,148
07-12-2022,Rice,Nizamabad,Telangana,2818.39,133
07-12-2022,Onion,Karimnagar,Telangana,1486.23,111
07-12-2022,Onion,Adilabad,Telangana,1460.63,79
07-12-2022,Onion,Nizamabad,Telangana,1483.82,81
07-12-2022,Tomato,Adilabad,Telangana,1542.42,104
07-12-2022,Rice,Warangal,Telangana,2689.44,87
07-12-2022,Potato,Adilabad,Telangana,1981.99,65
07-12-2022,Tomato,Karimnagar,Telangana,1329.14,203
07-12-2022,Potato,Karimnagar,Telangana,1912.61,133
07-12-2022,Potato,Nizamabad,Telangana,1760.24,117
07-12-2022,Onion,Hyderabad,Telangana,1516.92,120
07-12-2022,Tomato,Khammam,Telangana,1753.91,67
07-12-2022,Onion,Khammam,Telangana,1550.94,125
07-12-2022,Potato,Khammam,Telangana,2005.94,41
07-12-2022,Rice,Karimnagar,Telangana,2640.12,95
07-12-2022,Rice,Adilabad,Telangana,2821.38,142
07-12-2022,Rice,Khammam,Telangana,2735.34,37
07-12-2022,Rice,Hyderabad,Telangana,2865.67,138
07-12-2022,Tomato,Nizamabad,Telangana,1592.99,181
07-12-2022,Potato,Hyderabad,Telangana,1867.77,153
07-12-2023,Onion,Karimnagar,Telangana,1830.21,48
07-12-2023,Rice,Hyderabad,Telangana,2807.03,181
07-12-2023,Onion,Adilabad,Telangana,1367.84,77
07-12-2023,Potato,Nizamabad,Telangana,2003.81,202
07-12-2023,Rice,Khammam,Telangana,2595.97,99
07-12-2023,Potato,Adilabad,Telangana,1877.69,69
07-12-2023,Rice,Adilabad,Telangana,2835.97,84
07-12-2023,Onion,Khammam,Telangana,1347.46,160
07-12-2023,Tomato,Hyderabad,Telangana,1637.31,173
07-12-2023,Tomato,Adilabad,Telangana,1697.91,120
07-12-2023,Rice,Karimnagar,Telangana,2843.28,91
07-12-2023,Tomato,Nizamabad,Telangana,1470.51,137
07-12-2023,Potato,Hyderabad,Telangana,1780.98,116
07-12-2023,Potato,Warangal,Telangana,1801.23,162
07-12-2023,Rice,Nizamabad,Telangana,2600.05,146
07-12-2023,Onion,Warangal,Telangana,1748.88,99
07-12-2023,Tomato,Khammam,Telangana,1784.37,101
07-12-2023,Tomato,Karimnagar,Telangana,1638.59,183
07-12-2023,Potato,Khammam,Telangana,1797.92,122
07-12-2023,Potato,Karimnagar,Telangana,1931.18,140
07-12-2023,Onion,Nizamabad,Telangana,1463.06,78
07-12-2023,Onion,Hyderabad,Telangana,1587.8,64
07-12-2023,Rice,Warangal,Telangana,2726.24,149
08-01-2022,Potato,Warangal,Telangana,1811.26,121
08-01-2022,Rice,Warangal,Telangana,2636.0,152
08-01-2022,Tomato,Karimnagar,Telangana,1818.2,147
08-01-2022,Onion,Karimnagar,Telangana,1518.53,102
08-01-2022,Rice,Adilabad,Telangana,2859.07,153
08-01-2022,Onion,Nizamabad,Telangana,1829.13,74
08-01-2022,Tomato,Nizamabad,Telangana,1919.39,91
08-01-2022,Tomato,Warangal,Telangana,1699.1,109
08-01-2022,Tomato,Adilabad,Telangana,1684.81,111
08-01-2022,Tomato,Khammam,Telangana,1851.7,120
08-01-2022,Tomato,Hyderabad,Telangana,1854.57,51
08-01-2022,Onion,Hyderabad,Telangana,1581.35,101
08-01-2022,Potato,Khammam,Telangana,2053.87,81
08-01-2022,Rice,Hyderabad,Telangana,2557.57,240
08-01-2022,Onion,Warangal,Telangana,1636.72,123
08-01-2022,Potato,Hyderabad,Telangana,1927.74,106
08-01-2022,Rice,Karimnagar,Telangana,2841.46,169
08-01-2022,Rice,Nizamabad,Telangana,2708.07,171
08-01-2022,Rice,Khammam,Telangana,2697.72,126
08-01-2022,Potato,Adilabad,Telangana,1929.29,75
08-01-2023,Potato,Adilabad,Telangana,1992.02,111
08-01-2023,Rice,Adilabad,Telangana,2514.3,162
08-01-2023,Potato,Khammam,Telangana,1854.25,137
08-01-2023,Tomato,Karimnagar,Telangana,1841.32,93
08-01-2023,Tomato,Hyderabad,Telangana,1656.95,140
08-01-2023,Rice,Nizamabad,Telangana,2741.41,129
08-01-2023,Onion,Adilabad,Telangana,1546.02,155
08-01-2023,Onion,Karimnagar,Telangana,1510.4,98
08-01-2023,Tomato,Adilabad,Telangana,1818.16,142
08-01-2023,Onion,Warangal,Telangana,1617.54,125
08-01-2023,Rice,Karimnagar,Telangana,2735.15,76
08-01-2023,Rice,Warangal,Telangana,2813.95,132
08-01-2023,Potato,Nizamabad,Telangana,1979.51,57
08-01-2023,Potato,Hyderabad,Telangana,2280.53,72
08-01-2023,Rice,Hyderabad,Telangana,2570.83,171
08-01-2023,Rice,Khammam,Telangana,2900.43,105
08-01-2023,Potato,Warangal,Telangana,2011.63,142
08-01-2023,Onion,Khammam,Telangana,1392.11,175
08-01-2023,Tomato,Warangal,Telangana,1642.0,217
08-01-2023,Onion,Hyderabad,Telangana,1725.59,127
08-01-2024,Rice,Nizamabad,Telangana,2762.09,133
08-01-2024,Tomato,Hyderabad,Telangana,1925.84,88
08-01-2024,Onion,Karimnagar,Telangana,1361.11,158
08-01-2024,Rice,Khammam,Telangana,2636.27,112
08-01-2024,Potato,Karimnagar,Telangana,1820.4,135
08-01-2024,Potato,Adilabad,Telangana,1902.68,99
08-01-2024,Potato,Hyderabad,Telangana,2231.7,21
08-01-2024,Tomato,Karimnagar,Telangana,1780.14,128
08-01-2024,Potato,Khammam,Telangana,1935.34,132
08-01-2024,Rice,Hyderabad,Telangana,2767.78,165
08-01-2024,Onion,Hyderabad,Telangana,1693.29,127
08-01-2024,Tomato,Khammam,Telangana,1920.29,106
08-01-2024,Potato,Nizamabad,Telangana,2223.3,98
08-01-2024,Rice,Karimnagar,Telangana,3131.41,70
08-01-2024,Rice,Adilabad,Telangana,2747.9,98
08-01-2024,Tomato,Nizamabad,Telangana,1784.19,66
08-01-2024,Potato,Warangal,Telangana,2003.93,102
08-01-2024,Rice,Warangal,Telangana,2749.58,79
08-01-2024,Onion,Khammam,Telangana,1593.18,113
08-01-2024,Onion,Warangal,Telangana,1343.48,210
08-01-2024,Tomato,Warangal,Telangana,2020.69,83
08-01-2024,Onion,Adilabad,Telangana,1610.22,111
08-02-2022,Onion,Adilabad,Telangana,1833.41,93
08-02-2022,Onion,Khammam,Telangana,1843.44,87
08-02-2022,Rice,Nizamabad,Telangana,2932.53,168
08-02-2022,Rice,Hyderabad,Telangana,2775.49,95
08-02-2022,Onion,Nizamabad,Telangana,1652.53,113
08-02-2022,Onion,Karimnagar,Telangana,1494.94,150
08-02-2022,Potato,Nizamabad,Telangana,2190.74,61
08-02-2022,Potato,Karimnagar,Telangana,2296.84,79
08-02-2022,Potato,Khammam,Telangana,1963.73,126
08-02-2022,Potato,Hyderabad,Telangana,1890.46,144
08-02-2022,Rice,Adilabad,Telangana,2715.74,172
08-02-2022,Onion,Warangal,Telangana,1690.92,145
08-02-2022,Rice,Warangal,Telangana,3028.58,63
08-02-2022,Tomato,Adilabad,Telangana,1771.14,106
08-02-2022,Tomato,Karimnagar,Telangana,1859.67,122
08-02-2022,Tomato,Hyderabad,Telangana,1839.81,123
08-02-2022,Rice,Khammam,Telangana,3084.93,63
08-02-2022,Tomato,Warangal,Telangana,1902.59,97
08-02-2022,Onion,Hyderabad,Telangana,1747.74,146
08-02-2022,Rice,Karimnagar,Telangana,3139.79,83
08-02-2022,Potato,Warangal,Telangana,2160.45,126
08-02-2022,Tomato,Khammam,Telangana,1959.63,77
08-02-2023,Rice,Khammam,Telangana,2909.78,127
08-02-2023,Onion,Adilabad,Telangana,1684.28,102
08-02-2023,Onion,Karimnagar,Telangana,1698.03,139
08-02-2023,Rice,Karimnagar,Telangana,2848.94,78
08-02-2023,Potato,Adilabad,Telangana,2308.39,93
08-02-2023,Rice,Nizamabad,Telangana,2850.52,88
08-02-2023,Potato,Hyderabad,Telangana,2039.36,99
08-02-2023,Tomato,Khammam,Telangana,2053.46,124
08-02-2023,Potato,Karimnagar,Telangana,2395.14,84
08-02-2023,Onion,Nizamabad,Telangana,1671.37,140
08-02-2023,Rice,Hyderabad,Telangana,2873.62,107
08-02-2023,Rice,Adilabad,Telangana,2702.77,201
08-02-2023,Onion,Hyderabad,Telangana,1774.79,87
08-02-2023,Tomato,Nizamabad,Telangana,1929.2,104
08-02-2023,Onion,Warangal,Telangana,1682.74,59
08-02-2023,Tomato,Hyderabad,Telangana,1808.25,128
08-02-2023,Onion,Khammam,Telangana,1684.57,185
08-02-2023,Tomato,Warangal,Telangana,1667.03,95
08-02-2023,Tomato,Adilabad,Telangana,1986.88,126
08-02-2023,Tomato,Karimnagar,Telangana,1845.5,115
08-02-2023,Rice,Warangal,Telangana,2690.13,128
08-02-2023,Potato,Khammam,Telangana,2147.7,50
08-02-2023,Potato,Warangal,Telangana,2066.91,143
08-02-2023,Potato,Nizamabad,Telangana,2160.92,131
08-02-2024,Onion,Warangal,Telangana,1543.86,137
08-02-2024,Rice,Hyderabad,Telangana,2887.09,74
08-02-2024,Tomato,Adilabad,Telangana,1655.06,163
08-02-2024,Potato,Adilabad,Telangana,1854.36,187
08-02-2024,Tomato,Khammam,Telangana,1836.98,128
08-02-2024,Rice,Khammam,Telangana,2821.09,94
08-02-2024,Onion,Nizamabad,Telangana,1595.15,183
08-02-2024,Rice,Adilabad,Telangana,2662.5,178
08-02-2024,Potato,Nizamabad,Telangana,2008.51,122
08-02-2024,Tomato,Nizamabad,Telangana,1712.51,177
08-02-2024,Potato,Khammam,Telangana,2315.47,47
08-02-2024,Potato,Hyderabad,Telangana,1770.65,142
08-02-2024,Tomato,Warangal,Telangana,1973.82,65
08-02-2024,Onion,Adilabad,Telangana,1990.33,111
08-02-2024,Rice,Nizamabad,Telangana,2695.75,94
08-02-2024,Potato,Karimnagar,Telangana,2329.32,83
08-02-2024,Rice,Karimnagar,Telangana,2916.19,134
08-02-2024,Onion,Karimnagar,Telangana,1831.82,69
08-03-2022,Potato,Khammam,Telangana,2271.85,112
08-03-2022,Tomato,Khammam,Telangana,1920.85,214
08-03-2022,Rice,Nizamabad,Telangana,2964.12,156
08-03-2022,Tomato,Warangal,Telangana,1966.69,101
08-03-2022,Potato,Hyderabad,Telangana,2207.42,116
08-03-2022,Onion,Hyderabad,Telangana,1847.73,73
08-03-2022,Rice,Khammam,Telangana,2973.43,171
08-03-2022,Rice,Warangal,Telangana,2918.05,86
08-03-2022,Onion,Warangal,Telangana,2104.24,61
08-03-2022,Onion,Adilabad,Telangana,1852.0,99
08-03-2022,Onion,Khammam,Telangana,1646.84,232
08-03-2022,Potato,Nizamabad,Telangana,1813.28,126
08-03-2022,Onion,Nizamabad,Telangana,1914.68,54
08-03-2022,Rice,Hyderabad,Telangana,3094.73,114
08-03-2022,Potato,Warangal,Telangana,2205.97,134
08-03-2022,Tomato,Nizamabad,Telangana,1862.66,172
08-03-2022,Tomato,Hyderabad,Telangana,2084.23,77
08-03-2022,Rice,Karimnagar,Telangana,2794.09,162
08-03-2022,Tomato,Karimnagar,Telangana,2120.81,39
08-03-2022,Potato,Adilabad,Telangana,2310.06,126
08-03-2022,Rice,Adilabad,Telangana,3102.5,70
08-03-2023,Potato,Hyderabad,Telangana,1936.71,138
08-03-2023,Tomato,Nizamabad,Telangana,1992.4,113
08-03-2023,Potato,Warangal,Telangana,1911.45,145
08-03-2023,Onion,Karimnagar,Telangana,1534.44,168
08-03-2023,Potato,Khammam,Telangana,2174.69,113
08-03-2023,Tomato,Khammam,Telangana,2182.89,59
08-03-2023,Rice,Nizamabad,Telangana,2835.03,149
08-03-2023,Tomato,Warangal,Telangana,1781.6,143
08-03-2023,Rice,Warangal,Telangana,2929.01,164
08-03-2023,Potato,Karimnagar,Telangana,2303.62,77
08-03-2023,Tomato,Hyderabad,Telangana,2034.91,181
08-03-2023,Potato,Adilabad,Telangana,2438.26,95
08-03-2023,Onion,Adilabad,Telangana,1587.34,142
08-03-2023,Rice,Adilabad,Telangana,2667.4,136
08-03-2023,Tomato,Karimnagar,Telangana,2014.94,153
08-03-2023,Onion,Khammam,Telangana,1909.01,76
08-03-2023,Rice,Khammam,Telangana,2949.43,157
08-03-2023,Rice,Hyderabad,Telangana,2865.95,154
08-03-2023,Onion,Hyderabad,Telangana,1543.99,181
08-03-2023,Onion,Nizamabad,Telangana,1658.34,99
08-03-2024,Onion,Adilabad,Telangana,1842.78,79
08-03-2024,Rice,Khammam,Telangana,2852.54,131
08-03-2024,Tomato,Nizamabad,Telangana,1959.08,94
08-03-2024,Onion,Warangal,Telangana,1807.78,74
08-03-2024,Rice,Karimnagar,Telangana,3002.18,41
08-03-2024,Onion,Hyderabad,Telangana,1779.71,92
08-03-2024,Rice,Nizamabad,Telangana,3175.76,71
08-03-2024,Rice,Hyderabad,Telangana,2850.51,141
08-03-2024,Potato,Hyderabad,Telangana,2078.44,88
08-03-2024,Rice,Adilabad,Telangana,2713.21,142
08-03-2024,Tomato,Warangal,Telangana,1620.51,198
08-03-2024,Rice,Warangal,Telangana,2982.44,93
08-03-2024,Onion,Khammam,Telangana,1685.57,89
08-03-2024,Potato,Warangal,Telangana,2028.15,141
08-03-2024,Tomato,Hyderabad,Telangana,2011.66,25
08-03-2024,Tomato,Adilabad,Telangana,1976.84,133
08-03-2024,Tomato,Karimnagar,Telangana,2039.39,46
08-03-2024,Tomato,Khammam,Telangana,1818.95,73
08-03-2024,Onion,Nizamabad,Telangana,1351.37,205
08-03-2024,Potato,Karimnagar,Telangana,2167.31,127
08-03-2024,Potato,Nizamabad,Telangana,2206.47,88
08-03-2024,Onion,Karimnagar,Telangana,1823.27,108
08-03-2024,Potato,Adilabad,Telangana,2281.29,138
08-03-2024,Potato,Khammam,Telangana,2256.19,129
08-04-2022,Rice,Khammam,Telangana,2971.58,173
08-04-2022,Onion,Nizamabad,Telangana,1688.43,136
08-04-2022,Potato,Nizamabad,Telangana,2205.52,49
08-04-2022,Potato,Warangal,Telangana,2260.14,123
08-04-2022,Onion,Karimnagar,Telangana,1695.38,44
08-04-2022,Tomato,Adilabad,Telangana,1857.45,79
08-04-2022,Potato,Adilabad,Telangana,2090.15,141
08-04-2022,Tomato,Nizamabad,Telangana,1661.89,164
08-04-2022,Onion,Warangal,Telangana,1561.96,220
08-04-2022,Tomato,Hyderabad,Telangana,1993.26,126
08-04-2022,Potato,Karimnagar,Telangana,1794.9,150
08-04-2022,Tomato,Karimnagar,Telangana,1919.95,120
08-04-2022,Rice,Hyderabad,Telangana,3017.47,137
08-04-2022,Rice,Warangal,Telangana,3132.58,35
08-04-2022,Onion,Khammam,Telangana,1685.43,135
08-04-2022,Rice,Karimnagar,Telangana,3015.55,185
08-04-2022,Rice,Nizamabad,Telangana,3123.61,81
08-04-2022,Onion,Adilabad,Telangana,1729.56,158
08-04-2022,Potato,Khammam,Telangana,2346.08,66
08-04-2022,Tomato,Khammam,Telangana,1736.73,121
08-04-2022,Tomato,Warangal,Telangana,2059.44,134
08-04-2022,Onion,Hyderabad,Telangana,1893.99,67
08-04-2022,Potato,Hyderabad,Telangana,2034.45,72
08-04-2023,Rice,Warangal,Telangana,3193.89,86
08-04-2023,Onion,Khammam,Telangana,1586.58,122
08-04-2023,Rice,Khammam,Telangana,2988.81,135
08-04-2023,Tomato,Nizamabad,Telangana,1829.49,100
08-04-2023,Potato,Warangal,Telangana,1991.08,141
08-04-2023,Onion,Nizamabad,Telangana,1982.31,32
08-04-2023,Rice,Hyderabad,Telangana,3040.51,95
08-04-2023,Potato,Karimnagar,Telangana,2020.01,93
08-04-2023,Tomato,Warangal,Telangana,1803.46,198
08-04-2023,Onion,Adilabad,Telangana,1937.95,90
08-04-2023,Onion,Karimnagar,Telangana,1729.66,101
08-04-2023,Rice,Karimnagar,Telangana,2950.21,156
08-04-2023,Onion,Hyderabad,Telangana,1561.54,177
08-04-2023,Potato,Hyderabad,Telangana,2464.46,108
08-04-2023,Tomato,Khammam,Telangana,2093.25,106
08-04-2023,Tomato,Adilabad,Telangana,1894.51,121
08-04-2023,Potato,Adilabad,Telangana,2008.76,113
08-04-2023,Tomato,Hyderabad,Telangana,1682.24,167
08-04-2023,Tomato,Karimnagar,Telangana,2002.34,167
08-04-2023,Onion,Warangal,Telangana,1901.86,91
08-04-2023,Potato,Nizamabad,Telangana,2024.89,157
08-04-2023,Potato,Khammam,Telangana,2165.01,104
08-04-2023,Rice,Nizamabad,Telangana,3128.65,76
08-04-2024,Tomato,Warangal,Telangana,1827.5,163
08-04-2024,Onion,Adilabad,Telangana,1878.99,80
08-04-2024,Potato,Adilabad,Telangana,2351.52,50
08-04-2024,Onion,Warangal,Telangana,1840.1,153
08-04-2024,Rice,Warangal,Telangana,2831.15,121
08-04-2024,Rice,Khammam,Telangana,2958.71,109
08-04-2024,Rice,Nizamabad,Telangana,2950.56,116
08-04-2024,Rice,Karimnagar,Telangana,3043.38,112
08-04-2024,Onion,Khammam,Telangana,1695.03,94
08-04-2024,Tomato,Adilabad,Telangana,1738.25,177
08-04-2024,Tomato,Khammam,Telangana,1958.56,128
08-04-2024,Potato,Hyderabad,Telangana,1978.23,153
08-04-2024,Tomato,Hyderabad,Telangana,2104.76,126
08-04-2024,Onion,Nizamabad,Telangana,1985.97,39
08-04-2024,Rice,Hyderabad,Telangana,2820.45,164
08-04-2024,Onion,Karimnagar,Telangana,1847.46,120
08-04-2024,Potato,Nizamabad,Telangana,2256.59,82
08-04-2024,Tomato,Karimnagar,Telangana,1904.01,103
08-04-2024,Onion,Hyderabad,Telangana,1653.67,154
08-04-2024,Potato,Khammam,Telangana,2354.92,86
08-04-2024,Potato,Warangal,Telangana,2199.44,72
08-04-2024,Tomato,Nizamabad,Telangana,1977.37,109
08-04-2024,Rice,Adilabad,Telangana,2973.45,115
08-05-2022,Onion,Nizamabad,Telangana,1789.19,112
08-05-2022,Tomato,Karimnagar,Telangana,1935.15,105
08-05-2022,Onion,Khammam,Telangana,2020.69,105
08-05-2022,Rice,Adilabad,Telangana,3094.3,78
08-05-2022,Rice,Nizamabad,Telangana,3072.64,94
08-05-2022,Tomato,Hyderabad,Telangana,1987.2,59
08-05-2022,Tomato,Khammam,Telangana,1883.3,77
08-05-2022,Onion,Karimnagar,Telangana,2176.76,20
08-05-2022,Tomato,Warangal,Telangana,1933.0,66
08-05-2022,Potato,Warangal,Telangana,2097.07,121
08-05-2022,Rice,Khammam,Telangana,2855.61,105
08-05-2022,Onion,Warangal,Telangana,1599.91,73
08-05-2022,Rice,Karimnagar,Telangana,2885.36,169
08-05-2022,Onion,Hyderabad,Telangana,1567.91,153
08-05-2022,Tomato,Adilabad,Telangana,1850.26,128
08-05-2022,Potato,Nizamabad,Telangana,1983.41,117
08-05-2022,Rice,Warangal,Telangana,3001.61,101
08-05-2022,Potato,Karimnagar,Telangana,2207.21,94
08-05-2022,Potato,Hyderabad,Telangana,2283.04,118
08-05-2022,Tomato,Nizamabad,Telangana,1898.61,84
08-05-2022,Onion,Adilabad,Telangana,1784.42,142
08-05-2022,Rice,Hyderabad,Telangana,2998.04,98
08-05-2022,Potato,Adilabad,Telangana,2238.46,69
08-05-2023,Potato,Khammam,Telangana,2099.34,131
08-05-2023,Tomato,Hyderabad,Telangana,1786.3,119
08-05-2023,Potato,Karimnagar,Telangana,2096.28,127
08-05-2023,Onion,Warangal,Telangana,1729.82,148
08-05-2023,Rice,Warangal,Telangana,3074.37,79
08-05-2023,Onion,Adilabad,Telangana,1585.33,157
08-05-2023,Onion,Khammam,Telangana,1530.51,131
08-05-2023,Rice,Khammam,Telangana,2727.33,181
08-05-2023,Potato,Warangal,Telangana,2107.31,150
08-05-2023,Onion,Karimnagar,Telangana,1758.43,155
08-05-2023,Rice,Karimnagar,Telangana,2793.67,138
08-05-2023,Tomato,Khammam,Telangana,1760.16,122
08-05-2023,Tomato,Nizamabad,Telangana,2041.46,137
08-05-2023,Rice,Nizamabad,Telangana,2891.92,138
08-05-2023,Tomato,Warangal,Telangana,1921.08,100
08-05-2023,Tomato,Karimnagar,Telangana,2082.48,112
08-05-2023,Rice,Hyderabad,Telangana,2808.52,94
08-05-2023,Rice,Adilabad,Telangana,3191.33,20
08-05-2023,Potato,Hyderabad,Telangana,2283.02,104
08-05-2023,Tomato,Adilabad,Telangana,1972.18,72
08-05-2023,Potato,Adilabad,Telangana,2272.46,98
08-05-2024,Tomato,Khammam,Telangana,1720.37,190
08-05-2024,Potato,Khammam,Telangana,2407.84,82
08-05-2024,Onion,Khammam,Telangana,1681.83,107
08-05-2024,Potato,Hyderabad,Telangana,2056.42,132
08-05-2024,Onion,Nizamabad,Telangana,1585.64,199
08-05-2024,Tomato,Nizamabad,Telangana,1737.48,190
08-05-2024,Onion,Adilabad,Telangana,1613.33,174
08-05-2024,Potato,Adilabad,Telangana,2262.56,90
08-05-2024,Onion,Karimnagar,Telangana,1593.37,153
08-05-2024,Onion,Hyderabad,Telangana,1936.13,139
08-05-2024,Potato,Nizamabad,Telangana,2307.49,79
08-05-2024,Rice,Khammam,Telangana,3065.5,93
08-05-2024,Tomato,Hyderabad,Telangana,1918.16,133
08-05-2024,Tomato,Warangal,Telangana,2036.22,88
08-05-2024,Potato,Warangal,Telangana,2225.91,98
08-05-2024,Rice,Hyderabad,Telangana,3098.12,20
08-05-2024,Tomato,Karimnagar,Telangana,2016.83,59
08-05-2024,Tomato,Adilabad,Telangana,2009.17,121
08-05-2024,Potato,Karimnagar,Telangana,2205.5,115
08-05-2024,Rice,Adilabad,Telangana,2741.49,181
08-05-2024,Rice,Karimnagar,Telangana,2983.9,133
08-05-2024,Rice,Warangal,Telangana,2900.14,140
08-06-2022,Tomato,Warangal,Telangana,1742.55,110
08-06-2022,Onion,Karimnagar,Telangana,1625.35,111
08-06-2022,Tomato,Karimnagar,Telangana,1915.67,116
08-06-2022,Tomato,Khammam,Telangana,1670.19,191
08-06-2022,Rice,Karimnagar,Telangana,2947.3,127
08-06-2022,Tomato,Nizamabad,Telangana,1774.46,138
08-06-2022,Rice,Nizamabad,Telangana,2952.39,94
08-06-2022,Tomato,Adilabad,Telangana,1746.2,108
08-06-2022,Potato,Adilabad,Telangana,2245.45,86
08-06-2022,Potato,Karimnagar,Telangana,1919.78,158
08-06-2022,Rice,Khammam,Telangana,2836.37,92
08-06-2022,Onion,Adilabad,Telangana,1510.54,132
08-06-2022,Onion,Warangal,Telangana,1604.71,123
08-06-2022,Rice,Adilabad,Telangana,2807.75,127
08-06-2022,Potato,Warangal,Telangana,1776.9,167
08-06-2022,Potato,Hyderabad,Telangana,2020.17,111
08-06-2022,Potato,Khammam,Telangana,1760.52,189
08-06-2022,Onion,Hyderabad,Telangana,1598.87,137
08-06-2022,Onion,Khammam,Telangana,1838.04,161
08-06-2022,Tomato,Hyderabad,Telangana,1750.64,147
08-06-2022,Potato,Nizamabad,Telangana,1845.9,131
08-06-2022,Rice,Hyderabad,Telangana,2579.8,169
08-06-2022,Rice,Warangal,Telangana,2644.89,211
08-06-2023,Tomato,Nizamabad,Telangana,1848.52,89
08-06-2023,Rice,Khammam,Telangana,2745.91,205
08-06-2023,Potato,Karimnagar,Telangana,1956.68,150
08-06-2023,Onion,Warangal,Telangana,1396.55,120
08-06-2023,Tomato,Warangal,Telangana,1789.4,96
08-06-2023,Onion,Khammam,Telangana,1727.4,137
08-06-2023,Rice,Adilabad,Telangana,2775.16,191
08-06-2023,Onion,Adilabad,Telangana,1426.99,168
08-06-2023,Tomato,Hyderabad,Telangana,1600.7,146
08-06-2023,Onion,Hyderabad,Telangana,1402.67,161
08-06-2023,Tomato,Khammam,Telangana,1793.89,120
08-06-2023,Potato,Warangal,Telangana,2115.29,73
08-06-2023,Tomato,Karimnagar,Telangana,1949.73,64
08-06-2023,Potato,Khammam,Telangana,2051.36,119
08-06-2023,Potato,Hyderabad,Telangana,1834.03,51
08-06-2023,Rice,Hyderabad,Telangana,2766.93,156
08-06-2023,Onion,Karimnagar,Telangana,1427.19,108
08-06-2023,Potato,Adilabad,Telangana,2074.91,129
08-06-2023,Rice,Warangal,Telangana,2949.39,117
08-06-2023,Rice,Nizamabad,Telangana,2772.77,124
08-06-2023,Tomato,Adilabad,Telangana,1831.03,138
08-06-2023,Onion,Nizamabad,Telangana,1697.05,88
08-06-2023,Rice,Karimnagar,Telangana,2753.29,64
08-06-2023,Potato,Nizamabad,Telangana,1914.8,137
08-06-2024,Potato,Karimnagar,Telangana,1946.96,112
08-06-2024,Rice,Karimnagar,Telangana,2812.22,122
08-06-2024,Rice,Adilabad,Telangana,2683.66,199
08-06-2024,Tomato,Warangal,Telangana,1776.77,87
08-06-2024,Tomato,Hyderabad,Telangana,1791.63,102
08-06-2024,Tomato,Nizamabad,Telangana,1785.8,103
08-06-2024,Potato,Adilabad,Telangana,1716.88,202
08-06-2024,Onion,Nizamabad,Telangana,1673.22,167
08-06-2024,Potato,Warangal,Telangana,1977.87,145
08-06-2024,Rice,Hyderabad,Telangana,2711.68,82
08-06-2024,Rice,Warangal,Telangana,2535.42,197
08-06-2024,Onion,Karimnagar,Telangana,1561.01,143
08-06-2024,Tomato,Adilabad,Telangana,1817.7,135
08-06-2024,Potato,Hyderabad,Telangana,2002.09,140
08-06-2024,Rice,Nizamabad,Telangana,2660.02,211
08-06-2024,Potato,Nizamabad,Telangana,2400.78,103
08-06-2024,Tomato,Karimnagar,Telangana,1723.86,144
08-06-2024,Potato,Khammam,Telangana,2015.59,136
08-06-2024,Rice,Khammam,Telangana,2737.81,122
08-06-2024,Onion,Khammam,Telangana,1683.23,103
08-06-2024,Onion,Warangal,Telangana,1721.09,130
08-06-2024,Onion,Hyderabad,Telangana,1601.68,70
08-06-2024,Tomato,Khammam,Telangana,1761.93,145
08-07-2022,Rice,Warangal,Telangana,2706.57,113
08-07-2022,Onion,Warangal,Telangana,1341.19,151
08-07-2022,Tomato,Warangal,Telangana,1893.26,55
08-07-2022,Tomato,Khammam,Telangana,1911.4,33
08-07-2022,Tomato,Karimnagar,Telangana,1874.77,140
08-07-2022,Potato,Hyderabad,Telangana,1922.14,105
08-07-2022,Rice,Karimnagar,Telangana,2531.16,131
08-07-2022,Potato,Karimnagar,Telangana,2210.56,100
08-07-2022,Onion,Nizamabad,Telangana,1949.57,63
08-07-2022,Potato,Khammam,Telangana,1751.29,141
08-07-2022,Rice,Nizamabad,Telangana,2830.8,111
08-07-2022,Rice,Khammam,Telangana,2814.74,104
08-07-2022,Tomato,Hyderabad,Telangana,1695.09,154
08-07-2022,Rice,Adilabad,Telangana,2715.73,177
08-07-2022,Onion,Adilabad,Telangana,1544.03,115
08-07-2022,Potato,Nizamabad,Telangana,1867.48,169
08-07-2022,Tomato,Adilabad,Telangana,2053.71,37
08-07-2022,Potato,Adilabad,Telangana,1818.94,138
08-07-2022,Potato,Warangal,Telangana,2031.11,102
08-07-2022,Tomato,Nizamabad,Telangana,1662.38,138
08-07-2022,Onion,Karimnagar,Telangana,1321.18,168
08-07-2022,Onion,Khammam,Telangana,1621.22,50
08-07-2023,Tomato,Khammam,Telangana,2084.49,63
08-07-2023,Onion,Hyderabad,Telangana,1282.18,141
08-07-2023,Tomato,Nizamabad,Telangana,1700.06,170
08-07-2023,Onion,Khammam,Telangana,1777.39,44
08-07-2023,Tomato,Warangal,Telangana,1639.48,103
08-07-2023,Potato,Adilabad,Telangana,2043.39,139
08-07-2023,Onion,Warangal,Telangana,1701.33,61
08-07-2023,Potato,Nizamabad,Telangana,1839.93,145
08-07-2023,Rice,Khammam,Telangana,2648.52,140
08-07-2023,Rice,Nizamabad,Telangana,2695.9,141
08-07-2023,Rice,Warangal,Telangana,2815.38,90
08-07-2023,Potato,Hyderabad,Telangana,2114.77,71
08-07-2023,Rice,Adilabad,Telangana,2511.25,168
08-07-2023,Potato,Karimnagar,Telangana,2091.85,100
08-07-2023,Tomato,Hyderabad,Telangana,1566.68,144
08-07-2023,Potato,Warangal,Telangana,1854.2,98
08-07-2023,Potato,Khammam,Telangana,2041.69,56
08-07-2023,Rice,Hyderabad,Telangana,2773.89,136
08-07-2023,Onion,Karimnagar,Telangana,1487.93,131
08-07-2023,Rice,Karimnagar,Telangana,2964.8,87
08-07-2023,Tomato,Adilabad,Telangana,1684.2,142
08-07-2023,Onion,Nizamabad,Telangana,1740.65,97
08-08-2022,Potato,Hyderabad,Telangana,1739.35,142
08-08-2022,Rice,Nizamabad,Telangana,2589.37,94
08-08-2022,Rice,Warangal,Telangana,2790.22,113
08-08-2022,Tomato,Adilabad,Telangana,1563.96,153
08-08-2022,Tomato,Hyderabad,Telangana,1773.78,51
08-08-2022,Tomato,Nizamabad,Telangana,1671.49,70
08-08-2022,Potato,Adilabad,Telangana,1910.96,134
08-08-2022,Tomato,Warangal,Telangana,1758.8,103
08-08-2022,Rice,Khammam,Telangana,2703.7,117
08-08-2022,Rice,Karimnagar,Telangana,2704.03,117
08-08-2022,Onion,Karimnagar,Telangana,1515.15,132
08-08-2022,Onion,Khammam,Telangana,1556.88,129
08-08-2022,Rice,Adilabad,Telangana,2857.53,68
08-08-2022,Potato,Khammam,Telangana,1811.15,160
08-08-2022,Potato,Warangal,Telangana,1681.2,140
08-08-2022,Onion,Adilabad,Telangana,1462.1,142
08-08-2022,Rice,Hyderabad,Telangana,2696.89,119
08-08-2022,Tomato,Khammam,Telangana,1309.03,177
08-08-2022,Onion,Hyderabad,Telangana,1445.9,126
08-08-2022,Tomato,Karimnagar,Telangana,1561.78,119
08-08-2022,Potato,Nizamabad,Telangana,1914.97,99
08-08-2022,Onion,Warangal,Telangana,1547.07,148
08-08-2022,Onion,Nizamabad,Telangana,1580.4,84
08-08-2023,Rice,Karimnagar,Telangana,2514.0,120
08-08-2023,Tomato,Warangal,Telangana,1820.85,47
08-08-2023,Onion,Nizamabad,Telangana,1293.32,66
08-08-2023,Potato,Khammam,Telangana,1870.52,146
08-08-2023,Rice,Adilabad,Telangana,2637.54,80
08-08-2023,Tomato,Nizamabad,Telangana,1781.11,128
08-08-2023,Onion,Warangal,Telangana,1527.71,83
08-08-2023,Potato,Adilabad,Telangana,1888.71,102
08-08-2023,Onion,Karimnagar,Telangana,1438.94,48
08-08-2023,Rice,Warangal,Telangana,2424.64,172
08-08-2023,Onion,Khammam,Telangana,1446.98,130
08-08-2023,Potato,Hyderabad,Telangana,1775.4,84
08-08-2023,Tomato,Karimnagar,Telangana,1656.05,161
08-08-2023,Potato,Warangal,Telangana,1995.13,48
08-08-2023,Rice,Nizamabad,Telangana,2717.81,77
08-08-2023,Tomato,Khammam,Telangana,1540.77,185
08-08-2023,Onion,Adilabad,Telangana,1483.96,155
08-08-2023,Rice,Hyderabad,Telangana,2492.87,110
08-08-2023,Tomato,Hyderabad,Telangana,1698.85,143
08-08-2023,Potato,Nizamabad,Telangana,1684.94,192
08-09-2022,Potato,Adilabad,Telangana,1805.37,84
08-09-2022,Tomato,Khammam,Telangana,1372.89,155
08-09-2022,Onion,Hyderabad,Telangana,1364.72,128
08-09-2022,Rice,Hyderabad,Telangana,2670.03,71
08-09-2022,Rice,Nizamabad,Telangana,2479.77,127
08-09-2022,Onion,Nizamabad,Telangana,1039.74,183
08-09-2022,Potato,Nizamabad,Telangana,2008.37,92
08-09-2022,Onion,Warangal,Telangana,1181.93,130
08-09-2022,Potato,Hyderabad,Telangana,1774.3,85
08-09-2022,Tomato,Adilabad,Telangana,1757.21,109
08-09-2022,Potato,Karimnagar,Telangana,1965.74,137
08-09-2022,Rice,Karimnagar,Telangana,2605.24,171
08-09-2022,Potato,Warangal,Telangana,1908.31,97
08-09-2022,Rice,Khammam,Telangana,2632.1,127
08-09-2022,Onion,Khammam,Telangana,1272.44,117
08-09-2022,Onion,Karimnagar,Telangana,1452.43,98
08-09-2022,Tomato,Nizamabad,Telangana,1279.81,117
08-09-2022,Tomato,Hyderabad,Telangana,1731.61,157
08-09-2022,Potato,Khammam,Telangana,1528.56,131
08-09-2022,Rice,Adilabad,Telangana,2420.1,54
08-09-2023,Onion,Khammam,Telangana,1431.79,60
08-09-2023,Onion,Hyderabad,Telangana,1201.59,137
08-09-2023,Tomato,Nizamabad,Telangana,1757.35,57
08-09-2023,Tomato,Hyderabad,Telangana,1458.11,97
08-09-2023,Potato,Warangal,Telangana,1996.97,67
08-09-2023,Onion,Nizamabad,Telangana,1533.04,141
08-09-2023,Rice,Hyderabad,Telangana,2623.55,121
08-09-2023,Tomato,Warangal,Telangana,1697.49,20
08-09-2023,Rice,Karimnagar,Telangana,2558.38,64
08-09-2023,Potato,Khammam,Telangana,1866.14,118
08-09-2023,Potato,Hyderabad,Telangana,1912.35,20
08-09-2023,Onion,Adilabad,Telangana,1261.0,125
08-09-2023,Potato,Nizamabad,Telangana,1599.4,165
08-09-2023,Tomato,Karimnagar,Telangana,1366.12,154
08-09-2023,Tomato,Adilabad,Telangana,1356.78,158
08-09-2023,Potato,Adilabad,Telangana,1670.08,180
08-09-2023,Rice,Khammam,Telangana,2185.36,183
08-09-2023,Onion,Warangal,Telangana,1371.42,139
08-09-2023,Tomato,Khammam,Telangana,1629.03,89
08-09-2023,Rice,Adilabad,Telangana,2427.18,111
08-09-2023,Potato,Karimnagar,Telangana,1446.42,186
08-09-2023,Rice,Nizamabad,Telangana,2599.53,62
08-09-2023,Onion,Karimnagar,Telangana,1223.17,165
08-10-2022,Onion,Adilabad,Telangana,1334.8,76
08-10-2022,Rice,Adilabad,Telangana,2742.61,104
08-10-2022,Potato,Adilabad,Telangana,1656.81,164
08-10-2022,Potato,Nizamabad,Telangana,1820.16,125
08-10-2022,Rice,Nizamabad,Telangana,2377.39,126
08-10-2022,Rice,Karimnagar,Telangana,2557.76,58
08-10-2022,Potato,Hyderabad,Telangana,1820.86,165
08-10-2022,Onion,Nizamabad,Telangana,1588.6,94
08-10-2022,Potato,Khammam,Telangana,1778.62,160
08-10-2022,Onion,Hyderabad,Telangana,1184.43,173
08-10-2022,Rice,Hyderabad,Telangana,2633.09,97
08-10-2022,Potato,Warangal,Telangana,1740.03,130
08-10-2022,Onion,Khammam,Telangana,1271.75,96
08-10-2022,Onion,Karimnagar,Telangana,1295.9,145
08-10-2022,Rice,Warangal,Telangana,2686.27,169
08-10-2022,Tomato,Khammam,Telangana,1542.75,172
08-10-2022,Tomato,Hyderabad,Telangana,1788.2,131
08-10-2022,Tomato,Warangal,Telangana,1482.84,78
08-10-2022,Tomato,Karimnagar,Telangana,1618.74,120
08-10-2022,Onion,Warangal,Telangana,1325.16,116
08-10-2022,Tomato,Nizamabad,Telangana,1879.79,87
08-10-2023,Potato,Nizamabad,Telangana,1880.31,78
08-10-2023,Potato,Hyderabad,Telangana,1970.55,162
08-10-2023,Rice,Warangal,Telangana,2561.03,172
08-10-2023,Onion,Khammam,Telangana,1576.52,20
08-10-2023,Rice,Hyderabad,Telangana,2595.85,132
08-10-2023,Tomato,Warangal,Telangana,1798.32,47
08-10-2023,Rice,Nizamabad,Telangana,2350.09,146
08-10-2023,Tomato,Karimnagar,Telangana,1480.84,87
08-10-2023,Potato,Adilabad,Telangana,1525.9,115
08-10-2023,Rice,Adilabad,Telangana,2375.04,153
08-10-2023,Onion,Nizamabad,Telangana,1376.6,47
08-10-2023,Onion,Warangal,Telangana,1420.27,148
08-10-2023,Potato,Khammam,Telangana,1867.97,142
08-10-2023,Tomato,Nizamabad,Telangana,1440.81,138
08-10-2023,Tomato,Adilabad,Telangana,1474.12,80
08-10-2023,Potato,Warangal,Telangana,1763.6,104
08-10-2023,Tomato,Hyderabad,Telangana,1830.32,135
08-10-2023,Onion,Adilabad,Telangana,1374.1,70
08-10-2023,Onion,Karimnagar,Telangana,1131.38,151
08-10-2023,Tomato,Khammam,Telangana,1344.63,170
08-10-2023,Rice,Karimnagar,Telangana,2484.32,124
08-10-2023,Onion,Hyderabad,Telangana,1157.88,143
08-11-2022,Rice,Nizamabad,Telangana,2555.37,174
08-11-2022,Tomato,Warangal,Telangana,1614.51,110
08-11-2022,Tomato,Hyderabad,Telangana,1611.18,195
08-11-2022,Tomato,Khammam,Telangana,1673.79,100
08-11-2022,Onion,Adilabad,Telangana,1221.07,139
08-11-2022,Potato,Adilabad,Telangana,1789.96,90
08-11-2022,Potato,Warangal,Telangana,1768.87,173
08-11-2022,Rice,Khammam,Telangana,2663.34,123
08-11-2022,Onion,Karimnagar,Telangana,1158.76,172
08-11-2022,Potato,Karimnagar,Telangana,2021.42,96
08-11-2022,Tomato,Nizamabad,Telangana,1368.71,219
08-11-2022,Onion,Nizamabad,Telangana,1495.84,39
08-11-2022,Tomato,Karimnagar,Telangana,1743.15,119
08-11-2022,Onion,Warangal,Telangana,1310.09,155
08-11-2022,Potato,Nizamabad,Telangana,1751.24,105
08-11-2022,Rice,Karimnagar,Telangana,2717.66,98
08-11-2022,Rice,Adilabad,Telangana,2544.38,141
08-11-2022,Tomato,Adilabad,Telangana,1692.75,127
08-11-2022,Onion,Hyderabad,Telangana,1378.69,110
08-11-2022,Rice,Hyderabad,Telangana,2737.25,150
08-11-2022,Onion,Khammam,Telangana,1646.31,20
08-11-2022,Potato,Khammam,Telangana,1880.19,131
08-11-2022,Rice,Warangal,Telangana,2166.06,172
08-11-2023,Tomato,Nizamabad,Telangana,1665.62,109
08-11-2023,Potato,Karimnagar,Telangana,1940.63,60
08-11-2023,Tomato,Hyderabad,Telangana,1648.83,141
08-11-2023,Rice,Hyderabad,Telangana,2408.84,191
08-11-2023,Onion,Karimnagar,Telangana,1403.58,140
08-11-2023,Tomato,Warangal,Telangana,1754.75,20
08-11-2023,Onion,Warangal,Telangana,1477.28,191
08-11-2023,Tomato,Khammam,Telangana,1558.64,141
08-11-2023,Tomato,Adilabad,Telangana,1508.48,114
08-11-2023,Onion,Khammam,Telangana,1247.97,71
08-11-2023,Onion,Hyderabad,Telangana,1170.83,167
08-11-2023,Onion,Adilabad,Telangana,1276.04,110
08-11-2023,Tomato,Karimnagar,Telangana,1654.08,151
08-11-2023,Potato,Warangal,Telangana,1798.24,124
08-11-2023,Rice,Khammam,Telangana,2855.97,103
08-11-2023,Potato,Adilabad,Telangana,1783.01,88
08-11-2023,Rice,Adilabad,Telangana,2800.85,51
08-11-2023,Potato,Hyderabad,Telangana,1480.15,149
08-11-2023,Rice,Warangal,Telangana,2722.35,75
08-11-2023,Rice,Nizamabad,Telangana,2614.6,150
08-11-2023,Potato,Khammam,Telangana,2076.23,61
08-11-2023,Potato,Nizamabad,Telangana,1715.96,207
08-11-2023,Rice,Karimnagar,Telangana,2597.19,163
08-11-2023,Onion,Nizamabad,Telangana,1641.8,100
08-12-2022,Onion,Khammam,Telangana,1557.19,105
08-12-2022,Rice,Hyderabad,Telangana,2720.59,81
08-12-2022,Tomato,Hyderabad,Telangana,1780.43,99
08-12-2022,Onion,Warangal,Telangana,1357.01,124
08-12-2022,Rice,Warangal,Telangana,2412.56,168
08-12-2022,Tomato,Khammam,Telangana,1570.86,171
08-12-2022,Tomato,Karimnagar,Telangana,1704.47,166
08-12-2022,Potato,Nizamabad,Telangana,1856.4,128
08-12-2022,Tomato,Warangal,Telangana,1429.7,199
08-12-2022,Rice,Nizamabad,Telangana,2756.93,103
08-12-2022,Tomato,Nizamabad,Telangana,1599.78,168
08-12-2022,Rice,Khammam,Telangana,2722.62,107
08-12-2022,Rice,Karimnagar,Telangana,2687.35,113
08-12-2022,Potato,Khammam,Telangana,1808.74,83
08-12-2022,Onion,Hyderabad,Telangana,1452.08,105
08-12-2022,Onion,Nizamabad,Telangana,1536.48,89
08-12-2022,Potato,Warangal,Telangana,2082.42,33
08-12-2022,Onion,Adilabad,Telangana,1633.6,103
08-12-2022,Potato,Adilabad,Telangana,1980.83,65
08-12-2022,Potato,Hyderabad,Telangana,1860.71,81
08-12-2022,Onion,Karimnagar,Telangana,1494.28,121
08-12-2023,Tomato,Warangal,Telangana,1730.49,186
08-12-2023,Rice,Warangal,Telangana,2709.38,130
08-12-2023,Onion,Adilabad,Telangana,1486.03,128
08-12-2023,Tomato,Adilabad,Telangana,1702.38,77
08-12-2023,Potato,Karimnagar,Telangana,2010.13,122
08-12-2023,Rice,Khammam,Telangana,2591.63,83
08-12-2023,Onion,Hyderabad,Telangana,1801.38,33
08-12-2023,Potato,Hyderabad,Telangana,2020.31,149
08-12-2023,Potato,Warangal,Telangana,2002.73,58
08-12-2023,Onion,Khammam,Telangana,1559.04,98
08-12-2023,Tomato,Hyderabad,Telangana,1903.5,138
08-12-2023,Onion,Warangal,Telangana,1453.29,70
08-12-2023,Rice,Hyderabad,Telangana,2662.63,106
08-12-2023,Tomato,Karimnagar,Telangana,1651.18,120
08-12-2023,Rice,Nizamabad,Telangana,2756.72,132
08-12-2023,Rice,Adilabad,Telangana,2948.2,127
08-12-2023,Tomato,Nizamabad,Telangana,1494.88,86
08-12-2023,Potato,Nizamabad,Telangana,2090.83,88
08-12-2023,Tomato,Khammam,Telangana,1643.68,128
08-12-2023,Potato,Adilabad,Telangana,2261.71,28
08-12-2023,Onion,Nizamabad,Telangana,1665.4,148
09-01-2022,Rice,Adilabad,Telangana,2984.98,39
09-01-2022,Rice,Warangal,Telangana,2937.11,130
09-01-2022,Rice,Khammam,Telangana,2815.42,20
09-01-2022,Tomato,Warangal,Telangana,1875.16,33
09-01-2022,Tomato,Khammam,Telangana,2022.08,96
09-01-2022,Onion,Nizamabad,Telangana,1575.79,63
09-01-2022,Potato,Warangal,Telangana,2127.48,123
09-01-2022,Tomato,Adilabad,Telangana,1837.29,51
09-01-2022,Rice,Karimnagar,Telangana,2760.13,120
09-01-2022,Rice,Nizamabad,Telangana,2891.36,124
09-01-2022,Potato,Adilabad,Telangana,2260.71,117
09-01-2022,Onion,Adilabad,Telangana,1636.02,128
09-01-2022,Onion,Khammam,Telangana,1420.48,93
09-01-2022,Tomato,Hyderabad,Telangana,1907.17,79
09-01-2022,Potato,Khammam,Telangana,1790.74,151
09-01-2022,Onion,Warangal,Telangana,1520.75,187
09-01-2022,Potato,Hyderabad,Telangana,2074.51,139
09-01-2022,Potato,Karimnagar,Telangana,1744.05,146
09-01-2022,Tomato,Karimnagar,Telangana,1833.36,80
09-01-2022,Potato,Nizamabad,Telangana,1734.19,150
09-01-2022,Rice,Hyderabad,Telangana,2977.62,41
09-01-2023,Tomato,Warangal,Telangana,1831.68,64
09-01-2023,Potato,Karimnagar,Telangana,1782.66,133
09-01-2023,Rice,Nizamabad,Telangana,2954.2,108
09-01-2023,Tomato,Hyderabad,Telangana,1682.81,127
09-01-2023,Potato,Nizamabad,Telangana,2127.18,117
09-01-2023,Potato,Warangal,Telangana,1953.72,102
09-01-2023,Rice,Hyderabad,Telangana,2861.85,93
09-01-2023,Potato,Khammam,Telangana,2311.93,20
09-01-2023,Rice,Warangal,Telangana,2769.27,52
09-01-2023,Potato,Adilabad,Telangana,1944.79,137
09-01-2023,Tomato,Nizamabad,Telangana,1738.84,122
09-01-2023,Onion,Warangal,Telangana,1519.68,119
09-01-2023,Tomato,Karimnagar,Telangana,1601.59,118
09-01-2023,Onion,Nizamabad,Telangana,1636.13,75
09-01-2023,Tomato,Khammam,Telangana,1796.12,164
09-01-2023,Onion,Karimnagar,Telangana,1708.77,69
09-01-2023,Rice,Karimnagar,Telangana,2816.23,136
09-01-2023,Onion,Khammam,Telangana,1616.64,131
09-01-2023,Rice,Khammam,Telangana,2620.61,150
09-01-2023,Onion,Adilabad,Telangana,1578.47,128
09-01-2023,Rice,Adilabad,Telangana,2939.41,119
09-01-2023,Potato,Hyderabad,Telangana,1922.96,137
09-01-2023,Onion,Hyderabad,Telangana,1393.38,128
09-01-2024,Potato,Khammam,Telangana,1911.42,124
09-01-2024,Rice,Warangal,Telangana,2676.28,144
09-01-2024,Tomato,Adilabad,Telangana,2005.81,80
09-01-2024,Potato,Adilabad,Telangana,1819.39,103
09-01-2024,Rice,Karimnagar,Telangana,2929.64,130
09-01-2024,Potato,Nizamabad,Telangana,1935.29,151
09-01-2024,Rice,Nizamabad,Telangana,2775.49,186
09-01-2024,Onion,Karimnagar,Telangana,1597.23,108
09-01-2024,Onion,Warangal,Telangana,1690.62,102
09-01-2024,Onion,Hyderabad,Telangana,1637.64,111
09-01-2024,Potato,Warangal,Telangana,1852.53,97
09-01-2024,Tomato,Karimnagar,Telangana,1909.91,121
09-01-2024,Potato,Karimnagar,Telangana,1840.8,189
09-01-2024,Tomato,Khammam,Telangana,1824.94,128
09-01-2024,Potato,Hyderabad,Telangana,2089.93,63
09-01-2024,Onion,Adilabad,Telangana,1582.25,148
09-01-2024,Tomato,Nizamabad,Telangana,1655.44,142
09-01-2024,Tomato,Warangal,Telangana,1711.57,166
09-01-2024,Rice,Adilabad,Telangana,2996.91,30
09-01-2024,Rice,Hyderabad,Telangana,2747.68,158
09-01-2024,Onion,Khammam,Telangana,1436.62,168
09-01-2024,Tomato,Hyderabad,Telangana,1847.8,115
09-02-2022,Onion,Adilabad,Telangana,1580.1,112
09-02-2022,Rice,Khammam,Telangana,3040.18,114
09-02-2022,Potato,Hyderabad,Telangana,2099.69,189
09-02-2022,Rice,Hyderabad,Telangana,2806.49,124
09-02-2022,Onion,Hyderabad,Telangana,1686.13,66
09-02-2022,Potato,Karimnagar,Telangana,2236.49,113
09-02-2022,Tomato,Hyderabad,Telangana,1639.9,123
09-02-2022,Tomato,Nizamabad,Telangana,2056.29,100
09-02-2022,Rice,Karimnagar,Telangana,2885.43,133
09-02-2022,Onion,Nizamabad,Telangana,1715.82,180
09-02-2022,Rice,Adilabad,Telangana,2773.28,149
09-02-2022,Potato,Warangal,Telangana,2291.04,99
09-02-2022,Onion,Khammam,Telangana,1804.32,66
09-02-2022,Tomato,Adilabad,Telangana,1768.36,77
09-02-2022,Potato,Khammam,Telangana,2111.75,127
09-02-2022,Potato,Adilabad,Telangana,2053.2,109
09-02-2022,Rice,Warangal,Telangana,2877.19,95
09-02-2022,Rice,Nizamabad,Telangana,2953.02,104
09-02-2022,Potato,Nizamabad,Telangana,2222.05,160
09-02-2022,Tomato,Khammam,Telangana,1984.81,116
09-02-2022,Tomato,Karimnagar,Telangana,1780.36,167
09-02-2022,Tomato,Warangal,Telangana,1923.7,52
09-02-2022,Onion,Warangal,Telangana,1626.59,161
09-02-2023,Tomato,Adilabad,Telangana,2025.82,37
09-02-2023,Rice,Hyderabad,Telangana,2686.77,130
09-02-2023,Onion,Adilabad,Telangana,1416.3,136
09-02-2023,Potato,Khammam,Telangana,1948.34,132
09-02-2023,Onion,Karimnagar,Telangana,1459.27,228
09-02-2023,Tomato,Nizamabad,Telangana,1811.24,117
09-02-2023,Onion,Hyderabad,Telangana,1698.55,68
09-02-2023,Potato,Warangal,Telangana,2072.92,110
09-02-2023,Onion,Khammam,Telangana,1672.48,128
09-02-2023,Rice,Warangal,Telangana,2761.54,156
09-02-2023,Onion,Nizamabad,Telangana,1859.53,94
09-02-2023,Onion,Warangal,Telangana,1575.55,202
09-02-2023,Potato,Hyderabad,Telangana,1988.83,157
09-02-2023,Rice,Nizamabad,Telangana,3077.79,48
09-02-2023,Rice,Karimnagar,Telangana,2879.07,135
09-02-2023,Tomato,Khammam,Telangana,2034.12,107
09-02-2023,Potato,Adilabad,Telangana,2152.26,129
09-02-2023,Rice,Khammam,Telangana,3062.39,112
09-02-2023,Rice,Adilabad,Telangana,2743.93,153
09-02-2023,Potato,Karimnagar,Telangana,2084.74,153
09-02-2023,Tomato,Karimnagar,Telangana,1947.55,141
09-02-2023,Potato,Nizamabad,Telangana,1995.52,141
09-02-2024,Onion,Karimnagar,Telangana,1597.96,90
09-02-2024,Tomato,Khammam,Telangana,1588.52,179
09-02-2024,Tomato,Warangal,Telangana,2059.97,140
09-02-2024,Potato,Hyderabad,Telangana,2035.25,120
09-02-2024,Rice,Karimnagar,Telangana,2873.24,150
09-02-2024,Rice,Hyderabad,Telangana,2972.92,73
09-02-2024,Potato,Adilabad,Telangana,1708.6,172
09-02-2024,Onion,Khammam,Telangana,1910.11,111
09-02-2024,Onion,Nizamabad,Telangana,1596.19,115
09-02-2024,Onion,Adilabad,Telangana,1851.88,138
09-02-2024,Potato,Warangal,Telangana,2032.26,161
09-02-2024,Tomato,Nizamabad,Telangana,1764.28,102
09-02-2024,Rice,Nizamabad,Telangana,2918.52,166
09-02-2024,Rice,Khammam,Telangana,2906.46,135
09-02-2024,Tomato,Karimnagar,Telangana,1861.32,92
09-02-2024,Onion,Hyderabad,Telangana,1703.03,139
09-02-2024,Potato,Karimnagar,Telangana,1848.85,165
09-02-2024,Potato,Khammam,Telangana,2162.84,159
09-02-2024,Rice,Adilabad,Telangana,2939.5,99
09-02-2024,Tomato,Adilabad,Telangana,2254.63,47
09-02-2024,Rice,Warangal,Telangana,2945.93,146
09-03-2022,Tomato,Khammam,Telangana,1960.99,129
09-03-2022,Potato,Karimnagar,Telangana,2136.74,137
09-03-2022,Potato,Warangal,Telangana,2121.71,82
09-03-2022,Tomato,Hyderabad,Telangana,2202.82,83
09-03-2022,Rice,Karimnagar,Telangana,2679.7,170
09-03-2022,Onion,Karimnagar,Telangana,1581.79,110
09-03-2022,Rice,Hyderabad,Telangana,3110.35,152
09-03-2022,Onion,Hyderabad,Telangana,1596.39,129
09-03-2022,Tomato,Warangal,Telangana,1552.47,225
09-03-2022,Potato,Nizamabad,Telangana,2300.18,86
09-03-2022,Rice,Warangal,Telangana,2725.26,169
09-03-2022,Tomato,Adilabad,Telangana,2001.06,59
09-03-2022,Potato,Khammam,Telangana,2170.95,135
09-03-2022,Rice,Khammam,Telangana,2992.27,131
09-03-2022,Tomato,Karimnagar,Telangana,1866.18,151
09-03-2022,Potato,Adilabad,Telangana,2161.16,116
09-03-2022,Onion,Nizamabad,Telangana,1358.28,147
09-03-2022,Onion,Warangal,Telangana,1754.64,103
09-03-2022,Rice,Nizamabad,Telangana,2743.0,124
09-03-2022,Tomato,Nizamabad,Telangana,2256.93,113
09-03-2022,Onion,Adilabad,Telangana,1496.07,169
09-03-2022,Onion,Khammam,Telangana,1475.59,166
09-03-2022,Potato,Hyderabad,Telangana,1957.77,151
09-03-2023,Potato,Karimnagar,Telangana,2309.68,42
09-03-2023,Tomato,Adilabad,Telangana,1931.25,124
09-03-2023,Potato,Nizamabad,Telangana,1965.85,236
09-03-2023,Potato,Warangal,Telangana,2039.23,141
09-03-2023,Tomato,Warangal,Telangana,1742.77,138
09-03-2023,Onion,Hyderabad,Telangana,1644.38,124
09-03-2023,Tomato,Nizamabad,Telangana,2009.58,95
09-03-2023,Tomato,Karimnagar,Telangana,1852.06,96
09-03-2023,Onion,Adilabad,Telangana,1937.79,109
09-03-2023,Onion,Karimnagar,Telangana,1938.96,132
09-03-2023,Tomato,Hyderabad,Telangana,1946.3,95
09-03-2023,Rice,Khammam,Telangana,2869.47,199
09-03-2023,Onion,Khammam,Telangana,1775.56,120
09-03-2023,Onion,Nizamabad,Telangana,1967.21,67
09-03-2023,Potato,Hyderabad,Telangana,2015.05,200
09-03-2023,Rice,Adilabad,Telangana,2946.51,101
09-03-2023,Tomato,Khammam,Telangana,2025.66,84
09-03-2023,Potato,Adilabad,Telangana,2078.26,143
09-03-2023,Onion,Warangal,Telangana,1880.93,130
09-03-2023,Rice,Hyderabad,Telangana,3056.83,86
09-03-2023,Rice,Nizamabad,Telangana,2889.96,46
09-03-2023,Rice,Karimnagar,Telangana,3113.12,40
09-03-2023,Potato,Khammam,Telangana,1987.84,91
09-03-2024,Potato,Nizamabad,Telangana,2120.5,57
09-03-2024,Rice,Nizamabad,Telangana,2828.95,74
09-03-2024,Tomato,Adilabad,Telangana,2012.33,139
09-03-2024,Onion,Nizamabad,Telangana,2033.79,89
09-03-2024,Onion,Khammam,Telangana,1725.5,132
09-03-2024,Tomato,Nizamabad,Telangana,1820.91,150
09-03-2024,Tomato,Warangal,Telangana,2082.89,140
09-03-2024,Onion,Warangal,Telangana,1681.23,125
09-03-2024,Rice,Adilabad,Telangana,3008.2,96
09-03-2024,Tomato,Hyderabad,Telangana,2143.09,144
09-03-2024,Onion,Hyderabad,Telangana,1582.34,191
09-03-2024,Rice,Warangal,Telangana,2873.47,126
09-03-2024,Potato,Warangal,Telangana,2284.33,108
09-03-2024,Rice,Hyderabad,Telangana,2875.83,114
09-03-2024,Potato,Adilabad,Telangana,2234.26,149
09-03-2024,Potato,Karimnagar,Telangana,2215.26,117
09-03-2024,Tomato,Khammam,Telangana,2093.91,99
09-03-2024,Onion,Adilabad,Telangana,1660.72,39
09-03-2024,Rice,Khammam,Telangana,2967.04,86
09-03-2024,Rice,Karimnagar,Telangana,3001.4,132
09-03-2024,Potato,Hyderabad,Telangana,1994.44,159
09-03-2024,Potato,Khammam,Telangana,2118.17,113
09-03-2024,Onion,Karimnagar,Telangana,1616.26,167
09-03-2024,Tomato,Karimnagar,Telangana,1821.77,161
09-04-2022,Tomato,Karimnagar,Telangana,1998.1,113
09-04-2022,Onion,Adilabad,Telangana,1694.05,175
09-04-2022,Potato,Karimnagar,Telangana,2236.4,119
09-04-2022,Rice,Adilabad,Telangana,2962.42,121
09-04-2022,Onion,Khammam,Telangana,1665.96,153
09-04-2022,Potato,Khammam,Telangana,2164.16,107
09-04-2022,Tomato,Adilabad,Telangana,2006.34,181
09-04-2022,Onion,Hyderabad,Telangana,1874.16,133
09-04-2022,Onion,Warangal,Telangana,1760.61,81
09-04-2022,Potato,Hyderabad,Telangana,2150.54,101
09-04-2022,Potato,Nizamabad,Telangana,2456.11,36
09-04-2022,Rice,Nizamabad,Telangana,3158.81,86
09-04-2022,Tomato,Nizamabad,Telangana,1893.45,136
09-04-2022,Onion,Karimnagar,Telangana,1850.14,126
09-04-2022,Rice,Warangal,Telangana,3164.03,75
09-04-2022,Rice,Hyderabad,Telangana,2802.19,145
09-04-2022,Potato,Adilabad,Telangana,2159.8,37
09-04-2022,Potato,Warangal,Telangana,2021.41,178
09-04-2022,Tomato,Khammam,Telangana,1865.74,175
09-04-2022,Tomato,Warangal,Telangana,1856.83,118
09-04-2022,Rice,Khammam,Telangana,3038.95,135
09-04-2022,Onion,Nizamabad,Telangana,1998.74,58
09-04-2022,Tomato,Hyderabad,Telangana,2049.1,84
09-04-2022,Rice,Karimnagar,Telangana,2774.45,146
09-04-2023,Tomato,Hyderabad,Telangana,2049.92,97
09-04-2023,Onion,Hyderabad,Telangana,1879.38,141
09-04-2023,Potato,Adilabad,Telangana,1908.81,166
09-04-2023,Potato,Khammam,Telangana,2100.08,121
09-04-2023,Onion,Nizamabad,Telangana,1742.11,132
09-04-2023,Tomato,Khammam,Telangana,1775.07,155
09-04-2023,Onion,Warangal,Telangana,1945.66,64
09-04-2023,Potato,Hyderabad,Telangana,2061.91,138
09-04-2023,Potato,Warangal,Telangana,2335.44,22
09-04-2023,Rice,Adilabad,Telangana,2753.32,138
09-04-2023,Tomato,Warangal,Telangana,2039.63,160
09-04-2023,Rice,Nizamabad,Telangana,2837.86,213
09-04-2023,Tomato,Karimnagar,Telangana,2162.31,64
09-04-2023,Rice,Hyderabad,Telangana,2879.17,158
09-04-2023,Tomato,Nizamabad,Telangana,2074.94,99
09-04-2023,Onion,Adilabad,Telangana,1790.82,166
09-04-2023,Potato,Karimnagar,Telangana,2193.08,76
09-04-2023,Onion,Khammam,Telangana,1839.23,53
09-04-2023,Potato,Nizamabad,Telangana,1972.96,112
09-04-2023,Rice,Karimnagar,Telangana,3112.39,75
09-04-2023,Tomato,Adilabad,Telangana,1998.5,86
09-04-2023,Onion,Karimnagar,Telangana,1610.43,104
09-04-2023,Rice,Warangal,Telangana,2793.29,161
09-04-2023,Rice,Khammam,Telangana,2940.06,163
09-04-2024,Rice,Adilabad,Telangana,2898.31,75
09-04-2024,Onion,Karimnagar,Telangana,1663.78,111
09-04-2024,Tomato,Warangal,Telangana,1817.62,120
09-04-2024,Potato,Warangal,Telangana,2092.45,151
09-04-2024,Rice,Karimnagar,Telangana,2954.61,75
09-04-2024,Tomato,Karimnagar,Telangana,2332.93,54
09-04-2024,Tomato,Nizamabad,Telangana,1884.66,198
09-04-2024,Onion,Nizamabad,Telangana,1755.38,154
09-04-2024,Tomato,Adilabad,Telangana,1764.79,146
09-04-2024,Potato,Hyderabad,Telangana,2139.41,88
09-04-2024,Onion,Warangal,Telangana,1693.29,160
09-04-2024,Tomato,Hyderabad,Telangana,2177.01,79
09-04-2024,Rice,Khammam,Telangana,2705.35,197
09-04-2024,Potato,Adilabad,Telangana,2065.99,89
09-04-2024,Potato,Nizamabad,Telangana,2009.8,163
09-04-2024,Tomato,Khammam,Telangana,1870.44,55
09-04-2024,Onion,Khammam,Telangana,1928.49,24
09-04-2024,Rice,Warangal,Telangana,2996.37,104
09-05-2022,Rice,Hyderabad,Telangana,2784.68,145
09-05-2022,Tomato,Warangal,Telangana,2066.22,100
09-05-2022,Rice,Warangal,Telangana,2950.04,103
09-05-2022,Potato,Adilabad,Telangana,2047.13,151
09-05-2022,Rice,Adilabad,Telangana,2989.36,127
09-05-2022,Tomato,Khammam,Telangana,2086.44,83
09-05-2022,Tomato,Hyderabad,Telangana,1736.38,170
09-05-2022,Rice,Nizamabad,Telangana,2757.98,68
09-05-2022,Onion,Adilabad,Telangana,1792.35,151
09-05-2022,Tomato,Adilabad,Telangana,1857.79,86
09-05-2022,Onion,Khammam,Telangana,1775.52,113
09-05-2022,Onion,Warangal,Telangana,1692.06,148
09-05-2022,Potato,Hyderabad,Telangana,2424.4,75
09-05-2022,Onion,Karimnagar,Telangana,1594.34,128
09-05-2022,Rice,Khammam,Telangana,2852.11,173
09-05-2022,Potato,Warangal,Telangana,2178.43,100
09-05-2022,Rice,Karimnagar,Telangana,3012.65,89
09-05-2022,Tomato,Nizamabad,Telangana,1835.97,160
09-05-2022,Potato,Khammam,Telangana,2018.2,129
09-05-2022,Onion,Hyderabad,Telangana,1708.17,86
09-05-2022,Tomato,Karimnagar,Telangana,2104.26,64
09-05-2022,Potato,Nizamabad,Telangana,1872.69,94
09-05-2022,Potato,Karimnagar,Telangana,2099.04,96
09-05-2023,Rice,Karimnagar,Telangana,2963.68,70
09-05-2023,Tomato,Khammam,Telangana,1953.16,142
09-05-2023,Potato,Khammam,Telangana,2234.23,84
09-05-2023,Potato,Karimnagar,Telangana,1954.09,99
09-05-2023,Onion,Nizamabad,Telangana,1635.35,121
09-05-2023,Rice,Adilabad,Telangana,2957.3,157
09-05-2023,Rice,Nizamabad,Telangana,2801.75,129
09-05-2023,Onion,Hyderabad,Telangana,1908.69,93
09-05-2023,Onion,Adilabad,Telangana,1673.37,110
09-05-2023,Rice,Hyderabad,Telangana,3011.42,128
09-05-2023,Tomato,Nizamabad,Telangana,1752.63,119
09-05-2023,Tomato,Karimnagar,Telangana,1951.57,160
09-05-2023,Onion,Karimnagar,Telangana,1940.7,58
09-05-2023,Tomato,Warangal,Telangana,1827.76,89
09-05-2023,Potato,Hyderabad,Telangana,2347.74,101
09-05-2023,Potato,Warangal,Telangana,2286.27,105
09-05-2023,Onion,Warangal,Telangana,1822.62,95
09-05-2023,Onion,Khammam,Telangana,1776.22,125
09-05-2023,Rice,Khammam,Telangana,2915.82,165
09-05-2023,Rice,Warangal,Telangana,2889.94,100
09-05-2023,Potato,Nizamabad,Telangana,2169.31,130
09-05-2023,Tomato,Adilabad,Telangana,1738.18,105
09-05-2023,Tomato,Hyderabad,Telangana,1906.58,180
09-05-2023,Potato,Adilabad,Telangana,2221.16,87
09-05-2024,Rice,Hyderabad,Telangana,3016.28,104
09-05-2024,Rice,Khammam,Telangana,2845.4,79
09-05-2024,Potato,Khammam,Telangana,2220.69,62
09-05-2024,Onion,Khammam,Telangana,1613.79,194
09-05-2024,Onion,Warangal,Telangana,1841.78,142
09-05-2024,Rice,Warangal,Telangana,2971.39,74
09-05-2024,Tomato,Hyderabad,Telangana,1810.98,148
09-05-2024,Potato,Warangal,Telangana,2105.39,132
09-05-2024,Tomato,Nizamabad,Telangana,2069.71,86
09-05-2024,Potato,Nizamabad,Telangana,2028.65,147
09-05-2024,Rice,Nizamabad,Telangana,3068.08,79
09-05-2024,Onion,Adilabad,Telangana,1623.13,122
09-05-2024,Onion,Hyderabad,Telangana,1638.6,155
09-05-2024,Tomato,Khammam,Telangana,2156.35,51
09-05-2024,Potato,Hyderabad,Telangana,1915.18,139
09-05-2024,Potato,Karimnagar,Telangana,2061.61,159
09-05-2024,Rice,Karimnagar,Telangana,3058.58,159
09-05-2024,Onion,Nizamabad,Telangana,1815.17,123
09-05-2024,Potato,Adilabad,Telangana,2202.09,83
09-05-2024,Tomato,Adilabad,Telangana,1825.4,179
09-05-2024,Rice,Adilabad,Telangana,3191.22,108
09-05-2024,Onion,Karimnagar,Telangana,1671.75,95
09-05-2024,Tomato,Karimnagar,Telangana,2000.07,112
09-06-2022,Potato,Adilabad,Telangana,2149.02,133
09-06-2022,Rice,Adilabad,Telangana,2943.55,82
09-06-2022,Rice,Khammam,Telangana,2786.86,177
09-06-2022,Potato,Hyderabad,Telangana,1958.06,155
09-06-2022,Onion,Warangal,Telangana,1576.52,86
09-06-2022,Onion,Nizamabad,Telangana,1869.52,114
09-06-2022,Potato,Warangal,Telangana,1927.4,139
09-06-2022,Tomato,Khammam,Telangana,2111.12,24
09-06-2022,Tomato,Adilabad,Telangana,1744.94,101
09-06-2022,Tomato,Hyderabad,Telangana,1799.1,132
09-06-2022,Potato,Karimnagar,Telangana,1919.44,114
09-06-2022,Onion,Hyderabad,Telangana,1669.17,163
09-06-2022,Tomato,Nizamabad,Telangana,1566.12,142
09-06-2022,Tomato,Karimnagar,Telangana,1757.59,157
09-06-2022,Onion,Khammam,Telangana,1560.89,88
09-06-2022,Onion,Adilabad,Telangana,1442.67,139
09-06-2022,Onion,Karimnagar,Telangana,1722.14,110
09-06-2022,Rice,Warangal,Telangana,3203.57,77
09-06-2022,Rice,Nizamabad,Telangana,2801.64,185
09-06-2022,Rice,Karimnagar,Telangana,2552.83,192
09-06-2022,Rice,Hyderabad,Telangana,3100.48,70
09-06-2023,Tomato,Warangal,Telangana,1824.02,95
09-06-2023,Tomato,Karimnagar,Telangana,1941.19,55
09-06-2023,Onion,Adilabad,Telangana,1792.87,74
09-06-2023,Rice,Khammam,Telangana,3109.29,65
09-06-2023,Onion,Karimnagar,Telangana,1696.11,157
09-06-2023,Rice,Karimnagar,Telangana,3144.62,66
09-06-2023,Tomato,Khammam,Telangana,1649.9,255
09-06-2023,Onion,Hyderabad,Telangana,1797.11,28
09-06-2023,Potato,Nizamabad,Telangana,1983.31,125
09-06-2023,Rice,Nizamabad,Telangana,2987.38,64
09-06-2023,Potato,Karimnagar,Telangana,2273.06,36
09-06-2023,Onion,Nizamabad,Telangana,1842.18,80
09-06-2023,Rice,Adilabad,Telangana,2668.01,215
09-06-2023,Potato,Khammam,Telangana,2284.29,94
09-06-2023,Potato,Adilabad,Telangana,1894.28,147
09-06-2023,Onion,Warangal,Telangana,1817.9,67
09-06-2023,Tomato,Adilabad,Telangana,1854.77,138
09-06-2023,Potato,Hyderabad,Telangana,2275.83,84
09-06-2023,Rice,Warangal,Telangana,2900.34,121
09-06-2023,Potato,Warangal,Telangana,2055.81,166
09-06-2023,Tomato,Hyderabad,Telangana,1886.33,179
09-06-2023,Rice,Hyderabad,Telangana,3027.57,82
09-06-2024,Potato,Khammam,Telangana,2118.18,103
09-06-2024,Potato,Hyderabad,Telangana,2040.12,89
09-06-2024,Tomato,Khammam,Telangana,2025.83,107
09-06-2024,Tomato,Warangal,Telangana,1827.3,204
09-06-2024,Onion,Karimnagar,Telangana,1698.25,119
09-06-2024,Onion,Adilabad,Telangana,1689.96,98
09-06-2024,Rice,Nizamabad,Telangana,2779.45,132
09-06-2024,Potato,Nizamabad,Telangana,1848.13,113
09-06-2024,Tomato,Hyderabad,Telangana,1939.57,63
09-06-2024,Rice,Karimnagar,Telangana,2636.08,157
09-06-2024,Rice,Khammam,Telangana,2807.71,62
09-06-2024,Onion,Khammam,Telangana,1616.25,138
09-06-2024,Rice,Warangal,Telangana,2906.21,179
09-06-2024,Tomato,Karimnagar,Telangana,1809.17,96
09-06-2024,Tomato,Nizamabad,Telangana,1768.47,132
09-06-2024,Potato,Adilabad,Telangana,1791.93,118
09-06-2024,Rice,Adilabad,Telangana,2764.48,155
09-06-2024,Onion,Warangal,Telangana,1613.38,115
09-06-2024,Onion,Nizamabad,Telangana,1722.55,154
09-06-2024,Potato,Warangal,Telangana,2111.58,124
09-06-2024,Onion,Hyderabad,Telangana,1562.59,133
09-06-2024,Rice,Hyderabad,Telangana,2872.29,62
09-07-2022,Onion,Adilabad,Telangana,1400.55,131
09-07-2022,Rice,Khammam,Telangana,2722.37,85
09-07-2022,Onion,Karimnagar,Telangana,1488.85,115
09-07-2022,Potato,Adilabad,Telangana,1974.58,99
09-07-2022,Rice,Adilabad,Telangana,2827.08,108
09-07-2022,Onion,Khammam,Telangana,1674.7,131
09-07-2022,Tomato,Karimnagar,Telangana,1567.71,142
09-07-2022,Tomato,Warangal,Telangana,1578.48,200
09-07-2022,Potato,Karimnagar,Telangana,1965.26,140
09-07-2022,Tomato,Nizamabad,Telangana,1819.43,121
09-07-2022,Potato,Nizamabad,Telangana,1820.48,149
09-07-2022,Potato,Warangal,Telangana,1996.74,113
09-07-2022,Potato,Hyderabad,Telangana,1884.47,107
09-07-2022,Tomato,Khammam,Telangana,1612.2,97
09-07-2022,Rice,Warangal,Telangana,2494.19,164
09-07-2022,Onion,Nizamabad,Telangana,1681.35,178
09-07-2022,Rice,Nizamabad,Telangana,2757.72,129
09-07-2022,Tomato,Adilabad,Telangana,1788.53,104
09-07-2022,Rice,Karimnagar,Telangana,2608.3,125
09-07-2022,Onion,Hyderabad,Telangana,1589.11,105
09-07-2022,Onion,Warangal,Telangana,1392.25,140
09-07-2023,Potato,Hyderabad,Telangana,1868.88,118
09-07-2023,Potato,Khammam,Telangana,1807.13,146
09-07-2023,Rice,Karimnagar,Telangana,2637.82,130
09-07-2023,Rice,Adilabad,Telangana,3070.8,77
09-07-2023,Onion,Nizamabad,Telangana,1410.09,177
09-07-2023,Potato,Karimnagar,Telangana,2018.09,155
09-07-2023,Tomato,Warangal,Telangana,1926.53,101
09-07-2023,Rice,Hyderabad,Telangana,2607.22,203
09-07-2023,Tomato,Khammam,Telangana,1757.86,94
09-07-2023,Rice,Nizamabad,Telangana,2928.15,87
09-07-2023,Potato,Nizamabad,Telangana,1966.6,141
09-07-2023,Rice,Warangal,Telangana,2933.67,133
09-07-2023,Onion,Hyderabad,Telangana,1587.28,92
09-07-2023,Tomato,Adilabad,Telangana,1903.28,116
09-07-2023,Tomato,Hyderabad,Telangana,2017.35,95
09-07-2023,Potato,Adilabad,Telangana,2253.32,29
09-07-2023,Onion,Karimnagar,Telangana,1606.14,135
09-07-2023,Tomato,Karimnagar,Telangana,1657.02,158
09-07-2023,Rice,Khammam,Telangana,2742.83,93
09-07-2023,Onion,Adilabad,Telangana,1617.01,109
09-07-2023,Onion,Warangal,Telangana,1709.16,72
09-07-2023,Tomato,Nizamabad,Telangana,2006.62,71
09-07-2023,Onion,Khammam,Telangana,1232.34,198
09-08-2022,Onion,Warangal,Telangana,1453.4,84
09-08-2022,Tomato,Karimnagar,Telangana,1715.58,128
09-08-2022,Tomato,Nizamabad,Telangana,1468.09,134
09-08-2022,Rice,Adilabad,Telangana,2548.28,149
09-08-2022,Tomato,Hyderabad,Telangana,1605.75,135
09-08-2022,Rice,Hyderabad,Telangana,2471.03,159
09-08-2022,Onion,Adilabad,Telangana,1527.92,54
09-08-2022,Rice,Karimnagar,Telangana,2708.12,99
09-08-2022,Onion,Hyderabad,Telangana,1594.22,111
09-08-2022,Tomato,Adilabad,Telangana,1751.54,49
09-08-2022,Potato,Warangal,Telangana,1986.88,97
09-08-2022,Potato,Karimnagar,Telangana,1999.95,115
09-08-2022,Onion,Khammam,Telangana,1698.69,20
09-08-2022,Onion,Nizamabad,Telangana,1472.9,123
09-08-2022,Potato,Hyderabad,Telangana,1954.92,111
09-08-2022,Tomato,Khammam,Telangana,1816.4,37
09-08-2022,Onion,Karimnagar,Telangana,1470.63,118
09-08-2022,Potato,Khammam,Telangana,1844.07,133
09-08-2022,Potato,Nizamabad,Telangana,1972.22,94
09-08-2023,Potato,Khammam,Telangana,1838.99,146
09-08-2023,Potato,Adilabad,Telangana,2058.75,48
09-08-2023,Potato,Nizamabad,Telangana,1760.45,156
09-08-2023,Tomato,Nizamabad,Telangana,1493.17,114
09-08-2023,Rice,Hyderabad,Telangana,2883.65,20
09-08-2023,Potato,Hyderabad,Telangana,1751.23,180
09-08-2023,Potato,Warangal,Telangana,1936.63,167
09-08-2023,Tomato,Adilabad,Telangana,1608.87,190
09-08-2023,Rice,Karimnagar,Telangana,2433.49,177
09-08-2023,Rice,Adilabad,Telangana,2612.07,80
09-08-2023,Tomato,Hyderabad,Telangana,1613.42,150
09-08-2023,Onion,Nizamabad,Telangana,1587.38,102
09-08-2023,Potato,Karimnagar,Telangana,1726.21,131
09-08-2023,Tomato,Warangal,Telangana,1785.44,43
09-08-2023,Rice,Khammam,Telangana,2475.92,145
09-08-2023,Onion,Warangal,Telangana,1178.16,132
09-08-2023,Onion,Adilabad,Telangana,1607.01,20
09-08-2023,Tomato,Khammam,Telangana,1561.78,104
09-08-2023,Onion,Khammam,Telangana,1483.5,107
09-08-2023,Onion,Karimnagar,Telangana,1839.8,28
09-08-2023,Onion,Hyderabad,Telangana,1245.67,130
09-08-2023,Rice,Nizamabad,Telangana,2668.09,89
09-09-2022,Tomato,Adilabad,Telangana,1438.17,127
09-09-2022,Tomato,Warangal,Telangana,1637.17,104
09-09-2022,Tomato,Khammam,Telangana,1748.49,93
09-09-2022,Potato,Hyderabad,Telangana,1643.69,140
09-09-2022,Onion,Khammam,Telangana,1723.7,57
09-09-2022,Onion,Adilabad,Telangana,1410.57,73
09-09-2022,Potato,Nizamabad,Telangana,1934.23,118
09-09-2022,Rice,Hyderabad,Telangana,2762.27,55
09-09-2022,Onion,Hyderabad,Telangana,1172.08,91
09-09-2022,Rice,Khammam,Telangana,2645.08,124
09-09-2022,Potato,Karimnagar,Telangana,1685.18,138
09-09-2022,Potato,Warangal,Telangana,1650.61,154
09-09-2022,Rice,Warangal,Telangana,2464.02,109
09-09-2022,Potato,Khammam,Telangana,1911.13,77
09-09-2022,Tomato,Hyderabad,Telangana,1754.7,64
09-09-2022,Onion,Warangal,Telangana,1195.97,124
09-09-2022,Rice,Nizamabad,Telangana,2671.75,126
09-09-2022,Rice,Karimnagar,Telangana,2779.26,90
09-09-2022,Tomato,Karimnagar,Telangana,1573.48,174
09-09-2022,Potato,Adilabad,Telangana,1480.05,171
09-09-2022,Onion,Nizamabad,Telangana,1375.33,156
09-09-2022,Tomato,Nizamabad,Telangana,1716.36,113
09-09-2022,Onion,Karimnagar,Telangana,1387.84,99
09-09-2023,Rice,Karimnagar,Telangana,2605.96,138
09-09-2023,Tomato,Nizamabad,Telangana,1515.65,104
09-09-2023,Onion,Khammam,Telangana,1562.56,88
09-09-2023,Tomato,Adilabad,Telangana,1514.66,84
09-09-2023,Rice,Hyderabad,Telangana,2677.65,126
09-09-2023,Onion,Warangal,Telangana,1498.41,120
09-09-2023,Potato,Khammam,Telangana,1524.56,189
09-09-2023,Potato,Adilabad,Telangana,1782.06,117
09-09-2023,Tomato,Karimnagar,Telangana,1603.51,143
09-09-2023,Onion,Hyderabad,Telangana,1375.69,115
09-09-2023,Tomato,Khammam,Telangana,1716.06,94
09-09-2023,Tomato,Warangal,Telangana,1421.27,138
09-09-2023,Tomato,Hyderabad,Telangana,1892.71,116
09-09-2023,Onion,Karimnagar,Telangana,1570.5,20
09-09-2023,Rice,Warangal,Telangana,2577.04,134
09-09-2023,Rice,Nizamabad,Telangana,2481.15,90
09-09-2023,Rice,Khammam,Telangana,2831.11,78
09-09-2023,Potato,Nizamabad,Telangana,1673.01,103
09-09-2023,Potato,Hyderabad,Telangana,1883.76,70
09-09-2023,Onion,Adilabad,Telangana,1151.44,156
09-10-2022,Onion,Adilabad,Telangana,1162.28,200
09-10-2022,Tomato,Karimnagar,Telangana,1363.19,109
09-10-2022,Rice,Karimnagar,Telangana,2500.81,146
09-10-2022,Potato,Adilabad,Telangana,1928.51,56
09-10-2022,Tomato,Warangal,Telangana,1817.08,59
09-10-2022,Potato,Karimnagar,Telangana,1627.12,198
09-10-2022,Tomato,Adilabad,Telangana,1684.43,142
09-10-2022,Rice,Warangal,Telangana,2619.74,99
09-10-2022,Onion,Nizamabad,Telangana,1332.24,110
09-10-2022,Tomato,Nizamabad,Telangana,1394.49,121
09-10-2022,Tomato,Hyderabad,Telangana,1454.43,154
09-10-2022,Onion,Hyderabad,Telangana,1443.25,85
09-10-2022,Onion,Karimnagar,Telangana,1335.01,131
09-10-2022,Potato,Khammam,Telangana,1855.35,92
09-10-2022,Rice,Khammam,Telangana,2975.65,51
09-10-2022,Potato,Warangal,Telangana,1807.61,84
09-10-2022,Onion,Khammam,Telangana,1553.19,46
09-10-2022,Onion,Warangal,Telangana,1423.38,127
09-10-2022,Potato,Nizamabad,Telangana,1750.58,109
09-10-2022,Potato,Hyderabad,Telangana,1639.91,166
09-10-2022,Rice,Adilabad,Telangana,2547.65,129
09-10-2022,Tomato,Khammam,Telangana,1718.43,78
09-10-2022,Rice,Hyderabad,Telangana,2408.02,96
09-10-2023,Potato,Khammam,Telangana,1616.12,161
09-10-2023,Rice,Warangal,Telangana,2789.31,90
09-10-2023,Onion,Hyderabad,Telangana,1326.15,119
09-10-2023,Potato,Hyderabad,Telangana,1755.24,102
09-10-2023,Rice,Karimnagar,Telangana,2658.6,163
09-10-2023,Rice,Nizamabad,Telangana,2545.7,156
09-10-2023,Onion,Khammam,Telangana,1391.72,115
09-10-2023,Potato,Karimnagar,Telangana,1676.14,225
09-10-2023,Rice,Adilabad,Telangana,2279.98,162
09-10-2023,Potato,Nizamabad,Telangana,1635.34,132
09-10-2023,Tomato,Warangal,Telangana,1619.91,116
09-10-2023,Tomato,Hyderabad,Telangana,1664.17,119
09-10-2023,Onion,Nizamabad,Telangana,1212.67,135
09-10-2023,Tomato,Nizamabad,Telangana,1637.53,110
09-10-2023,Rice,Hyderabad,Telangana,2746.38,70
09-10-2023,Tomato,Adilabad,Telangana,1612.64,84
09-10-2023,Rice,Khammam,Telangana,2574.85,177
09-10-2023,Potato,Adilabad,Telangana,1835.51,95
09-10-2023,Potato,Warangal,Telangana,1972.79,44
09-10-2023,Onion,Warangal,Telangana,1359.83,116
09-10-2023,Onion,Karimnagar,Telangana,1448.26,110
09-10-2023,Onion,Adilabad,Telangana,1630.75,76
09-10-2023,Tomato,Karimnagar,Telangana,1592.67,97
09-10-2023,Tomato,Khammam,Telangana,1504.92,115
09-11-2022,Tomato,Warangal,Telangana,1787.52,58
09-11-2022,Potato,Hyderabad,Telangana,1743.28,164
09-11-2022,Potato,Khammam,Telangana,1895.81,91
09-11-2022,Onion,Hyderabad,Telangana,1451.41,73
09-11-2022,Potato,Karimnagar,Telangana,1672.07,114
09-11-2022,Onion,Khammam,Telangana,1198.32,112
09-11-2022,Onion,Karimnagar,Telangana,1212.01,140
09-11-2022,Tomato,Karimnagar,Telangana,1774.2,65
09-11-2022,Rice,Nizamabad,Telangana,2781.94,122
09-11-2022,Onion,Warangal,Telangana,1731.28,161
09-11-2022,Tomato,Hyderabad,Telangana,1414.46,183
09-11-2022,Potato,Nizamabad,Telangana,1652.39,152
09-11-2022,Tomato,Nizamabad,Telangana,1641.8,107
09-11-2022,Onion,Adilabad,Telangana,1606.47,158
09-11-2022,Potato,Adilabad,Telangana,1679.22,192
09-11-2022,Rice,Karimnagar,Telangana,2527.63,156
09-11-2022,Onion,Nizamabad,Telangana,1313.59,180
09-11-2022,Tomato,Khammam,Telangana,1665.68,158
09-11-2022,Tomato,Adilabad,Telangana,1620.22,70
09-11-2022,Rice,Khammam,Telangana,2677.22,98
09-11-2022,Rice,Adilabad,Telangana,2645.97,120
09-11-2022,Potato,Warangal,Telangana,2081.57,82
09-11-2022,Rice,Hyderabad,Telangana,2310.84,181
09-11-2023,Rice,Adilabad,Telangana,2507.28,167
09-11-2023,Onion,Karimnagar,Telangana,1308.61,115
09-11-2023,Potato,Karimnagar,Telangana,1949.5,52
09-11-2023,Rice,Hyderabad,Telangana,2543.53,112
09-11-2023,Onion,Warangal,Telangana,1480.19,96
09-11-2023,Rice,Karimnagar,Telangana,2609.2,152
09-11-2023,Onion,Nizamabad,Telangana,1564.26,74
09-11-2023,Potato,Adilabad,Telangana,1855.22,69
09-11-2023,Onion,Adilabad,Telangana,1428.67,148
09-11-2023,Rice,Khammam,Telangana,2835.55,41
09-11-2023,Rice,Nizamabad,Telangana,2701.71,119
09-11-2023,Tomato,Warangal,Telangana,1490.06,78
09-11-2023,Onion,Khammam,Telangana,1367.0,152
09-11-2023,Tomato,Nizamabad,Telangana,1471.62,42
09-11-2023,Rice,Warangal,Telangana,2946.73,83
09-11-2023,Potato,Warangal,Telangana,1858.54,157
09-11-2023,Potato,Nizamabad,Telangana,1881.18,82
09-11-2023,Tomato,Hyderabad,Telangana,1338.89,96
09-11-2023,Onion,Hyderabad,Telangana,1231.79,148
09-11-2023,Tomato,Khammam,Telangana,1549.56,157
09-11-2023,Potato,Khammam,Telangana,1922.47,128
09-11-2023,Tomato,Karimnagar,Telangana,1409.1,133
09-11-2023,Potato,Hyderabad,Telangana,1946.81,102
09-12-2022,Rice,Khammam,Telangana,2659.07,115
09-12-2022,Tomato,Nizamabad,Telangana,1650.9,116
09-12-2022,Onion,Warangal,Telangana,1524.15,104
09-12-2022,Tomato,Adilabad,Telangana,1865.9,88
09-12-2022,Onion,Adilabad,Telangana,1353.72,167
09-12-2022,Rice,Hyderabad,Telangana,2540.72,100
09-12-2022,Onion,Khammam,Telangana,1595.13,120
09-12-2022,Rice,Karimnagar,Telangana,2511.31,162
09-12-2022,Potato,Khammam,Telangana,1973.09,117
09-12-2022,Onion,Nizamabad,Telangana,1698.34,126
09-12-2022,Tomato,Karimnagar,Telangana,1771.26,88
09-12-2022,Potato,Karimnagar,Telangana,1838.33,139
09-12-2022,Rice,Warangal,Telangana,2798.28,92
09-12-2022,Potato,Adilabad,Telangana,1948.5,101
09-12-2022,Tomato,Hyderabad,Telangana,1866.43,71
09-12-2022,Rice,Nizamabad,Telangana,2657.21,97
09-12-2022,Onion,Hyderabad,Telangana,1528.06,96
09-12-2022,Potato,Hyderabad,Telangana,2036.77,79
09-12-2022,Tomato,Khammam,Telangana,1729.9,125
09-12-2022,Potato,Nizamabad,Telangana,1865.78,116
09-12-2022,Potato,Warangal,Telangana,1838.43,146
09-12-2022,Tomato,Warangal,Telangana,1830.02,98
09-12-2022,Onion,Karimnagar,Telangana,1678.63,23
09-12-2023,Potato,Adilabad,Telangana,1957.19,61
09-12-2023,Tomato,Khammam,Telangana,1567.5,119
09-12-2023,Tomato,Adilabad,Telangana,1659.51,120
09-12-2023,Onion,Khammam,Telangana,1586.32,85
09-12-2023,Potato,Hyderabad,Telangana,1783.22,86
09-12-2023,Rice,Warangal,Telangana,2964.33,61
09-12-2023,Tomato,Hyderabad,Telangana,1846.21,94
09-12-2023,Rice,Karimnagar,Telangana,2779.07,130
09-12-2023,Onion,Warangal,Telangana,1503.22,106
09-12-2023,Onion,Hyderabad,Telangana,1334.87,168
09-12-2023,Tomato,Karimnagar,Telangana,1615.46,123
09-12-2023,Tomato,Nizamabad,Telangana,1818.29,63
09-12-2023,Rice,Adilabad,Telangana,2609.2,139
09-12-2023,Onion,Nizamabad,Telangana,1380.82,122
09-12-2023,Potato,Khammam,Telangana,1669.13,171
09-12-2023,Onion,Adilabad,Telangana,1440.53,196
09-12-2023,Potato,Karimnagar,Telangana,1616.25,146
09-12-2023,Rice,Khammam,Telangana,2932.1,91
09-12-2023,Onion,Karimnagar,Telangana,1537.88,130
09-12-2023,Potato,Warangal,Telangana,2043.06,95
10-01-2022,Onion,Karimnagar,Telangana,1362.07,158
10-01-2022,Tomato,Nizamabad,Telangana,1695.37,97
10-01-2022,Rice,Hyderabad,Telangana,2992.9,80
10-01-2022,Potato,Warangal,Telangana,1956.52,105
10-01-2022,Rice,Karimnagar,Telangana,2878.45,140
10-01-2022,Onion,Khammam,Telangana,1438.59,119
10-01-2022,Potato,Khammam,Telangana,2116.11,112
10-01-2022,Onion,Hyderabad,Telangana,1797.51,119
10-01-2022,Onion,Nizamabad,Telangana,1717.3,87
10-01-2022,Tomato,Khammam,Telangana,1672.16,75
10-01-2022,Rice,Nizamabad,Telangana,2801.36,95
10-01-2022,Potato,Nizamabad,Telangana,2149.33,105
10-01-2022,Rice,Adilabad,Telangana,2931.45,109
10-01-2022,Potato,Karimnagar,Telangana,1998.72,96
10-01-2022,Potato,Adilabad,Telangana,2052.13,150
10-01-2022,Onion,Adilabad,Telangana,1353.93,189
10-01-2022,Onion,Warangal,Telangana,1587.94,136
10-01-2022,Tomato,Karimnagar,Telangana,1804.22,167
10-01-2022,Rice,Khammam,Telangana,2767.31,45
10-01-2022,Tomato,Adilabad,Telangana,1886.77,112
10-01-2022,Potato,Hyderabad,Telangana,1889.81,138
10-01-2022,Tomato,Warangal,Telangana,1690.4,111
10-01-2022,Rice,Warangal,Telangana,2941.01,131
10-01-2023,Onion,Nizamabad,Telangana,1643.21,97
10-01-2023,Tomato,Warangal,Telangana,1961.47,160
10-01-2023,Rice,Adilabad,Telangana,2634.94,172
10-01-2023,Onion,Warangal,Telangana,1679.82,41
10-01-2023,Potato,Nizamabad,Telangana,1990.87,96
10-01-2023,Tomato,Adilabad,Telangana,1985.14,92
10-01-2023,Potato,Warangal,Telangana,1859.96,151
10-01-2023,Rice,Nizamabad,Telangana,3009.59,119
10-01-2023,Rice,Karimnagar,Telangana,2800.97,101
10-01-2023,Tomato,Hyderabad,Telangana,1672.06,95
10-01-2023,Rice,Hyderabad,Telangana,2959.86,88
10-01-2023,Potato,Adilabad,Telangana,2126.78,116
10-01-2023,Potato,Khammam,Telangana,2166.88,95
10-01-2023,Tomato,Nizamabad,Telangana,1941.77,60
10-01-2023,Onion,Hyderabad,Telangana,1361.16,178
10-01-2023,Rice,Khammam,Telangana,2755.76,94
10-01-2023,Potato,Karimnagar,Telangana,2122.48,116
10-01-2023,Tomato,Karimnagar,Telangana,1799.57,82
10-01-2023,Rice,Warangal,Telangana,2913.78,150
10-01-2023,Tomato,Khammam,Telangana,1713.92,159
10-01-2023,Onion,Adilabad,Telangana,1493.45,114
10-01-2024,Tomato,Warangal,Telangana,1851.35,123
10-01-2024,Tomato,Khammam,Telangana,1566.3,136
10-01-2024,Rice,Nizamabad,Telangana,2789.33,109
10-01-2024,Tomato,Nizamabad,Telangana,1621.58,107
10-01-2024,Potato,Hyderabad,Telangana,2087.2,72
10-01-2024,Potato,Adilabad,Telangana,2094.32,125
10-01-2024,Onion,Adilabad,Telangana,1611.53,113
10-01-2024,Potato,Nizamabad,Telangana,2035.38,177
10-01-2024,Rice,Khammam,Telangana,2597.29,179
10-01-2024,Tomato,Adilabad,Telangana,1686.06,196
10-01-2024,Onion,Karimnagar,Telangana,1740.84,99
10-01-2024,Potato,Warangal,Telangana,2132.56,105
10-01-2024,Onion,Warangal,Telangana,1717.14,97
10-01-2024,Rice,Warangal,Telangana,2819.19,95
10-01-2024,Rice,Karimnagar,Telangana,2879.05,121
10-01-2024,Potato,Karimnagar,Telangana,2164.02,102
10-01-2024,Onion,Nizamabad,Telangana,1644.35,82
10-01-2024,Onion,Hyderabad,Telangana,1426.34,130
10-01-2024,Rice,Adilabad,Telangana,2876.89,72
10-01-2024,Potato,Khammam,Telangana,2063.75,93
10-01-2024,Rice,Hyderabad,Telangana,2785.22,86
10-01-2024,Tomato,Hyderabad,Telangana,1810.37,84
10-01-2024,Onion,Khammam,Telangana,1615.5,109
10-02-2022,Onion,Nizamabad,Telangana,1723.15,70
10-02-2022,Onion,Adilabad,Telangana,1770.09,120
10-02-2022,Onion,Warangal,Telangana,1667.82,139
10-02-2022,Onion,Karimnagar,Telangana,1627.23,85
10-02-2022,Potato,Adilabad,Telangana,2179.17,79
10-02-2022,Onion,Khammam,Telangana,1459.79,125
10-02-2022,Potato,Nizamabad,Telangana,2091.53,110
10-02-2022,Tomato,Karimnagar,Telangana,1929.86,75
10-02-2022,Rice,Adilabad,Telangana,2912.51,46
10-02-2022,Rice,Warangal,Telangana,2940.21,86
10-02-2022,Tomato,Warangal,Telangana,2004.96,158
10-02-2022,Rice,Hyderabad,Telangana,2731.46,183
10-02-2022,Tomato,Adilabad,Telangana,2089.77,115
10-02-2022,Tomato,Nizamabad,Telangana,1785.16,198
10-02-2022,Tomato,Hyderabad,Telangana,1947.94,111
10-02-2022,Potato,Khammam,Telangana,2193.86,53
10-02-2022,Potato,Karimnagar,Telangana,2037.17,106
10-02-2022,Rice,Karimnagar,Telangana,2902.12,112
10-02-2022,Potato,Warangal,Telangana,2176.43,117
10-02-2022,Potato,Hyderabad,Telangana,2144.85,43
10-02-2022,Rice,Khammam,Telangana,2611.29,153
10-02-2022,Rice,Nizamabad,Telangana,2952.33,179
10-02-2022,Onion,Hyderabad,Telangana,1669.63,85
10-02-2023,Onion,Karimnagar,Telangana,1556.57,157
10-02-2023,Potato,Hyderabad,Telangana,2058.19,139
10-02-2023,Potato,Nizamabad,Telangana,2257.53,70
10-02-2023,Potato,Karimnagar,Telangana,2036.44,160
10-02-2023,Tomato,Khammam,Telangana,1962.81,108
10-02-2023,Rice,Khammam,Telangana,2909.76,127
10-02-2023,Tomato,Warangal,Telangana,1698.56,146
10-02-2023,Onion,Khammam,Telangana,1676.44,137
10-02-2023,Onion,Hyderabad,Telangana,1947.38,146
10-02-2023,Onion,Nizamabad,Telangana,1704.93,103
10-02-2023,Tomato,Adilabad,Telangana,1848.85,97
10-02-2023,Potato,Khammam,Telangana,1938.63,201
10-02-2023,Tomato,Hyderabad,Telangana,1850.32,112
10-02-2023,Rice,Hyderabad,Telangana,3114.93,74
10-02-2023,Rice,Warangal,Telangana,2817.78,154
10-02-2023,Onion,Adilabad,Telangana,1735.08,117
10-02-2023,Potato,Adilabad,Telangana,1870.64,115
10-02-2023,Potato,Warangal,Telangana,2057.53,86
10-02-2023,Rice,Karimnagar,Telangana,2907.46,141
10-02-2023,Tomato,Nizamabad,Telangana,1824.19,159
10-02-2023,Tomato,Karimnagar,Telangana,1933.76,93
10-02-2023,Onion,Warangal,Telangana,1797.27,90
10-02-2023,Rice,Nizamabad,Telangana,3061.09,98
10-02-2024,Potato,Hyderabad,Telangana,2078.34,168
10-02-2024,Rice,Adilabad,Telangana,2819.22,61
10-02-2024,Tomato,Khammam,Telangana,2131.5,89
10-02-2024,Tomato,Karimnagar,Telangana,1997.46,97
10-02-2024,Potato,Karimnagar,Telangana,1801.69,152
10-02-2024,Tomato,Hyderabad,Telangana,2103.76,118
10-02-2024,Potato,Warangal,Telangana,2067.32,164
10-02-2024,Tomato,Warangal,Telangana,1801.96,148
10-02-2024,Onion,Warangal,Telangana,1633.09,113
10-02-2024,Onion,Khammam,Telangana,1940.2,93
10-02-2024,Rice,Hyderabad,Telangana,2774.6,85
10-02-2024,Tomato,Nizamabad,Telangana,2038.86,102
10-02-2024,Potato,Khammam,Telangana,2126.76,58
10-02-2024,Rice,Karimnagar,Telangana,3036.63,80
10-02-2024,Onion,Hyderabad,Telangana,1679.77,104
10-02-2024,Rice,Warangal,Telangana,2891.42,89
10-02-2024,Tomato,Adilabad,Telangana,2021.18,64
10-02-2024,Potato,Adilabad,Telangana,2212.84,75
10-02-2024,Potato,Nizamabad,Telangana,1906.08,122
10-02-2024,Onion,Adilabad,Telangana,1872.87,109
10-02-2024,Rice,Nizamabad,Telangana,2612.93,237
10-02-2024,Onion,Nizamabad,Telangana,1590.27,200
10-03-2022,Tomato,Adilabad,Telangana,2086.23,112
10-03-2022,Onion,Warangal,Telangana,1730.6,89
10-03-2022,Rice,Nizamabad,Telangana,2865.07,163
10-03-2022,Onion,Nizamabad,Telangana,1674.19,130
10-03-2022,Rice,Hyderabad,Telangana,2905.35,60
10-03-2022,Onion,Adilabad,Telangana,2144.99,60
10-03-2022,Tomato,Warangal,Telangana,1980.32,130
10-03-2022,Tomato,Khammam,Telangana,1739.66,118
10-03-2022,Potato,Karimnagar,Telangana,2182.02,129
10-03-2022,Tomato,Hyderabad,Telangana,1969.55,88
10-03-2022,Onion,Karimnagar,Telangana,1616.0,129
10-03-2022,Onion,Hyderabad,Telangana,1642.4,147
10-03-2022,Potato,Hyderabad,Telangana,2058.13,193
10-03-2022,Tomato,Nizamabad,Telangana,1987.75,77
10-03-2022,Potato,Warangal,Telangana,2313.92,48
10-03-2022,Onion,Khammam,Telangana,1811.16,91
10-03-2022,Rice,Warangal,Telangana,3079.52,73
10-03-2022,Rice,Khammam,Telangana,3012.88,81
10-03-2022,Potato,Khammam,Telangana,2184.39,100
10-03-2022,Rice,Adilabad,Telangana,3036.7,56
10-03-2022,Rice,Karimnagar,Telangana,2781.06,128
10-03-2023,Onion,Karimnagar,Telangana,1882.77,136
10-03-2023,Potato,Karimnagar,Telangana,2093.33,140
10-03-2023,Rice,Karimnagar,Telangana,3002.1,106
10-03-2023,Potato,Warangal,Telangana,2283.77,58
10-03-2023,Onion,Nizamabad,Telangana,1761.99,124
10-03-2023,Onion,Khammam,Telangana,1514.29,158
10-03-2023,Onion,Warangal,Telangana,1707.12,142
10-03-2023,Rice,Warangal,Telangana,2963.06,117
10-03-2023,Potato,Hyderabad,Telangana,2142.45,103
10-03-2023,Tomato,Karimnagar,Telangana,1926.32,154
10-03-2023,Tomato,Warangal,Telangana,1730.29,153
10-03-2023,Potato,Nizamabad,Telangana,2119.45,122
10-03-2023,Onion,Adilabad,Telangana,1921.53,95
10-03-2023,Tomato,Adilabad,Telangana,1934.18,132
10-03-2023,Rice,Nizamabad,Telangana,3081.25,46
10-03-2023,Tomato,Hyderabad,Telangana,1962.33,131
10-03-2023,Onion,Hyderabad,Telangana,1613.55,153
10-03-2023,Rice,Khammam,Telangana,2998.37,144
10-03-2023,Potato,Khammam,Telangana,1930.07,159
10-03-2023,Potato,Adilabad,Telangana,2161.71,122
10-03-2023,Rice,Adilabad,Telangana,2991.43,78
10-03-2023,Tomato,Nizamabad,Telangana,2056.45,122
10-03-2024,Rice,Khammam,Telangana,3162.43,84
10-03-2024,Onion,Karimnagar,Telangana,1761.33,146
10-03-2024,Onion,Khammam,Telangana,1745.14,153
10-03-2024,Rice,Hyderabad,Telangana,2998.91,134
10-03-2024,Onion,Adilabad,Telangana,1647.63,206
10-03-2024,Potato,Adilabad,Telangana,2096.75,107
10-03-2024,Onion,Nizamabad,Telangana,1664.79,118
10-03-2024,Tomato,Warangal,Telangana,1716.98,210
10-03-2024,Tomato,Hyderabad,Telangana,1858.15,120
10-03-2024,Potato,Khammam,Telangana,2403.62,57
10-03-2024,Onion,Hyderabad,Telangana,1793.37,66
10-03-2024,Rice,Karimnagar,Telangana,2975.81,96
10-03-2024,Potato,Nizamabad,Telangana,2120.19,125
10-03-2024,Tomato,Nizamabad,Telangana,1995.36,119
10-03-2024,Rice,Adilabad,Telangana,2925.01,106
10-03-2024,Rice,Nizamabad,Telangana,2815.08,159
10-03-2024,Potato,Warangal,Telangana,2099.38,144
10-03-2024,Onion,Warangal,Telangana,1714.99,124
10-03-2024,Potato,Hyderabad,Telangana,2044.99,115
10-03-2024,Tomato,Khammam,Telangana,1988.03,170
10-03-2024,Rice,Warangal,Telangana,3260.57,48
10-04-2022,Potato,Khammam,Telangana,1859.72,194
10-04-2022,Tomato,Khammam,Telangana,2092.09,135
10-04-2022,Rice,Adilabad,Telangana,2619.55,189
10-04-2022,Tomato,Nizamabad,Telangana,2005.3,124
10-04-2022,Onion,Warangal,Telangana,2133.07,29
10-04-2022,Onion,Hyderabad,Telangana,1662.05,151
10-04-2022,Onion,Karimnagar,Telangana,1942.19,55
10-04-2022,Potato,Adilabad,Telangana,2241.48,91
10-04-2022,Potato,Hyderabad,Telangana,2098.25,151
10-04-2022,Onion,Khammam,Telangana,1636.06,93
10-04-2022,Rice,Nizamabad,Telangana,3059.16,116
10-04-2022,Rice,Hyderabad,Telangana,2842.51,160
10-04-2022,Potato,Karimnagar,Telangana,1996.31,153
10-04-2022,Potato,Nizamabad,Telangana,2096.03,136
10-04-2022,Tomato,Adilabad,Telangana,2103.24,20
10-04-2022,Rice,Warangal,Telangana,2943.03,135
10-04-2022,Rice,Karimnagar,Telangana,2788.41,118
10-04-2022,Rice,Khammam,Telangana,2741.97,196
10-04-2022,Tomato,Hyderabad,Telangana,1817.07,122
10-04-2022,Onion,Adilabad,Telangana,1427.83,188
10-04-2022,Tomato,Warangal,Telangana,1882.83,113
10-04-2022,Onion,Nizamabad,Telangana,1771.52,156
10-04-2022,Potato,Warangal,Telangana,2106.0,128
10-04-2023,Potato,Karimnagar,Telangana,2291.17,25
10-04-2023,Onion,Warangal,Telangana,1684.22,191
10-04-2023,Onion,Adilabad,Telangana,1748.24,201
10-04-2023,Onion,Nizamabad,Telangana,1462.29,114
10-04-2023,Tomato,Hyderabad,Telangana,1826.33,182
10-04-2023,Onion,Khammam,Telangana,1692.81,100
10-04-2023,Onion,Karimnagar,Telangana,1850.24,121
10-04-2023,Potato,Khammam,Telangana,2129.84,129
10-04-2023,Tomato,Karimnagar,Telangana,1898.1,117
10-04-2023,Rice,Khammam,Telangana,2858.56,162
10-04-2023,Potato,Adilabad,Telangana,2184.26,95
10-04-2023,Potato,Warangal,Telangana,2124.41,130
10-04-2023,Rice,Adilabad,Telangana,2952.05,106
10-04-2023,Rice,Warangal,Telangana,3042.01,151
10-04-2023,Rice,Hyderabad,Telangana,3010.88,89
10-04-2023,Rice,Nizamabad,Telangana,2950.3,103
10-04-2023,Tomato,Warangal,Telangana,1959.99,90
10-04-2023,Rice,Karimnagar,Telangana,2728.59,125
10-04-2023,Potato,Hyderabad,Telangana,2026.05,152
10-04-2023,Onion,Hyderabad,Telangana,1864.07,99
10-04-2023,Tomato,Nizamabad,Telangana,1861.56,175
10-04-2023,Tomato,Khammam,Telangana,2007.97,112
10-04-2024,Rice,Nizamabad,Telangana,3143.39,79
10-04-2024,Rice,Hyderabad,Telangana,3032.7,83
10-04-2024,Onion,Adilabad,Telangana,1685.84,115
10-04-2024,Onion,Karimnagar,Telangana,1951.52,108
10-04-2024,Rice,Khammam,Telangana,2926.84,171
10-04-2024,Rice,Karimnagar,Telangana,2825.59,114
10-04-2024,Potato,Hyderabad,Telangana,2064.72,197
10-04-2024,Tomato,Warangal,Telangana,2051.41,187
10-04-2024,Potato,Nizamabad,Telangana,2099.68,147
10-04-2024,Onion,Warangal,Telangana,1803.98,92
10-04-2024,Tomato,Hyderabad,Telangana,1839.57,172
10-04-2024,Rice,Adilabad,Telangana,3086.47,159
10-04-2024,Potato,Khammam,Telangana,2113.32,201
10-04-2024,Potato,Karimnagar,Telangana,2298.87,85
10-04-2024,Tomato,Adilabad,Telangana,1875.16,176
10-04-2024,Rice,Warangal,Telangana,2796.13,175
10-04-2024,Potato,Warangal,Telangana,2099.77,132
10-04-2024,Onion,Khammam,Telangana,1725.35,180
10-04-2024,Potato,Adilabad,Telangana,2274.48,120
10-04-2024,Onion,Hyderabad,Telangana,2143.84,58
10-04-2024,Onion,Nizamabad,Telangana,1782.44,93
10-04-2024,Tomato,Karimnagar,Telangana,1764.25,170
10-05-2022,Tomato,Adilabad,Telangana,1669.05,230
10-05-2022,Tomato,Khammam,Telangana,1807.48,95
10-05-2022,Onion,Warangal,Telangana,1551.23,120
10-05-2022,Potato,Hyderabad,Telangana,2136.73,72
10-05-2022,Onion,Hyderabad,Telangana,1863.08,97
10-05-2022,Rice,Karimnagar,Telangana,2852.68,160
10-05-2022,Rice,Adilabad,Telangana,3023.72,110
10-05-2022,Tomato,Nizamabad,Telangana,1728.66,175
10-05-2022,Potato,Adilabad,Telangana,2123.14,170
10-05-2022,Onion,Nizamabad,Telangana,1912.38,120
10-05-2022,Onion,Khammam,Telangana,1756.19,157
10-05-2022,Rice,Hyderabad,Telangana,2780.95,230
10-05-2022,Tomato,Warangal,Telangana,1922.47,130
10-05-2022,Tomato,Karimnagar,Telangana,1953.79,91
10-05-2022,Onion,Karimnagar,Telangana,1705.96,138
10-05-2022,Rice,Warangal,Telangana,3200.94,34
10-05-2022,Rice,Khammam,Telangana,2972.53,99
10-05-2022,Potato,Khammam,Telangana,2296.81,89
10-05-2022,Potato,Karimnagar,Telangana,2106.17,112
10-05-2022,Tomato,Hyderabad,Telangana,1978.19,137
10-05-2022,Potato,Nizamabad,Telangana,1966.54,175
10-05-2022,Onion,Adilabad,Telangana,1365.81,169
10-05-2023,Tomato,Adilabad,Telangana,1906.74,80
10-05-2023,Rice,Nizamabad,Telangana,2562.39,154
10-05-2023,Potato,Nizamabad,Telangana,2155.55,65
10-05-2023,Potato,Warangal,Telangana,2074.37,153
10-05-2023,Onion,Hyderabad,Telangana,1672.76,184
10-05-2023,Tomato,Karimnagar,Telangana,1827.66,101
10-05-2023,Potato,Adilabad,Telangana,1720.14,176
10-05-2023,Tomato,Hyderabad,Telangana,1940.46,111
10-05-2023,Potato,Khammam,Telangana,1975.65,48
10-05-2023,Onion,Warangal,Telangana,1801.82,91
10-05-2023,Rice,Warangal,Telangana,2796.48,116
10-05-2023,Tomato,Nizamabad,Telangana,1943.83,153
10-05-2023,Potato,Karimnagar,Telangana,2112.13,107
10-05-2023,Tomato,Warangal,Telangana,1979.01,101
10-05-2023,Potato,Hyderabad,Telangana,2258.81,124
10-05-2023,Rice,Karimnagar,Telangana,3086.83,118
10-05-2023,Rice,Hyderabad,Telangana,2863.69,108
10-05-2023,Onion,Nizamabad,Telangana,1949.5,58
10-05-2023,Onion,Adilabad,Telangana,1800.87,66
10-05-2023,Onion,Khammam,Telangana,1473.43,159
10-05-2023,Onion,Karimnagar,Telangana,1806.96,123
10-05-2023,Rice,Adilabad,Telangana,2950.08,195
10-05-2023,Tomato,Khammam,Telangana,1978.83,147
10-05-2023,Rice,Khammam,Telangana,2997.16,95
10-05-2024,Onion,Nizamabad,Telangana,1870.55,45
10-05-2024,Potato,Adilabad,Telangana,2091.17,142
10-05-2024,Potato,Karimnagar,Telangana,1881.85,166
10-05-2024,Potato,Warangal,Telangana,2239.11,65
10-05-2024,Tomato,Karimnagar,Telangana,1757.32,128
10-05-2024,Potato,Khammam,Telangana,1999.21,126
10-05-2024,Rice,Karimnagar,Telangana,3130.33,101
10-05-2024,Rice,Warangal,Telangana,2917.9,126
10-05-2024,Onion,Karimnagar,Telangana,1497.72,157
10-05-2024,Onion,Hyderabad,Telangana,1654.15,120
10-05-2024,Rice,Hyderabad,Telangana,3159.47,93
10-05-2024,Tomato,Nizamabad,Telangana,1852.16,102
10-05-2024,Potato,Nizamabad,Telangana,1786.04,192
10-05-2024,Tomato,Adilabad,Telangana,1695.72,112
10-05-2024,Rice,Khammam,Telangana,3087.14,88
10-05-2024,Onion,Warangal,Telangana,1750.35,75
10-05-2024,Potato,Hyderabad,Telangana,1993.17,171
10-05-2024,Tomato,Khammam,Telangana,1830.26,187
10-05-2024,Onion,Adilabad,Telangana,1712.13,98
10-05-2024,Tomato,Warangal,Telangana,1577.94,140
10-05-2024,Rice,Adilabad,Telangana,3117.4,69
10-06-2022,Onion,Karimnagar,Telangana,1684.38,155
10-06-2022,Potato,Karimnagar,Telangana,2167.75,52
10-06-2022,Rice,Khammam,Telangana,2914.97,141
10-06-2022,Onion,Nizamabad,Telangana,1910.43,123
10-06-2022,Tomato,Nizamabad,Telangana,2078.2,102
10-06-2022,Rice,Hyderabad,Telangana,2687.74,126
10-06-2022,Tomato,Hyderabad,Telangana,1900.96,123
10-06-2022,Tomato,Karimnagar,Telangana,1714.45,194
10-06-2022,Rice,Adilabad,Telangana,2965.35,114
10-06-2022,Potato,Adilabad,Telangana,1982.22,135
10-06-2022,Onion,Khammam,Telangana,1726.6,127
10-06-2022,Rice,Nizamabad,Telangana,2557.2,175
10-06-2022,Tomato,Adilabad,Telangana,1822.81,102
10-06-2022,Onion,Adilabad,Telangana,1674.39,86
10-06-2022,Potato,Nizamabad,Telangana,2049.47,64
10-06-2022,Rice,Karimnagar,Telangana,2701.96,125
10-06-2022,Potato,Warangal,Telangana,1990.58,152
10-06-2022,Potato,Hyderabad,Telangana,2084.97,135
10-06-2022,Potato,Khammam,Telangana,2222.61,60
10-06-2022,Onion,Warangal,Telangana,1776.17,74
10-06-2022,Tomato,Khammam,Telangana,1567.24,159
10-06-2023,Onion,Adilabad,Telangana,1708.7,66
10-06-2023,Rice,Khammam,Telangana,2812.96,89
10-06-2023,Onion,Nizamabad,Telangana,1764.8,47
10-06-2023,Tomato,Nizamabad,Telangana,1973.96,109
10-06-2023,Onion,Khammam,Telangana,1687.86,85
10-06-2023,Tomato,Khammam,Telangana,1742.81,103
10-06-2023,Onion,Karimnagar,Telangana,1540.2,193
10-06-2023,Rice,Nizamabad,Telangana,3017.87,150
10-06-2023,Potato,Hyderabad,Telangana,1849.31,170
10-06-2023,Tomato,Hyderabad,Telangana,1935.04,94
10-06-2023,Tomato,Karimnagar,Telangana,1930.74,110
10-06-2023,Onion,Warangal,Telangana,1815.95,135
10-06-2023,Potato,Adilabad,Telangana,2009.11,140
10-06-2023,Rice,Warangal,Telangana,2759.24,139
10-06-2023,Tomato,Adilabad,Telangana,2053.97,49
10-06-2023,Tomato,Warangal,Telangana,1979.54,98
10-06-2023,Potato,Nizamabad,Telangana,2009.58,190
10-06-2023,Potato,Khammam,Telangana,2085.1,149
10-06-2023,Potato,Warangal,Telangana,1868.65,168
10-06-2023,Rice,Adilabad,Telangana,2990.92,129
10-06-2023,Potato,Karimnagar,Telangana,2064.15,84
10-06-2023,Onion,Hyderabad,Telangana,1617.81,138
10-06-2024,Onion,Warangal,Telangana,1565.11,186
10-06-2024,Potato,Khammam,Telangana,2044.5,138
10-06-2024,Onion,Hyderabad,Telangana,1833.88,116
10-06-2024,Rice,Nizamabad,Telangana,2586.57,108
10-06-2024,Rice,Karimnagar,Telangana,2886.47,110
10-06-2024,Tomato,Karimnagar,Telangana,2108.49,83
10-06-2024,Potato,Nizamabad,Telangana,2009.2,168
10-06-2024,Onion,Nizamabad,Telangana,1540.39,131
10-06-2024,Tomato,Hyderabad,Telangana,2045.55,59
10-06-2024,Rice,Warangal,Telangana,2758.52,171
10-06-2024,Potato,Hyderabad,Telangana,1788.12,152
10-06-2024,Potato,Karimnagar,Telangana,2020.1,113
10-06-2024,Potato,Warangal,Telangana,2152.65,82
10-06-2024,Rice,Khammam,Telangana,2721.26,167
10-06-2024,Onion,Karimnagar,Telangana,1465.63,158
10-06-2024,Onion,Adilabad,Telangana,1879.22,140
10-06-2024,Potato,Adilabad,Telangana,1845.34,133
10-06-2024,Tomato,Nizamabad,Telangana,1662.62,149
10-06-2024,Rice,Adilabad,Telangana,2502.26,159
10-06-2024,Tomato,Warangal,Telangana,1533.6,196
10-06-2024,Onion,Khammam,Telangana,1528.06,126
10-06-2024,Rice,Hyderabad,Telangana,2742.05,186
10-06-2024,Tomato,Adilabad,Telangana,1989.27,90
10-07-2022,Potato,Hyderabad,Telangana,1917.74,130
10-07-2022,Potato,Adilabad,Telangana,2033.83,41
10-07-2022,Rice,Nizamabad,Telangana,2646.87,146
10-07-2022,Potato,Khammam,Telangana,2085.11,140
10-07-2022,Onion,Nizamabad,Telangana,1596.32,122
10-07-2022,Rice,Khammam,Telangana,2857.37,88
10-07-2022,Rice,Warangal,Telangana,2583.2,179
10-07-2022,Onion,Hyderabad,Telangana,1680.29,20
10-07-2022,Tomato,Nizamabad,Telangana,1752.11,70
10-07-2022,Tomato,Adilabad,Telangana,1608.16,119
10-07-2022,Tomato,Warangal,Telangana,1707.36,112
10-07-2022,Potato,Nizamabad,Telangana,2064.65,133
10-07-2022,Onion,Khammam,Telangana,1500.66,122
10-07-2022,Onion,Warangal,Telangana,1629.65,68
10-07-2022,Onion,Adilabad,Telangana,1730.77,61
10-07-2022,Rice,Adilabad,Telangana,2543.3,220
10-07-2022,Potato,Warangal,Telangana,1999.49,111
10-07-2022,Rice,Karimnagar,Telangana,2765.19,116
10-07-2022,Tomato,Khammam,Telangana,1720.32,167
10-07-2022,Rice,Hyderabad,Telangana,2947.84,21
10-07-2023,Rice,Khammam,Telangana,2647.6,111
10-07-2023,Onion,Khammam,Telangana,1647.91,116
10-07-2023,Rice,Karimnagar,Telangana,2828.16,95
10-07-2023,Potato,Nizamabad,Telangana,2138.36,110
10-07-2023,Onion,Hyderabad,Telangana,1356.48,130
10-07-2023,Tomato,Adilabad,Telangana,2013.95,92
10-07-2023,Onion,Nizamabad,Telangana,1843.4,101
10-07-2023,Onion,Warangal,Telangana,1458.09,95
10-07-2023,Potato,Adilabad,Telangana,2109.3,51
10-07-2023,Rice,Warangal,Telangana,2731.45,122
10-07-2023,Rice,Nizamabad,Telangana,2436.5,170
10-07-2023,Tomato,Nizamabad,Telangana,1716.12,182
10-07-2023,Potato,Karimnagar,Telangana,1823.52,102
10-07-2023,Onion,Karimnagar,Telangana,1656.55,160
10-07-2023,Potato,Warangal,Telangana,1710.0,162
10-07-2023,Potato,Khammam,Telangana,1935.28,103
10-07-2023,Onion,Adilabad,Telangana,1516.31,121
10-07-2023,Tomato,Hyderabad,Telangana,1776.34,112
10-07-2023,Rice,Hyderabad,Telangana,2761.21,118
10-07-2023,Tomato,Karimnagar,Telangana,1855.35,95
10-07-2023,Tomato,Khammam,Telangana,2132.05,83
10-07-2023,Rice,Adilabad,Telangana,2546.44,165
10-07-2023,Tomato,Warangal,Telangana,1821.26,98
10-07-2023,Potato,Hyderabad,Telangana,1964.95,44
10-08-2022,Rice,Khammam,Telangana,2474.45,221
10-08-2022,Onion,Khammam,Telangana,1530.19,101
10-08-2022,Rice,Nizamabad,Telangana,2708.17,105
10-08-2022,Rice,Warangal,Telangana,2840.83,67
10-08-2022,Onion,Hyderabad,Telangana,1494.22,105
10-08-2022,Tomato,Adilabad,Telangana,1724.49,81
10-08-2022,Potato,Karimnagar,Telangana,1699.64,85
10-08-2022,Rice,Adilabad,Telangana,2855.59,39
10-08-2022,Tomato,Hyderabad,Telangana,1792.25,37
10-08-2022,Potato,Khammam,Telangana,1765.35,94
10-08-2022,Tomato,Karimnagar,Telangana,1802.9,55
10-08-2022,Rice,Karimnagar,Telangana,2746.99,123
10-08-2022,Potato,Warangal,Telangana,1492.09,176
10-08-2022,Onion,Warangal,Telangana,1181.93,189
10-08-2022,Potato,Hyderabad,Telangana,1801.23,131
10-08-2022,Potato,Nizamabad,Telangana,1781.54,148
10-08-2022,Rice,Hyderabad,Telangana,2599.52,97
10-08-2022,Tomato,Nizamabad,Telangana,1502.07,60
10-08-2022,Onion,Adilabad,Telangana,1382.61,100
10-08-2022,Tomato,Warangal,Telangana,1291.23,199
10-08-2022,Onion,Karimnagar,Telangana,1383.73,175
10-08-2022,Potato,Adilabad,Telangana,1628.05,173
10-08-2022,Tomato,Khammam,Telangana,1673.87,102
10-08-2022,Onion,Nizamabad,Telangana,1288.1,129
10-08-2023,Rice,Nizamabad,Telangana,2822.11,88
10-08-2023,Rice,Adilabad,Telangana,2491.42,65
10-08-2023,Tomato,Adilabad,Telangana,1629.71,145
10-08-2023,Rice,Warangal,Telangana,2486.46,135
10-08-2023,Potato,Adilabad,Telangana,1951.01,123
10-08-2023,Onion,Nizamabad,Telangana,1519.82,130
10-08-2023,Rice,Karimnagar,Telangana,2688.83,80
10-08-2023,Tomato,Nizamabad,Telangana,1410.57,205
10-08-2023,Tomato,Karimnagar,Telangana,1589.27,145
10-08-2023,Tomato,Hyderabad,Telangana,1621.43,124
10-08-2023,Rice,Khammam,Telangana,2367.43,184
10-08-2023,Onion,Adilabad,Telangana,1535.25,111
10-08-2023,Potato,Warangal,Telangana,1852.17,115
10-08-2023,Onion,Khammam,Telangana,1622.13,73
10-08-2023,Rice,Hyderabad,Telangana,2485.29,112
10-08-2023,Onion,Karimnagar,Telangana,1490.07,133
10-08-2023,Potato,Karimnagar,Telangana,1880.08,158
10-08-2023,Potato,Khammam,Telangana,1931.67,157
10-08-2023,Potato,Hyderabad,Telangana,1774.48,143
10-08-2023,Potato,Nizamabad,Telangana,1520.37,139
10-08-2023,Tomato,Khammam,Telangana,1326.06,129
10-08-2023,Onion,Warangal,Telangana,1516.55,114
10-08-2023,Tomato,Warangal,Telangana,1985.42,65
10-09-2022,Rice,Adilabad,Telangana,2447.02,140
10-09-2022,Onion,Adilabad,Telangana,1489.35,135
10-09-2022,Onion,Hyderabad,Telangana,1387.95,80
10-09-2022,Potato,Hyderabad,Telangana,1595.63,113
10-09-2022,Potato,Warangal,Telangana,1668.41,171
10-09-2022,Rice,Khammam,Telangana,2799.85,59
10-09-2022,Onion,Khammam,Telangana,1116.75,165
10-09-2022,Rice,Karimnagar,Telangana,2763.0,53
10-09-2022,Potato,Adilabad,Telangana,1997.52,58
10-09-2022,Onion,Nizamabad,Telangana,1476.05,84
10-09-2022,Rice,Hyderabad,Telangana,2319.11,209
10-09-2022,Onion,Warangal,Telangana,1090.42,134
10-09-2022,Tomato,Hyderabad,Telangana,1569.4,93
10-09-2022,Tomato,Nizamabad,Telangana,1599.3,84
10-09-2022,Potato,Khammam,Telangana,1726.0,217
10-09-2022,Rice,Warangal,Telangana,2589.43,92
10-09-2022,Tomato,Adilabad,Telangana,1546.74,193
10-09-2022,Tomato,Karimnagar,Telangana,1609.03,117
10-09-2022,Onion,Karimnagar,Telangana,1627.81,61
10-09-2022,Tomato,Warangal,Telangana,1789.05,199
10-09-2022,Tomato,Khammam,Telangana,1599.89,89
10-09-2022,Potato,Karimnagar,Telangana,1737.3,65
10-09-2022,Potato,Nizamabad,Telangana,1878.59,104
10-09-2023,Onion,Warangal,Telangana,1668.04,71
10-09-2023,Tomato,Karimnagar,Telangana,1739.01,43
10-09-2023,Potato,Hyderabad,Telangana,1729.17,106
10-09-2023,Rice,Nizamabad,Telangana,2311.94,109
10-09-2023,Onion,Karimnagar,Telangana,1460.74,120
10-09-2023,Rice,Hyderabad,Telangana,2703.36,116
10-09-2023,Onion,Khammam,Telangana,1527.74,126
10-09-2023,Potato,Warangal,Telangana,1630.93,98
10-09-2023,Tomato,Warangal,Telangana,1623.48,122
10-09-2023,Onion,Hyderabad,Telangana,1184.26,172
10-09-2023,Onion,Adilabad,Telangana,1390.78,171
10-09-2023,Rice,Karimnagar,Telangana,2320.12,186
10-09-2023,Potato,Adilabad,Telangana,1576.63,221
10-09-2023,Tomato,Nizamabad,Telangana,1588.62,89
10-09-2023,Potato,Karimnagar,Telangana,1684.47,98
10-09-2023,Rice,Adilabad,Telangana,2610.25,96
10-09-2023,Tomato,Khammam,Telangana,1615.91,108
10-09-2023,Potato,Nizamabad,Telangana,1779.56,71
10-09-2023,Potato,Khammam,Telangana,1806.39,98
10-09-2023,Tomato,Hyderabad,Telangana,1836.55,87
10-09-2023,Tomato,Adilabad,Telangana,1711.42,60
10-10-2022,Potato,Karimnagar,Telangana,1736.19,150
10-10-2022,Onion,Adilabad,Telangana,1397.0,93
10-10-2022,Tomato,Nizamabad,Telangana,1469.12,174
10-10-2022,Potato,Khammam,Telangana,1632.75,148
10-10-2022,Potato,Hyderabad,Telangana,1962.68,79
10-10-2022,Rice,Khammam,Telangana,2566.69,105
10-10-2022,Onion,Hyderabad,Telangana,1459.91,110
10-10-2022,Onion,Warangal,Telangana,1338.12,83
10-10-2022,Onion,Karimnagar,Telangana,1331.96,123
10-10-2022,Rice,Karimnagar,Telangana,2526.97,159
10-10-2022,Rice,Nizamabad,Telangana,2539.38,93
10-10-2022,Rice,Warangal,Telangana,2445.14,112
10-10-2022,Rice,Adilabad,Telangana,2626.99,120
10-10-2022,Potato,Adilabad,Telangana,1617.66,146
10-10-2022,Onion,Nizamabad,Telangana,1393.18,116
10-10-2022,Tomato,Warangal,Telangana,1798.06,94
10-10-2022,Onion,Khammam,Telangana,1262.41,146
10-10-2022,Tomato,Khammam,Telangana,1442.38,178
10-10-2022,Tomato,Hyderabad,Telangana,1417.04,168
10-10-2022,Tomato,Adilabad,Telangana,1538.42,138
10-10-2022,Potato,Warangal,Telangana,1872.65,99
10-10-2022,Potato,Nizamabad,Telangana,2011.22,49
10-10-2023,Potato,Karimnagar,Telangana,1942.28,162
10-10-2023,Potato,Nizamabad,Telangana,1637.82,126
10-10-2023,Tomato,Nizamabad,Telangana,1392.47,140
10-10-2023,Onion,Khammam,Telangana,1265.04,89
10-10-2023,Rice,Nizamabad,Telangana,2682.82,116
10-10-2023,Tomato,Hyderabad,Telangana,1544.15,123
10-10-2023,Tomato,Adilabad,Telangana,1521.46,124
10-10-2023,Onion,Hyderabad,Telangana,1337.4,146
10-10-2023,Potato,Adilabad,Telangana,1846.36,116
10-10-2023,Tomato,Warangal,Telangana,1785.55,85
10-10-2023,Rice,Warangal,Telangana,2679.31,125
10-10-2023,Rice,Adilabad,Telangana,2812.74,97
10-10-2023,Tomato,Khammam,Telangana,1730.97,80
10-10-2023,Potato,Warangal,Telangana,1892.22,62
10-10-2023,Rice,Hyderabad,Telangana,2504.56,173
10-10-2023,Tomato,Karimnagar,Telangana,1646.83,77
10-10-2023,Onion,Nizamabad,Telangana,1465.18,98
10-10-2023,Onion,Karimnagar,Telangana,1361.2,108
10-10-2023,Rice,Karimnagar,Telangana,2685.73,68
10-10-2023,Onion,Warangal,Telangana,1394.17,138
10-10-2023,Onion,Adilabad,Telangana,1333.06,170
10-10-2023,Rice,Khammam,Telangana,2490.92,89
10-10-2023,Potato,Khammam,Telangana,1758.11,120
10-11-2022,Tomato,Warangal,Telangana,1552.48,142
10-11-2022,Rice,Karimnagar,Telangana,2623.27,109
10-11-2022,Potato,Hyderabad,Telangana,1485.09,134
10-11-2022,Onion,Nizamabad,Telangana,1622.0,72
10-11-2022,Onion,Adilabad,Telangana,1318.4,153
10-11-2022,Tomato,Karimnagar,Telangana,1506.31,194
10-11-2022,Tomato,Adilabad,Telangana,1878.13,127
10-11-2022,Potato,Nizamabad,Telangana,1657.64,114
10-11-2022,Tomato,Hyderabad,Telangana,1668.85,80
10-11-2022,Rice,Adilabad,Telangana,2930.17,36
10-11-2022,Potato,Warangal,Telangana,1705.19,126
10-11-2022,Onion,Karimnagar,Telangana,1486.78,123
10-11-2022,Rice,Khammam,Telangana,2721.4,124
10-11-2022,Potato,Khammam,Telangana,2089.48,97
10-11-2022,Potato,Adilabad,Telangana,1726.93,173
10-11-2022,Rice,Nizamabad,Telangana,2474.41,133
10-11-2022,Rice,Hyderabad,Telangana,2739.41,160
10-11-2022,Onion,Khammam,Telangana,1656.95,52
10-11-2022,Onion,Warangal,Telangana,1238.53,124
10-11-2022,Tomato,Nizamabad,Telangana,1339.16,162
10-11-2022,Rice,Warangal,Telangana,2497.35,140
10-11-2023,Rice,Warangal,Telangana,2615.51,98
10-11-2023,Tomato,Adilabad,Telangana,1327.0,139
10-11-2023,Rice,Khammam,Telangana,2605.9,116
10-11-2023,Onion,Nizamabad,Telangana,1371.04,135
10-11-2023,Potato,Karimnagar,Telangana,1754.04,93
10-11-2023,Rice,Hyderabad,Telangana,2884.28,42
10-11-2023,Onion,Khammam,Telangana,1279.47,156
10-11-2023,Potato,Warangal,Telangana,1792.29,147
10-11-2023,Tomato,Nizamabad,Telangana,1636.98,133
10-11-2023,Tomato,Karimnagar,Telangana,1747.15,112
10-11-2023,Rice,Adilabad,Telangana,2554.79,156
10-11-2023,Tomato,Khammam,Telangana,1891.74,105
10-11-2023,Potato,Khammam,Telangana,1868.13,168
10-11-2023,Rice,Karimnagar,Telangana,2577.13,89
10-11-2023,Potato,Hyderabad,Telangana,1753.79,102
10-11-2023,Onion,Adilabad,Telangana,1392.95,94
10-11-2023,Onion,Warangal,Telangana,1618.9,62
10-11-2023,Tomato,Warangal,Telangana,1717.07,70
10-11-2023,Onion,Karimnagar,Telangana,1530.35,116
10-11-2023,Tomato,Hyderabad,Telangana,1694.96,98
10-11-2023,Rice,Nizamabad,Telangana,2472.34,144
10-11-2023,Potato,Adilabad,Telangana,1719.45,106
10-11-2023,Onion,Hyderabad,Telangana,1480.88,124
10-12-2022,Tomato,Warangal,Telangana,1712.61,104
10-12-2022,Tomato,Nizamabad,Telangana,1526.32,107
10-12-2022,Onion,Khammam,Telangana,1492.58,112
10-12-2022,Potato,Karimnagar,Telangana,1648.51,206
10-12-2022,Rice,Hyderabad,Telangana,2491.81,182
10-12-2022,Rice,Adilabad,Telangana,2687.54,114
10-12-2022,Onion,Warangal,Telangana,1422.86,167
10-12-2022,Onion,Nizamabad,Telangana,1635.88,43
10-12-2022,Onion,Hyderabad,Telangana,1545.9,24
10-12-2022,Rice,Nizamabad,Telangana,2689.02,133
10-12-2022,Potato,Adilabad,Telangana,1864.98,145
10-12-2022,Rice,Warangal,Telangana,2830.67,79
10-12-2022,Potato,Hyderabad,Telangana,1976.67,90
10-12-2022,Rice,Khammam,Telangana,2773.32,97
10-12-2022,Tomato,Adilabad,Telangana,1655.22,44
10-12-2022,Onion,Adilabad,Telangana,1423.4,109
10-12-2022,Potato,Khammam,Telangana,1779.55,132
10-12-2022,Tomato,Hyderabad,Telangana,1661.08,110
10-12-2023,Potato,Nizamabad,Telangana,1872.03,133
10-12-2023,Onion,Karimnagar,Telangana,1130.85,198
10-12-2023,Onion,Adilabad,Telangana,1406.69,177
10-12-2023,Rice,Hyderabad,Telangana,2822.16,105
10-12-2023,Tomato,Adilabad,Telangana,1612.14,170
10-12-2023,Rice,Karimnagar,Telangana,2620.59,130
10-12-2023,Rice,Nizamabad,Telangana,2529.9,141
10-12-2023,Tomato,Karimnagar,Telangana,2101.12,35
10-12-2023,Tomato,Hyderabad,Telangana,1714.29,122
10-12-2023,Rice,Warangal,Telangana,2581.82,116
10-12-2023,Onion,Warangal,Telangana,1468.15,156
10-12-2023,Tomato,Warangal,Telangana,1757.12,53
10-12-2023,Potato,Warangal,Telangana,1736.71,118
10-12-2023,Tomato,Khammam,Telangana,1893.24,60
10-12-2023,Potato,Karimnagar,Telangana,2141.92,63
10-12-2023,Potato,Hyderabad,Telangana,1882.62,120
10-12-2023,Rice,Adilabad,Telangana,2555.43,115
10-12-2023,Onion,Hyderabad,Telangana,1507.37,105
10-12-2023,Potato,Adilabad,Telangana,1929.77,48
10-12-2023,Rice,Khammam,Telangana,2785.34,147
10-12-2023,Potato,Khammam,Telangana,1959.57,205
10-12-2023,Tomato,Nizamabad,Telangana,1666.32,41
10-12-2023,Onion,Khammam,Telangana,1479.25,90
11-01-2022,Potato,Hyderabad,Telangana,1850.09,264
11-01-2022,Rice,Nizamabad,Telangana,3004.48,71
11-01-2022,Tomato,Nizamabad,Telangana,1649.41,121
11-01-2022,Rice,Karimnagar,Telangana,2698.47,142
11-01-2022,Tomato,Hyderabad,Telangana,1651.17,178
11-01-2022,Tomato,Adilabad,Telangana,1973.23,127
11-01-2022,Rice,Hyderabad,Telangana,2713.28,149
11-01-2022,Rice,Khammam,Telangana,2488.85,195
11-01-2022,Onion,Warangal,Telangana,1630.84,100
11-01-2022,Tomato,Khammam,Telangana,1433.3,164
11-01-2022,Potato,Warangal,Telangana,2017.42,199
11-01-2022,Rice,Adilabad,Telangana,2519.19,179
11-01-2022,Onion,Khammam,Telangana,1852.15,118
11-01-2022,Tomato,Warangal,Telangana,1815.48,114
11-01-2022,Potato,Karimnagar,Telangana,2257.05,42
11-01-2022,Potato,Khammam,Telangana,2154.15,60
11-01-2022,Potato,Nizamabad,Telangana,2041.0,113
11-01-2022,Onion,Adilabad,Telangana,1639.89,83
11-01-2022,Rice,Warangal,Telangana,2791.04,100
11-01-2022,Onion,Hyderabad,Telangana,1666.55,80
11-01-2022,Potato,Adilabad,Telangana,1848.56,151
11-01-2022,Onion,Karimnagar,Telangana,1475.99,125
11-01-2023,Potato,Nizamabad,Telangana,1816.64,191
11-01-2023,Potato,Adilabad,Telangana,1958.07,63
11-01-2023,Onion,Karimnagar,Telangana,1535.99,143
11-01-2023,Rice,Adilabad,Telangana,2579.51,160
11-01-2023,Rice,Karimnagar,Telangana,2610.93,170
11-01-2023,Onion,Hyderabad,Telangana,1483.43,170
11-01-2023,Potato,Karimnagar,Telangana,2086.24,75
11-01-2023,Potato,Warangal,Telangana,2161.74,119
11-01-2023,Onion,Adilabad,Telangana,1629.21,117
11-01-2023,Tomato,Warangal,Telangana,1696.67,56
11-01-2023,Rice,Hyderabad,Telangana,2901.53,88
11-01-2023,Tomato,Khammam,Telangana,2025.6,63
11-01-2023,Onion,Khammam,Telangana,1638.56,91
11-01-2023,Tomato,Karimnagar,Telangana,1963.96,38
11-01-2023,Onion,Warangal,Telangana,1728.19,81
11-01-2023,Rice,Warangal,Telangana,2903.33,81
11-01-2023,Onion,Nizamabad,Telangana,1470.39,173
11-01-2023,Tomato,Adilabad,Telangana,1851.47,100
11-01-2023,Potato,Hyderabad,Telangana,2129.18,62
11-01-2023,Potato,Khammam,Telangana,2070.87,89
11-01-2023,Tomato,Hyderabad,Telangana,1706.06,83
11-01-2023,Rice,Khammam,Telangana,2889.06,127
11-01-2023,Tomato,Nizamabad,Telangana,1538.21,195
11-01-2023,Rice,Nizamabad,Telangana,2622.25,148
11-01-2024,Onion,Khammam,Telangana,1710.33,46
11-01-2024,Potato,Adilabad,Telangana,1673.87,214
11-01-2024,Tomato,Hyderabad,Telangana,1693.52,148
11-01-2024,Onion,Karimnagar,Telangana,1585.61,91
11-01-2024,Rice,Karimnagar,Telangana,2910.93,122
11-01-2024,Onion,Warangal,Telangana,1872.11,91
11-01-2024,Rice,Adilabad,Telangana,2695.38,105
11-01-2024,Potato,Warangal,Telangana,2186.98,170
11-01-2024,Potato,Khammam,Telangana,2221.17,110
11-01-2024,Potato,Nizamabad,Telangana,2052.11,106
11-01-2024,Tomato,Warangal,Telangana,1867.86,85
11-01-2024,Onion,Nizamabad,Telangana,1517.21,139
11-01-2024,Potato,Hyderabad,Telangana,2128.6,143
11-01-2024,Potato,Karimnagar,Telangana,1856.38,119
11-01-2024,Onion,Hyderabad,Telangana,1373.76,202
11-01-2024,Rice,Khammam,Telangana,2863.27,169
11-01-2024,Rice,Nizamabad,Telangana,2748.29,160
11-01-2024,Tomato,Karimnagar,Telangana,1890.57,80
11-01-2024,Rice,Warangal,Telangana,2916.35,113
11-01-2024,Tomato,Khammam,Telangana,1896.56,75
11-02-2022,Onion,Khammam,Telangana,1756.41,102
11-02-2022,Onion,Hyderabad,Telangana,1758.84,100
11-02-2022,Tomato,Hyderabad,Telangana,1709.53,179
11-02-2022,Tomato,Nizamabad,Telangana,1888.14,123
11-02-2022,Onion,Nizamabad,Telangana,1693.96,154
11-02-2022,Tomato,Khammam,Telangana,1729.03,198
11-02-2022,Potato,Khammam,Telangana,2088.28,126
11-02-2022,Potato,Karimnagar,Telangana,2048.54,136
11-02-2022,Rice,Nizamabad,Telangana,3032.8,84
11-02-2022,Potato,Warangal,Telangana,2129.54,167
11-02-2022,Tomato,Warangal,Telangana,1918.63,70
11-02-2022,Potato,Adilabad,Telangana,2111.02,134
11-02-2022,Potato,Hyderabad,Telangana,1893.36,139
11-02-2022,Onion,Warangal,Telangana,1446.46,147
11-02-2022,Tomato,Adilabad,Telangana,1938.0,114
11-02-2022,Onion,Adilabad,Telangana,1758.69,174
11-02-2022,Tomato,Karimnagar,Telangana,2023.23,127
11-02-2022,Potato,Nizamabad,Telangana,2228.91,140
11-02-2022,Rice,Warangal,Telangana,3133.61,39
11-02-2022,Onion,Karimnagar,Telangana,1827.97,72
11-02-2022,Rice,Adilabad,Telangana,3112.31,124
11-02-2022,Rice,Karimnagar,Telangana,2832.78,104
11-02-2022,Rice,Khammam,Telangana,3013.7,172
11-02-2023,Potato,Karimnagar,Telangana,1994.55,171
11-02-2023,Tomato,Nizamabad,Telangana,1773.18,100
11-02-2023,Tomato,Adilabad,Telangana,1994.21,135
11-02-2023,Rice,Nizamabad,Telangana,2875.51,136
11-02-2023,Tomato,Khammam,Telangana,1893.02,115
11-02-2023,Onion,Adilabad,Telangana,1678.21,97
11-02-2023,Potato,Warangal,Telangana,1822.56,148
11-02-2023,Tomato,Karimnagar,Telangana,1675.96,77
11-02-2023,Rice,Khammam,Telangana,2896.49,113
11-02-2023,Onion,Khammam,Telangana,1704.28,88
11-02-2023,Onion,Nizamabad,Telangana,1649.61,119
11-02-2023,Rice,Adilabad,Telangana,3141.71,41
11-02-2023,Potato,Hyderabad,Telangana,1984.11,116
11-02-2023,Potato,Adilabad,Telangana,2226.73,114
11-02-2023,Onion,Karimnagar,Telangana,1740.44,151
11-02-2023,Potato,Nizamabad,Telangana,1925.0,168
11-02-2023,Onion,Warangal,Telangana,1765.06,142
11-02-2023,Rice,Hyderabad,Telangana,3125.69,39
11-02-2023,Potato,Khammam,Telangana,2016.97,89
11-02-2023,Rice,Karimnagar,Telangana,2880.62,110
11-02-2023,Tomato,Hyderabad,Telangana,1799.31,177
11-02-2023,Onion,Hyderabad,Telangana,1541.65,139
11-02-2024,Onion,Warangal,Telangana,1624.34,150
11-02-2024,Onion,Hyderabad,Telangana,1841.91,90
11-02-2024,Potato,Hyderabad,Telangana,2373.24,54
11-02-2024,Onion,Nizamabad,Telangana,1625.19,82
11-02-2024,Onion,Adilabad,Telangana,1512.6,202
11-02-2024,Potato,Karimnagar,Telangana,1928.16,159
11-02-2024,Onion,Karimnagar,Telangana,1907.58,105
11-02-2024,Potato,Khammam,Telangana,2061.54,143
11-02-2024,Rice,Hyderabad,Telangana,2714.3,104
11-02-2024,Tomato,Nizamabad,Telangana,1902.96,171
11-02-2024,Tomato,Khammam,Telangana,1985.91,125
11-02-2024,Rice,Warangal,Telangana,3047.73,87
11-02-2024,Tomato,Adilabad,Telangana,1548.45,122
11-02-2024,Potato,Nizamabad,Telangana,2134.27,103
11-02-2024,Rice,Karimnagar,Telangana,3136.54,128
11-02-2024,Tomato,Karimnagar,Telangana,1758.83,161
11-02-2024,Rice,Adilabad,Telangana,3024.8,102
11-02-2024,Tomato,Hyderabad,Telangana,1702.87,186
11-02-2024,Onion,Khammam,Telangana,1671.28,153
11-02-2024,Potato,Warangal,Telangana,2119.8,131
11-02-2024,Rice,Khammam,Telangana,2814.09,179
11-02-2024,Rice,Nizamabad,Telangana,2739.55,93
11-02-2024,Potato,Adilabad,Telangana,2114.76,103
11-02-2024,Tomato,Warangal,Telangana,2121.33,78
11-03-2022,Tomato,Karimnagar,Telangana,1813.74,105
11-03-2022,Tomato,Khammam,Telangana,2090.79,120
11-03-2022,Rice,Khammam,Telangana,2729.58,133
11-03-2022,Rice,Hyderabad,Telangana,3031.37,164
11-03-2022,Tomato,Adilabad,Telangana,2091.07,95
11-03-2022,Potato,Adilabad,Telangana,2106.8,80
11-03-2022,Rice,Adilabad,Telangana,3031.94,85
11-03-2022,Potato,Karimnagar,Telangana,2369.03,140
11-03-2022,Onion,Adilabad,Telangana,1791.86,112
11-03-2022,Onion,Karimnagar,Telangana,1713.84,60
11-03-2022,Potato,Khammam,Telangana,2063.72,157
11-03-2022,Rice,Karimnagar,Telangana,2951.95,86
11-03-2022,Onion,Khammam,Telangana,2019.56,79
11-03-2022,Potato,Nizamabad,Telangana,2288.7,56
11-03-2022,Tomato,Warangal,Telangana,1871.27,163
11-03-2022,Tomato,Nizamabad,Telangana,2159.8,70
11-03-2022,Onion,Warangal,Telangana,1678.35,210
11-03-2022,Potato,Warangal,Telangana,2405.07,90
11-03-2022,Onion,Nizamabad,Telangana,1654.62,111
11-03-2022,Tomato,Hyderabad,Telangana,1733.8,152
11-03-2022,Onion,Hyderabad,Telangana,2024.69,20
11-03-2022,Potato,Hyderabad,Telangana,1906.07,140
11-03-2022,Rice,Nizamabad,Telangana,3025.32,107
11-03-2022,Rice,Warangal,Telangana,2792.11,118
11-03-2023,Potato,Adilabad,Telangana,2000.41,110
11-03-2023,Rice,Hyderabad,Telangana,3033.81,108
11-03-2023,Tomato,Khammam,Telangana,1900.01,121
11-03-2023,Potato,Karimnagar,Telangana,1895.04,163
11-03-2023,Onion,Hyderabad,Telangana,1551.5,116
11-03-2023,Tomato,Warangal,Telangana,1976.58,142
11-03-2023,Potato,Khammam,Telangana,2069.61,113
11-03-2023,Potato,Hyderabad,Telangana,2132.44,99
11-03-2023,Tomato,Nizamabad,Telangana,1928.79,158
11-03-2023,Tomato,Hyderabad,Telangana,2134.73,146
11-03-2023,Rice,Warangal,Telangana,2974.23,170
11-03-2023,Tomato,Karimnagar,Telangana,1983.99,124
11-03-2023,Potato,Warangal,Telangana,2121.7,141
11-03-2023,Rice,Adilabad,Telangana,3097.82,120
11-03-2023,Onion,Karimnagar,Telangana,1558.28,159
11-03-2023,Onion,Adilabad,Telangana,1713.73,64
11-03-2023,Tomato,Adilabad,Telangana,1878.13,135
11-03-2023,Rice,Karimnagar,Telangana,3056.44,139
11-03-2023,Onion,Nizamabad,Telangana,1635.89,87
11-03-2023,Onion,Khammam,Telangana,1613.24,152
11-03-2023,Onion,Warangal,Telangana,1749.81,145
11-03-2023,Potato,Nizamabad,Telangana,2311.17,71
11-03-2024,Onion,Khammam,Telangana,1703.51,109
11-03-2024,Tomato,Nizamabad,Telangana,1671.45,151
11-03-2024,Potato,Nizamabad,Telangana,2127.36,127
11-03-2024,Tomato,Hyderabad,Telangana,2127.75,112
11-03-2024,Tomato,Adilabad,Telangana,1772.96,167
11-03-2024,Rice,Warangal,Telangana,2865.1,153
11-03-2024,Potato,Khammam,Telangana,2080.22,155
11-03-2024,Onion,Karimnagar,Telangana,1681.48,155
11-03-2024,Rice,Nizamabad,Telangana,3021.32,122
11-03-2024,Potato,Hyderabad,Telangana,2191.54,90
11-03-2024,Potato,Warangal,Telangana,2136.24,126
11-03-2024,Tomato,Warangal,Telangana,1977.14,139
11-03-2024,Onion,Nizamabad,Telangana,1661.4,166
11-03-2024,Rice,Karimnagar,Telangana,3177.64,84
11-03-2024,Onion,Hyderabad,Telangana,1769.56,150
11-03-2024,Rice,Khammam,Telangana,3067.53,90
11-03-2024,Tomato,Karimnagar,Telangana,1913.55,106
11-03-2024,Rice,Hyderabad,Telangana,2753.05,206
11-03-2024,Potato,Karimnagar,Telangana,2143.25,64
11-03-2024,Rice,Adilabad,Telangana,2858.51,91
11-03-2024,Tomato,Khammam,Telangana,1874.32,87
11-03-2024,Potato,Adilabad,Telangana,2311.43,42
11-03-2024,Onion,Adilabad,Telangana,1782.41,124
11-03-2024,Onion,Warangal,Telangana,1880.54,64
11-04-2022,Onion,Karimnagar,Telangana,1878.28,173
11-04-2022,Onion,Adilabad,Telangana,1765.73,133
11-04-2022,Potato,Khammam,Telangana,2178.15,143
11-04-2022,Rice,Khammam,Telangana,3127.12,75
11-04-2022,Rice,Warangal,Telangana,3195.74,97
11-04-2022,Tomato,Karimnagar,Telangana,1877.7,64
11-04-2022,Rice,Adilabad,Telangana,2915.13,212
11-04-2022,Potato,Adilabad,Telangana,2186.19,151
11-04-2022,Tomato,Hyderabad,Telangana,1997.03,134
11-04-2022,Tomato,Nizamabad,Telangana,1961.31,112
11-04-2022,Onion,Khammam,Telangana,1681.22,159
11-04-2022,Rice,Hyderabad,Telangana,2868.72,157
11-04-2022,Potato,Warangal,Telangana,2109.38,87
11-04-2022,Potato,Hyderabad,Telangana,2183.82,100
11-04-2022,Rice,Nizamabad,Telangana,3054.84,135
11-04-2022,Rice,Karimnagar,Telangana,2894.43,85
11-04-2022,Tomato,Adilabad,Telangana,1768.61,186
11-04-2022,Onion,Hyderabad,Telangana,1905.68,72
11-04-2022,Tomato,Warangal,Telangana,1996.39,92
11-04-2022,Potato,Karimnagar,Telangana,2011.69,161
11-04-2022,Tomato,Khammam,Telangana,2078.62,94
11-04-2022,Potato,Nizamabad,Telangana,1941.2,164
11-04-2022,Onion,Nizamabad,Telangana,1845.38,112
11-04-2022,Onion,Warangal,Telangana,1509.87,183
11-04-2023,Potato,Adilabad,Telangana,2014.56,160
11-04-2023,Rice,Hyderabad,Telangana,2820.88,107
11-04-2023,Potato,Khammam,Telangana,2058.29,138
11-04-2023,Potato,Warangal,Telangana,1975.2,234
11-04-2023,Rice,Nizamabad,Telangana,2842.57,196
11-04-2023,Rice,Warangal,Telangana,2945.61,144
11-04-2023,Onion,Hyderabad,Telangana,2135.23,78
11-04-2023,Tomato,Adilabad,Telangana,1914.21,91
11-04-2023,Rice,Karimnagar,Telangana,2792.26,182
11-04-2023,Onion,Warangal,Telangana,1812.14,145
11-04-2023,Onion,Karimnagar,Telangana,1710.85,95
11-04-2023,Tomato,Warangal,Telangana,2061.94,169
11-04-2023,Rice,Khammam,Telangana,2777.56,150
11-04-2023,Onion,Nizamabad,Telangana,2008.47,102
11-04-2023,Tomato,Nizamabad,Telangana,1690.75,172
11-04-2023,Potato,Karimnagar,Telangana,2020.41,111
11-04-2023,Onion,Adilabad,Telangana,1838.73,88
11-04-2023,Potato,Nizamabad,Telangana,2159.92,160
11-04-2023,Tomato,Khammam,Telangana,2049.94,109
11-04-2023,Rice,Adilabad,Telangana,2844.09,152
11-04-2023,Potato,Hyderabad,Telangana,2448.42,57
11-04-2023,Onion,Khammam,Telangana,1817.4,91
11-04-2023,Tomato,Karimnagar,Telangana,2059.16,126
11-04-2023,Tomato,Hyderabad,Telangana,2229.47,97
11-04-2024,Potato,Karimnagar,Telangana,2042.45,126
11-04-2024,Potato,Adilabad,Telangana,2262.78,97
11-04-2024,Onion,Khammam,Telangana,1651.11,129
11-04-2024,Rice,Nizamabad,Telangana,3076.8,161
11-04-2024,Tomato,Hyderabad,Telangana,2054.25,35
11-04-2024,Tomato,Karimnagar,Telangana,1987.29,130
11-04-2024,Rice,Hyderabad,Telangana,2964.53,100
11-04-2024,Potato,Nizamabad,Telangana,1909.3,167
11-04-2024,Tomato,Nizamabad,Telangana,2029.24,91
11-04-2024,Tomato,Warangal,Telangana,2068.01,126
11-04-2024,Tomato,Khammam,Telangana,1794.33,102
11-04-2024,Onion,Nizamabad,Telangana,1766.76,90
11-04-2024,Tomato,Adilabad,Telangana,1677.38,157
11-04-2024,Rice,Karimnagar,Telangana,2763.34,169
11-04-2024,Potato,Khammam,Telangana,2252.08,123
11-04-2024,Onion,Karimnagar,Telangana,1380.8,187
11-04-2024,Rice,Warangal,Telangana,2863.37,162
11-04-2024,Potato,Hyderabad,Telangana,2165.14,138
11-04-2024,Rice,Adilabad,Telangana,2929.25,124
11-04-2024,Rice,Khammam,Telangana,3072.66,40
11-04-2024,Onion,Adilabad,Telangana,1641.71,81
11-04-2024,Potato,Warangal,Telangana,2214.55,77
11-04-2024,Onion,Hyderabad,Telangana,1815.77,81
11-04-2024,Onion,Warangal,Telangana,1830.18,138
11-05-2022,Tomato,Nizamabad,Telangana,1812.44,117
11-05-2022,Onion,Adilabad,Telangana,1617.58,138
11-05-2022,Rice,Hyderabad,Telangana,2853.46,110
11-05-2022,Potato,Karimnagar,Telangana,2081.44,179
11-05-2022,Potato,Khammam,Telangana,2271.82,80
11-05-2022,Rice,Khammam,Telangana,2688.81,140
11-05-2022,Rice,Warangal,Telangana,2880.43,44
11-05-2022,Rice,Nizamabad,Telangana,2926.95,89
11-05-2022,Onion,Karimnagar,Telangana,1814.27,144
11-05-2022,Onion,Warangal,Telangana,1526.73,185
11-05-2022,Tomato,Khammam,Telangana,1963.28,95
11-05-2022,Rice,Adilabad,Telangana,2771.26,92
11-05-2022,Potato,Warangal,Telangana,2102.2,113
11-05-2022,Tomato,Warangal,Telangana,1832.65,154
11-05-2022,Tomato,Hyderabad,Telangana,1985.99,82
11-05-2022,Tomato,Adilabad,Telangana,2252.38,42
11-05-2022,Potato,Adilabad,Telangana,2128.31,117
11-05-2022,Potato,Nizamabad,Telangana,2222.52,87
11-05-2022,Rice,Karimnagar,Telangana,3022.97,129
11-05-2022,Potato,Hyderabad,Telangana,2182.77,149
11-05-2023,Tomato,Khammam,Telangana,1819.93,144
11-05-2023,Potato,Karimnagar,Telangana,1926.36,130
11-05-2023,Rice,Nizamabad,Telangana,2926.33,109
11-05-2023,Onion,Khammam,Telangana,1816.57,172
11-05-2023,Onion,Warangal,Telangana,1973.08,83
11-05-2023,Tomato,Karimnagar,Telangana,1990.68,95
11-05-2023,Tomato,Hyderabad,Telangana,1656.12,128
11-05-2023,Onion,Nizamabad,Telangana,1715.17,138
11-05-2023,Onion,Karimnagar,Telangana,1846.55,94
11-05-2023,Rice,Khammam,Telangana,2876.09,132
11-05-2023,Rice,Hyderabad,Telangana,3221.89,106
11-05-2023,Potato,Nizamabad,Telangana,2067.02,140
11-05-2023,Tomato,Warangal,Telangana,1804.24,143
11-05-2023,Potato,Warangal,Telangana,2121.25,121
11-05-2023,Tomato,Adilabad,Telangana,1826.1,177
11-05-2023,Rice,Warangal,Telangana,2973.87,112
11-05-2023,Potato,Hyderabad,Telangana,2135.71,115
11-05-2023,Rice,Karimnagar,Telangana,3038.34,73
11-05-2023,Tomato,Nizamabad,Telangana,2072.67,42
11-05-2023,Potato,Khammam,Telangana,2071.6,110
11-05-2023,Rice,Adilabad,Telangana,3078.24,106
11-05-2024,Potato,Warangal,Telangana,1975.08,158
11-05-2024,Tomato,Karimnagar,Telangana,1854.21,163
11-05-2024,Potato,Karimnagar,Telangana,2316.48,89
11-05-2024,Potato,Nizamabad,Telangana,2064.29,116
11-05-2024,Onion,Karimnagar,Telangana,1531.24,147
11-05-2024,Potato,Khammam,Telangana,2260.57,95
11-05-2024,Onion,Nizamabad,Telangana,1559.8,159
11-05-2024,Rice,Warangal,Telangana,3151.92,79
11-05-2024,Tomato,Khammam,Telangana,1988.11,76
11-05-2024,Potato,Hyderabad,Telangana,2170.16,150
11-05-2024,Tomato,Hyderabad,Telangana,1930.82,149
11-05-2024,Rice,Nizamabad,Telangana,2977.3,133
11-05-2024,Rice,Adilabad,Telangana,2883.89,89
11-05-2024,Onion,Warangal,Telangana,1544.1,190
11-05-2024,Rice,Hyderabad,Telangana,2667.5,153
11-05-2024,Onion,Adilabad,Telangana,1592.35,177
11-05-2024,Rice,Khammam,Telangana,2674.99,133
11-05-2024,Onion,Khammam,Telangana,1862.81,130
11-05-2024,Onion,Hyderabad,Telangana,1724.65,82
11-05-2024,Rice,Karimnagar,Telangana,2775.6,124
11-05-2024,Tomato,Adilabad,Telangana,1921.53,121
11-05-2024,Potato,Adilabad,Telangana,2270.85,84
11-06-2022,Rice,Karimnagar,Telangana,2786.35,84
11-06-2022,Onion,Hyderabad,Telangana,1618.05,146
11-06-2022,Potato,Adilabad,Telangana,2100.28,112
11-06-2022,Tomato,Karimnagar,Telangana,1666.95,106
11-06-2022,Onion,Nizamabad,Telangana,1578.7,134
11-06-2022,Rice,Adilabad,Telangana,2950.02,68
11-06-2022,Onion,Khammam,Telangana,1513.96,116
11-06-2022,Onion,Adilabad,Telangana,1588.52,189
11-06-2022,Tomato,Khammam,Telangana,1872.49,127
11-06-2022,Rice,Nizamabad,Telangana,2956.17,92
11-06-2022,Potato,Hyderabad,Telangana,2142.52,88
11-06-2022,Potato,Nizamabad,Telangana,2010.57,97
11-06-2022,Onion,Warangal,Telangana,1364.95,99
11-06-2022,Rice,Khammam,Telangana,2931.31,156
11-06-2022,Potato,Karimnagar,Telangana,2221.68,81
11-06-2022,Tomato,Nizamabad,Telangana,1821.88,89
11-06-2022,Tomato,Warangal,Telangana,1802.8,119
11-06-2022,Tomato,Adilabad,Telangana,1632.57,123
11-06-2022,Rice,Warangal,Telangana,2898.1,97
11-06-2022,Potato,Warangal,Telangana,2008.12,136
11-06-2022,Onion,Karimnagar,Telangana,1382.25,137
11-06-2022,Rice,Hyderabad,Telangana,2795.34,159
11-06-2023,Tomato,Adilabad,Telangana,1754.84,93
11-06-2023,Onion,Khammam,Telangana,1702.1,116
11-06-2023,Rice,Warangal,Telangana,2676.55,140
11-06-2023,Tomato,Warangal,Telangana,1948.81,75
11-06-2023,Tomato,Khammam,Telangana,1861.32,44
11-06-2023,Tomato,Nizamabad,Telangana,1846.05,76
11-06-2023,Onion,Warangal,Telangana,1498.66,173
11-06-2023,Onion,Karimnagar,Telangana,1752.54,110
11-06-2023,Potato,Warangal,Telangana,1842.79,151
11-06-2023,Potato,Khammam,Telangana,2103.69,115
11-06-2023,Potato,Nizamabad,Telangana,1929.23,173
11-06-2023,Rice,Hyderabad,Telangana,2598.63,84
11-06-2023,Onion,Hyderabad,Telangana,1586.83,169
11-06-2023,Potato,Hyderabad,Telangana,2006.55,105
11-06-2023,Rice,Khammam,Telangana,2874.67,47
11-06-2023,Rice,Karimnagar,Telangana,2777.48,77
11-06-2023,Potato,Karimnagar,Telangana,2121.08,182
11-06-2023,Tomato,Karimnagar,Telangana,1905.15,121
11-06-2023,Onion,Nizamabad,Telangana,1625.4,144
11-06-2024,Tomato,Karimnagar,Telangana,1765.91,153
11-06-2024,Tomato,Khammam,Telangana,2049.12,110
11-06-2024,Rice,Adilabad,Telangana,2824.51,91
11-06-2024,Rice,Karimnagar,Telangana,2658.72,85
11-06-2024,Potato,Nizamabad,Telangana,1955.33,129
11-06-2024,Rice,Nizamabad,Telangana,2731.48,151
11-06-2024,Onion,Adilabad,Telangana,1802.46,124
11-06-2024,Onion,Karimnagar,Telangana,1540.32,134
11-06-2024,Potato,Warangal,Telangana,1986.95,130
11-06-2024,Potato,Khammam,Telangana,2100.56,162
11-06-2024,Rice,Hyderabad,Telangana,2986.75,122
11-06-2024,Potato,Karimnagar,Telangana,1836.18,116
11-06-2024,Tomato,Adilabad,Telangana,1813.11,183
11-06-2024,Onion,Warangal,Telangana,1543.76,178
11-06-2024,Potato,Adilabad,Telangana,1906.2,164
11-06-2024,Tomato,Nizamabad,Telangana,1909.55,121
11-06-2024,Onion,Nizamabad,Telangana,1679.06,163
11-06-2024,Onion,Hyderabad,Telangana,1692.32,92
11-06-2024,Onion,Khammam,Telangana,1936.14,102
11-06-2024,Rice,Khammam,Telangana,2709.13,122
11-06-2024,Rice,Warangal,Telangana,3010.25,106
11-07-2022,Rice,Nizamabad,Telangana,2863.77,82
11-07-2022,Rice,Warangal,Telangana,2771.38,67
11-07-2022,Potato,Adilabad,Telangana,2087.98,120
11-07-2022,Potato,Nizamabad,Telangana,1974.66,105
11-07-2022,Potato,Hyderabad,Telangana,2122.98,99
11-07-2022,Tomato,Karimnagar,Telangana,1344.02,246
11-07-2022,Rice,Khammam,Telangana,2707.88,117
11-07-2022,Potato,Khammam,Telangana,2192.58,112
11-07-2022,Rice,Karimnagar,Telangana,2563.98,105
11-07-2022,Potato,Warangal,Telangana,2030.5,119
11-07-2022,Tomato,Hyderabad,Telangana,1837.75,35
11-07-2022,Onion,Warangal,Telangana,1699.71,83
11-07-2022,Onion,Hyderabad,Telangana,1423.99,150
11-07-2022,Onion,Karimnagar,Telangana,1595.66,118
11-07-2022,Potato,Karimnagar,Telangana,1779.46,187
11-07-2022,Onion,Nizamabad,Telangana,1674.79,101
11-07-2022,Tomato,Warangal,Telangana,1911.58,112
11-07-2022,Rice,Hyderabad,Telangana,2982.17,129
11-07-2022,Onion,Khammam,Telangana,1380.33,143
11-07-2022,Tomato,Khammam,Telangana,1898.56,118
11-07-2022,Onion,Adilabad,Telangana,1550.32,155
11-07-2022,Tomato,Adilabad,Telangana,1712.2,69
11-07-2023,Rice,Adilabad,Telangana,2606.94,154
11-07-2023,Tomato,Warangal,Telangana,1881.79,90
11-07-2023,Tomato,Khammam,Telangana,1610.72,129
11-07-2023,Onion,Adilabad,Telangana,1570.15,105
11-07-2023,Tomato,Nizamabad,Telangana,1756.12,89
11-07-2023,Potato,Adilabad,Telangana,1737.74,214
11-07-2023,Rice,Hyderabad,Telangana,2895.77,183
11-07-2023,Onion,Nizamabad,Telangana,1505.6,148
11-07-2023,Rice,Karimnagar,Telangana,2712.37,131
11-07-2023,Onion,Khammam,Telangana,1548.65,121
11-07-2023,Tomato,Hyderabad,Telangana,1722.32,154
11-07-2023,Onion,Hyderabad,Telangana,1456.72,114
11-07-2023,Potato,Warangal,Telangana,1725.36,131
11-07-2023,Potato,Karimnagar,Telangana,1947.04,95
11-07-2023,Potato,Khammam,Telangana,1982.77,125
11-07-2023,Rice,Khammam,Telangana,2622.57,162
11-07-2023,Onion,Warangal,Telangana,1398.41,151
11-07-2023,Onion,Karimnagar,Telangana,1395.16,106
11-07-2023,Potato,Nizamabad,Telangana,2167.4,90
11-07-2023,Rice,Warangal,Telangana,2582.91,137
11-07-2023,Potato,Hyderabad,Telangana,1972.5,148
11-07-2023,Tomato,Karimnagar,Telangana,1741.68,136
11-08-2022,Rice,Nizamabad,Telangana,2970.83,33
11-08-2022,Rice,Khammam,Telangana,2612.19,47
11-08-2022,Potato,Nizamabad,Telangana,2188.02,46
11-08-2022,Tomato,Khammam,Telangana,1493.94,157
11-08-2022,Rice,Adilabad,Telangana,2725.51,83
11-08-2022,Tomato,Karimnagar,Telangana,1510.44,157
11-08-2022,Tomato,Adilabad,Telangana,1311.52,177
11-08-2022,Tomato,Hyderabad,Telangana,1820.61,67
11-08-2022,Potato,Karimnagar,Telangana,2046.96,125
11-08-2022,Onion,Khammam,Telangana,1649.8,84
11-08-2022,Onion,Karimnagar,Telangana,1303.28,128
11-08-2022,Onion,Adilabad,Telangana,1281.27,88
11-08-2022,Rice,Warangal,Telangana,2559.08,224
11-08-2022,Tomato,Warangal,Telangana,1518.77,184
11-08-2022,Potato,Khammam,Telangana,1851.12,92
11-08-2022,Potato,Hyderabad,Telangana,2128.01,63
11-08-2022,Tomato,Nizamabad,Telangana,1512.83,148
11-08-2022,Onion,Warangal,Telangana,1725.61,66
11-08-2023,Rice,Khammam,Telangana,2345.27,150
11-08-2023,Potato,Hyderabad,Telangana,1924.2,131
11-08-2023,Potato,Nizamabad,Telangana,1967.98,104
11-08-2023,Rice,Karimnagar,Telangana,2666.7,104
11-08-2023,Potato,Khammam,Telangana,1705.23,44
11-08-2023,Tomato,Adilabad,Telangana,1664.18,93
11-08-2023,Rice,Hyderabad,Telangana,2729.27,99
11-08-2023,Rice,Nizamabad,Telangana,2862.4,139
11-08-2023,Tomato,Warangal,Telangana,1574.94,156
11-08-2023,Onion,Nizamabad,Telangana,1634.11,39
11-08-2023,Tomato,Karimnagar,Telangana,1914.16,27
11-08-2023,Rice,Warangal,Telangana,2667.92,149
11-08-2023,Tomato,Nizamabad,Telangana,1760.97,126
11-08-2023,Onion,Hyderabad,Telangana,1323.23,93
11-08-2023,Onion,Karimnagar,Telangana,1479.1,132
11-08-2023,Potato,Karimnagar,Telangana,1962.1,88
11-08-2023,Potato,Warangal,Telangana,1762.53,140
11-08-2023,Onion,Adilabad,Telangana,1526.55,117
11-08-2023,Onion,Khammam,Telangana,1441.58,80
11-08-2023,Rice,Adilabad,Telangana,3107.58,31
11-08-2023,Onion,Warangal,Telangana,1372.19,113
11-08-2023,Potato,Adilabad,Telangana,1800.64,144
11-08-2023,Tomato,Khammam,Telangana,1625.55,112
11-08-2023,Tomato,Hyderabad,Telangana,1662.57,89
11-09-2022,Tomato,Khammam,Telangana,1440.89,183
11-09-2022,Potato,Warangal,Telangana,1682.34,66
11-09-2022,Tomato,Warangal,Telangana,1502.64,144
11-09-2022,Rice,Khammam,Telangana,2782.64,74
11-09-2022,Rice,Nizamabad,Telangana,2897.88,50
11-09-2022,Onion,Nizamabad,Telangana,1189.12,162
11-09-2022,Tomato,Karimnagar,Telangana,1759.41,108
11-09-2022,Rice,Hyderabad,Telangana,2572.29,113
11-09-2022,Onion,Karimnagar,Telangana,1427.77,140
11-09-2022,Potato,Nizamabad,Telangana,1737.41,90
11-09-2022,Onion,Khammam,Telangana,1348.62,126
11-09-2022,Tomato,Adilabad,Telangana,1669.88,115
11-09-2022,Onion,Adilabad,Telangana,1194.63,87
11-09-2022,Rice,Karimnagar,Telangana,2684.6,133
11-09-2022,Onion,Hyderabad,Telangana,1257.06,110
11-09-2022,Rice,Adilabad,Telangana,2804.2,60
11-09-2022,Rice,Warangal,Telangana,2732.8,119
11-09-2022,Tomato,Hyderabad,Telangana,1516.94,96
11-09-2022,Onion,Warangal,Telangana,1620.85,45
11-09-2022,Tomato,Nizamabad,Telangana,1240.68,112
11-09-2022,Potato,Khammam,Telangana,1687.39,183
11-09-2022,Potato,Adilabad,Telangana,1571.55,105
11-09-2022,Potato,Karimnagar,Telangana,2101.99,68
11-09-2023,Rice,Khammam,Telangana,2280.81,180
11-09-2023,Tomato,Hyderabad,Telangana,1372.19,187
11-09-2023,Potato,Warangal,Telangana,1604.75,123
11-09-2023,Onion,Hyderabad,Telangana,1114.3,109
11-09-2023,Onion,Nizamabad,Telangana,938.3,243
11-09-2023,Tomato,Adilabad,Telangana,1458.44,166
11-09-2023,Onion,Warangal,Telangana,1292.15,156
11-09-2023,Tomato,Karimnagar,Telangana,1519.57,101
11-09-2023,Tomato,Warangal,Telangana,1621.08,106
11-09-2023,Onion,Karimnagar,Telangana,1167.02,200
11-09-2023,Potato,Hyderabad,Telangana,1914.97,147
11-09-2023,Rice,Warangal,Telangana,2573.06,117
11-09-2023,Onion,Khammam,Telangana,1531.52,93
11-09-2023,Rice,Karimnagar,Telangana,2236.08,172
11-09-2023,Potato,Nizamabad,Telangana,1717.59,187
11-09-2023,Rice,Adilabad,Telangana,2539.81,84
11-09-2023,Tomato,Nizamabad,Telangana,1385.16,135
11-09-2023,Potato,Khammam,Telangana,1968.05,81
11-09-2023,Potato,Adilabad,Telangana,1761.98,86
11-09-2023,Rice,Hyderabad,Telangana,2550.38,88
11-09-2023,Rice,Nizamabad,Telangana,2467.81,139
11-09-2023,Tomato,Khammam,Telangana,1584.02,126
11-09-2023,Potato,Karimnagar,Telangana,1689.66,150
11-10-2022,Rice,Warangal,Telangana,2611.87,142
11-10-2022,Onion,Khammam,Telangana,1224.07,119
11-10-2022,Tomato,Warangal,Telangana,1401.65,98
11-10-2022,Rice,Karimnagar,Telangana,2678.07,66
11-10-2022,Tomato,Hyderabad,Telangana,1605.56,38
11-10-2022,Potato,Adilabad,Telangana,1752.58,120
11-10-2022,Onion,Nizamabad,Telangana,1378.75,78
11-10-2022,Tomato,Khammam,Telangana,1149.64,223
11-10-2022,Tomato,Adilabad,Telangana,1704.55,80
11-10-2022,Rice,Khammam,Telangana,2430.66,118
11-10-2022,Tomato,Karimnagar,Telangana,1556.96,108
11-10-2022,Rice,Adilabad,Telangana,2471.48,131
11-10-2022,Rice,Nizamabad,Telangana,2510.38,116
11-10-2022,Potato,Warangal,Telangana,1898.29,86
11-10-2022,Onion,Warangal,Telangana,1107.65,145
11-10-2022,Potato,Hyderabad,Telangana,2106.2,65
11-10-2022,Potato,Karimnagar,Telangana,1780.24,110
11-10-2022,Onion,Adilabad,Telangana,1576.65,107
11-10-2022,Potato,Nizamabad,Telangana,1839.77,128
11-10-2022,Rice,Hyderabad,Telangana,2390.73,117
11-10-2022,Onion,Hyderabad,Telangana,1606.74,101
11-10-2023,Onion,Warangal,Telangana,1114.41,167
11-10-2023,Onion,Khammam,Telangana,1283.77,138
11-10-2023,Tomato,Khammam,Telangana,1665.61,141
11-10-2023,Tomato,Warangal,Telangana,1550.56,161
11-10-2023,Rice,Nizamabad,Telangana,2371.83,244
11-10-2023,Rice,Hyderabad,Telangana,2902.81,48
11-10-2023,Rice,Adilabad,Telangana,2498.23,134
11-10-2023,Potato,Adilabad,Telangana,1673.72,150
11-10-2023,Potato,Hyderabad,Telangana,1593.3,152
11-10-2023,Potato,Warangal,Telangana,1634.21,156
11-10-2023,Potato,Nizamabad,Telangana,1564.74,140
11-10-2023,Onion,Adilabad,Telangana,1574.74,94
11-10-2023,Tomato,Adilabad,Telangana,1941.48,25
11-10-2023,Rice,Warangal,Telangana,2425.02,173
11-10-2023,Onion,Nizamabad,Telangana,1509.27,96
11-10-2023,Rice,Karimnagar,Telangana,2711.6,101
11-10-2023,Onion,Karimnagar,Telangana,1274.26,114
11-10-2023,Rice,Khammam,Telangana,2253.61,177
11-10-2023,Tomato,Nizamabad,Telangana,1619.81,159
11-10-2023,Potato,Karimnagar,Telangana,1606.02,152
11-10-2023,Tomato,Karimnagar,Telangana,1564.12,52
11-10-2023,Onion,Hyderabad,Telangana,1184.3,173
11-10-2023,Tomato,Hyderabad,Telangana,1455.7,156
11-11-2022,Potato,Hyderabad,Telangana,1676.6,150
11-11-2022,Potato,Warangal,Telangana,1777.48,164
11-11-2022,Potato,Nizamabad,Telangana,1800.29,127
11-11-2022,Tomato,Hyderabad,Telangana,1733.42,122
11-11-2022,Tomato,Karimnagar,Telangana,1585.14,131
11-11-2022,Onion,Hyderabad,Telangana,1481.76,116
11-11-2022,Potato,Khammam,Telangana,2052.83,66
11-11-2022,Potato,Karimnagar,Telangana,1769.83,85
11-11-2022,Tomato,Khammam,Telangana,1454.15,127
11-11-2022,Rice,Warangal,Telangana,2677.87,143
11-11-2022,Rice,Karimnagar,Telangana,2442.33,100
11-11-2022,Onion,Adilabad,Telangana,1407.03,107
11-11-2022,Rice,Adilabad,Telangana,2553.6,116
11-11-2022,Onion,Khammam,Telangana,1357.22,90
11-11-2022,Tomato,Nizamabad,Telangana,1693.66,41
11-11-2022,Onion,Warangal,Telangana,1529.17,96
11-11-2022,Onion,Nizamabad,Telangana,1320.6,169
11-11-2022,Potato,Adilabad,Telangana,1914.21,101
11-11-2022,Rice,Khammam,Telangana,2712.25,115
11-11-2022,Tomato,Adilabad,Telangana,1920.93,85
11-11-2022,Onion,Karimnagar,Telangana,1490.25,111
11-11-2022,Rice,Nizamabad,Telangana,2831.28,125
11-11-2023,Onion,Adilabad,Telangana,1417.27,102
11-11-2023,Potato,Nizamabad,Telangana,1647.98,150
11-11-2023,Tomato,Nizamabad,Telangana,1461.09,202
11-11-2023,Potato,Karimnagar,Telangana,1711.84,153
11-11-2023,Onion,Nizamabad,Telangana,1226.91,140
11-11-2023,Tomato,Warangal,Telangana,1537.7,173
11-11-2023,Rice,Khammam,Telangana,2701.85,132
11-11-2023,Rice,Adilabad,Telangana,2726.64,109
11-11-2023,Onion,Warangal,Telangana,1286.89,182
11-11-2023,Potato,Khammam,Telangana,1833.16,94
11-11-2023,Tomato,Khammam,Telangana,1753.68,116
11-11-2023,Rice,Warangal,Telangana,2403.16,131
11-11-2023,Rice,Hyderabad,Telangana,2360.9,216
11-11-2023,Onion,Hyderabad,Telangana,1480.58,93
11-11-2023,Tomato,Hyderabad,Telangana,1748.12,60
11-11-2023,Rice,Nizamabad,Telangana,2503.18,111
11-11-2023,Tomato,Adilabad,Telangana,1650.82,105
11-11-2023,Onion,Karimnagar,Telangana,1549.32,102
11-11-2023,Onion,Khammam,Telangana,1464.9,91
11-11-2023,Rice,Karimnagar,Telangana,2755.27,138
11-11-2023,Potato,Warangal,Telangana,1761.85,78
11-12-2022,Tomato,Nizamabad,Telangana,1664.42,130
11-12-2022,Potato,Adilabad,Telangana,1840.18,138
11-12-2022,Onion,Khammam,Telangana,1499.79,105
11-12-2022,Tomato,Karimnagar,Telangana,1641.94,180
11-12-2022,Rice,Warangal,Telangana,2495.63,126
11-12-2022,Potato,Nizamabad,Telangana,1725.55,117
11-12-2022,Rice,Adilabad,Telangana,2371.93,198
11-12-2022,Potato,Warangal,Telangana,2038.65,146
11-12-2022,Onion,Adilabad,Telangana,1507.57,123
11-12-2022,Tomato,Khammam,Telangana,1611.09,143
11-12-2022,Tomato,Adilabad,Telangana,1726.46,119
11-12-2022,Tomato,Warangal,Telangana,1456.9,121
11-12-2022,Potato,Khammam,Telangana,2012.85,114
11-12-2022,Onion,Karimnagar,Telangana,1276.42,97
11-12-2022,Tomato,Hyderabad,Telangana,1686.58,148
11-12-2022,Rice,Karimnagar,Telangana,2671.97,128
11-12-2022,Onion,Warangal,Telangana,1591.15,93
11-12-2022,Rice,Nizamabad,Telangana,2654.4,142
11-12-2022,Potato,Karimnagar,Telangana,1610.75,178
11-12-2022,Onion,Nizamabad,Telangana,1628.85,107
11-12-2022,Rice,Hyderabad,Telangana,2707.93,84
11-12-2022,Potato,Hyderabad,Telangana,2153.47,130
11-12-2022,Onion,Hyderabad,Telangana,1686.17,94
11-12-2023,Rice,Karimnagar,Telangana,2874.11,87
11-12-2023,Potato,Khammam,Telangana,2034.81,116
11-12-2023,Potato,Nizamabad,Telangana,1983.83,20
11-12-2023,Rice,Warangal,Telangana,2768.72,125
11-12-2023,Tomato,Karimnagar,Telangana,1725.04,126
11-12-2023,Onion,Khammam,Telangana,1320.64,136
11-12-2023,Potato,Hyderabad,Telangana,1649.76,166
11-12-2023,Rice,Nizamabad,Telangana,2882.59,36
11-12-2023,Tomato,Warangal,Telangana,1835.84,90
11-12-2023,Tomato,Adilabad,Telangana,1622.39,154
11-12-2023,Tomato,Hyderabad,Telangana,1628.21,181
11-12-2023,Potato,Warangal,Telangana,2006.75,60
11-12-2023,Onion,Adilabad,Telangana,1584.64,80
11-12-2023,Tomato,Nizamabad,Telangana,1626.03,119
11-12-2023,Tomato,Khammam,Telangana,1825.4,147
11-12-2023,Rice,Khammam,Telangana,2533.54,81
11-12-2023,Rice,Hyderabad,Telangana,2749.11,58
11-12-2023,Potato,Karimnagar,Telangana,1928.97,110
11-12-2023,Rice,Adilabad,Telangana,2629.06,169
11-12-2023,Onion,Karimnagar,Telangana,1512.43,153
11-12-2023,Onion,Nizamabad,Telangana,1770.44,144
11-12-2023,Potato,Adilabad,Telangana,1784.96,190
11-12-2023,Onion,Hyderabad,Telangana,1500.53,122
12-01-2022,Rice,Nizamabad,Telangana,2903.38,133
12-01-2022,Potato,Nizamabad,Telangana,2018.72,163
12-01-2022,Onion,Karimnagar,Telangana,1578.27,109
12-01-2022,Potato,Khammam,Telangana,2026.38,49
12-01-2022,Tomato,Adilabad,Telangana,1987.37,78
12-01-2022,Rice,Karimnagar,Telangana,2714.37,95
12-01-2022,Onion,Nizamabad,Telangana,1658.6,125
12-01-2022,Potato,Adilabad,Telangana,2105.37,132
12-01-2022,Rice,Adilabad,Telangana,2897.56,120
12-01-2022,Tomato,Warangal,Telangana,1737.65,111
12-01-2022,Potato,Hyderabad,Telangana,1881.29,157
12-01-2022,Potato,Warangal,Telangana,2076.33,89
12-01-2022,Onion,Khammam,Telangana,1663.02,99
12-01-2022,Potato,Karimnagar,Telangana,2129.08,178
12-01-2022,Tomato,Hyderabad,Telangana,1622.68,122
12-01-2022,Rice,Hyderabad,Telangana,2887.22,84
12-01-2022,Rice,Warangal,Telangana,2682.91,151
12-01-2022,Tomato,Karimnagar,Telangana,1963.28,40
12-01-2022,Tomato,Khammam,Telangana,2189.77,111
12-01-2022,Onion,Warangal,Telangana,1650.3,91
12-01-2022,Rice,Khammam,Telangana,2773.18,77
12-01-2022,Onion,Hyderabad,Telangana,1768.3,57
12-01-2023,Rice,Hyderabad,Telangana,2975.31,131
12-01-2023,Potato,Karimnagar,Telangana,1990.99,45
12-01-2023,Rice,Adilabad,Telangana,2879.29,93
12-01-2023,Potato,Hyderabad,Telangana,2096.52,101
12-01-2023,Rice,Warangal,Telangana,2762.15,152
12-01-2023,Onion,Warangal,Telangana,1638.27,156
12-01-2023,Potato,Warangal,Telangana,1937.86,168
12-01-2023,Onion,Khammam,Telangana,1641.33,95
12-01-2023,Tomato,Karimnagar,Telangana,1616.9,110
12-01-2023,Onion,Nizamabad,Telangana,1818.96,116
12-01-2023,Rice,Khammam,Telangana,2520.77,127
12-01-2023,Onion,Adilabad,Telangana,1587.28,136
12-01-2023,Rice,Karimnagar,Telangana,2693.36,131
12-01-2023,Potato,Adilabad,Telangana,2225.55,151
12-01-2023,Potato,Nizamabad,Telangana,1995.82,114
12-01-2023,Tomato,Hyderabad,Telangana,2004.08,80
12-01-2023,Tomato,Nizamabad,Telangana,1755.16,89
12-01-2023,Tomato,Khammam,Telangana,1652.87,109
12-01-2023,Tomato,Warangal,Telangana,1696.4,194
12-01-2023,Potato,Khammam,Telangana,2058.09,154
12-01-2023,Onion,Karimnagar,Telangana,1789.82,68
12-01-2023,Tomato,Adilabad,Telangana,1926.04,76
12-01-2023,Rice,Nizamabad,Telangana,2677.02,197
12-01-2024,Onion,Hyderabad,Telangana,1637.95,146
12-01-2024,Rice,Hyderabad,Telangana,2806.37,92
12-01-2024,Tomato,Karimnagar,Telangana,1663.33,123
12-01-2024,Tomato,Hyderabad,Telangana,1611.69,189
12-01-2024,Potato,Hyderabad,Telangana,2238.7,58
12-01-2024,Tomato,Warangal,Telangana,2076.82,33
12-01-2024,Onion,Khammam,Telangana,1727.38,20
12-01-2024,Potato,Warangal,Telangana,1720.01,187
12-01-2024,Rice,Karimnagar,Telangana,3068.22,38
12-01-2024,Rice,Khammam,Telangana,3053.72,43
12-01-2024,Rice,Adilabad,Telangana,2693.87,155
12-01-2024,Rice,Warangal,Telangana,2935.79,99
12-01-2024,Tomato,Nizamabad,Telangana,1834.96,90
12-01-2024,Potato,Karimnagar,Telangana,1901.88,121
12-01-2024,Potato,Adilabad,Telangana,1840.78,156
12-01-2024,Onion,Nizamabad,Telangana,1312.33,172
12-01-2024,Onion,Adilabad,Telangana,1590.36,59
12-01-2024,Tomato,Khammam,Telangana,2033.39,52
12-01-2024,Potato,Nizamabad,Telangana,1955.09,143
12-01-2024,Potato,Khammam,Telangana,2001.05,151
12-01-2024,Rice,Nizamabad,Telangana,3158.9,65
12-01-2024,Tomato,Adilabad,Telangana,1979.11,66
12-02-2022,Tomato,Adilabad,Telangana,1733.84,175
12-02-2022,Onion,Adilabad,Telangana,1597.86,108
12-02-2022,Tomato,Hyderabad,Telangana,1898.12,87
12-02-2022,Rice,Adilabad,Telangana,2910.02,101
12-02-2022,Potato,Warangal,Telangana,2162.65,134
12-02-2022,Potato,Nizamabad,Telangana,2215.45,100
12-02-2022,Tomato,Warangal,Telangana,1929.95,118
12-02-2022,Potato,Khammam,Telangana,1955.82,115
12-02-2022,Onion,Khammam,Telangana,1633.81,137
12-02-2022,Potato,Karimnagar,Telangana,2408.41,71
12-02-2022,Onion,Nizamabad,Telangana,1559.81,118
12-02-2022,Potato,Adilabad,Telangana,2199.47,122
12-02-2022,Tomato,Karimnagar,Telangana,1742.26,144
12-02-2022,Rice,Khammam,Telangana,2939.19,161
12-02-2022,Onion,Karimnagar,Telangana,1586.24,132
12-02-2022,Tomato,Khammam,Telangana,1667.55,169
12-02-2022,Potato,Hyderabad,Telangana,2155.52,114
12-02-2022,Rice,Warangal,Telangana,2840.25,118
12-02-2022,Rice,Karimnagar,Telangana,2735.2,169
12-02-2022,Rice,Hyderabad,Telangana,2719.42,136
12-02-2022,Tomato,Nizamabad,Telangana,2173.75,24
12-02-2023,Tomato,Khammam,Telangana,2085.71,104
12-02-2023,Rice,Warangal,Telangana,2997.37,106
12-02-2023,Potato,Hyderabad,Telangana,1772.72,192
12-02-2023,Potato,Khammam,Telangana,1940.58,157
12-02-2023,Rice,Hyderabad,Telangana,2941.54,105
12-02-2023,Potato,Karimnagar,Telangana,2168.55,120
12-02-2023,Rice,Adilabad,Telangana,2788.71,140
12-02-2023,Onion,Nizamabad,Telangana,1812.51,129
12-02-2023,Tomato,Hyderabad,Telangana,1632.06,161
12-02-2023,Onion,Karimnagar,Telangana,1864.64,134
12-02-2023,Tomato,Karimnagar,Telangana,1949.4,128
12-02-2023,Tomato,Adilabad,Telangana,1928.99,114
12-02-2023,Tomato,Nizamabad,Telangana,1767.36,84
12-02-2023,Tomato,Warangal,Telangana,1926.53,143
12-02-2023,Rice,Karimnagar,Telangana,2886.19,81
12-02-2023,Onion,Warangal,Telangana,1821.51,114
12-02-2023,Potato,Nizamabad,Telangana,2242.11,140
12-02-2023,Rice,Khammam,Telangana,2813.84,168
12-02-2023,Onion,Khammam,Telangana,1856.99,198
12-02-2023,Onion,Adilabad,Telangana,1672.84,101
12-02-2023,Potato,Warangal,Telangana,2061.5,116
12-02-2023,Onion,Hyderabad,Telangana,1726.12,105
12-02-2024,Tomato,Warangal,Telangana,2165.74,81
12-02-2024,Tomato,Adilabad,Telangana,1968.14,109
12-02-2024,Onion,Karimnagar,Telangana,1603.04,141
12-02-2024,Onion,Adilabad,Telangana,1578.19,98
12-02-2024,Rice,Adilabad,Telangana,2631.2,127
12-02-2024,Potato,Adilabad,Telangana,1947.42,121
12-02-2024,Tomato,Nizamabad,Telangana,2166.3,48
12-02-2024,Tomato,Khammam,Telangana,1645.07,202
12-02-2024,Potato,Khammam,Telangana,2027.09,131
12-02-2024,Onion,Khammam,Telangana,1635.97,149
12-02-2024,Tomato,Hyderabad,Telangana,1998.58,95
12-02-2024,Rice,Nizamabad,Telangana,2903.91,158
12-02-2024,Potato,Hyderabad,Telangana,1872.66,137
12-02-2024,Onion,Warangal,Telangana,1566.55,67
12-02-2024,Potato,Nizamabad,Telangana,1960.82,167
12-02-2024,Potato,Warangal,Telangana,2107.65,130
12-02-2024,Rice,Karimnagar,Telangana,2938.27,120
12-02-2024,Onion,Nizamabad,Telangana,1467.83,170
12-02-2024,Rice,Warangal,Telangana,2683.54,148
12-02-2024,Onion,Hyderabad,Telangana,1868.33,83
12-02-2024,Tomato,Karimnagar,Telangana,1835.14,156
12-02-2024,Potato,Karimnagar,Telangana,1832.79,134
12-02-2024,Rice,Hyderabad,Telangana,2719.42,173
12-02-2024,Rice,Khammam,Telangana,2775.34,146
12-03-2022,Rice,Hyderabad,Telangana,2408.89,121
12-03-2022,Onion,Warangal,Telangana,2051.27,58
12-03-2022,Potato,Karimnagar,Telangana,2143.08,112
12-03-2022,Potato,Adilabad,Telangana,2209.71,134
12-03-2022,Potato,Warangal,Telangana,2094.19,136
12-03-2022,Potato,Hyderabad,Telangana,2145.54,151
12-03-2022,Onion,Nizamabad,Telangana,1925.81,114
12-03-2022,Onion,Khammam,Telangana,1570.74,176
12-03-2022,Tomato,Nizamabad,Telangana,2013.16,187
12-03-2022,Tomato,Karimnagar,Telangana,2067.32,91
12-03-2022,Tomato,Hyderabad,Telangana,2085.62,129
12-03-2022,Onion,Karimnagar,Telangana,1884.09,133
12-03-2022,Rice,Nizamabad,Telangana,2802.46,128
12-03-2022,Potato,Nizamabad,Telangana,2208.93,20
12-03-2022,Onion,Hyderabad,Telangana,1711.03,75
12-03-2022,Tomato,Adilabad,Telangana,1927.51,119
12-03-2022,Tomato,Khammam,Telangana,2044.2,96
12-03-2022,Tomato,Warangal,Telangana,1875.77,132
12-03-2022,Potato,Khammam,Telangana,1950.45,126
12-03-2022,Onion,Adilabad,Telangana,1861.56,92
12-03-2022,Rice,Warangal,Telangana,2890.75,99
12-03-2023,Rice,Warangal,Telangana,3130.27,150
12-03-2023,Potato,Nizamabad,Telangana,2145.37,116
12-03-2023,Onion,Karimnagar,Telangana,1766.94,112
12-03-2023,Potato,Karimnagar,Telangana,2165.16,91
12-03-2023,Onion,Hyderabad,Telangana,1877.69,55
12-03-2023,Onion,Nizamabad,Telangana,1675.81,158
12-03-2023,Rice,Nizamabad,Telangana,3039.51,125
12-03-2023,Rice,Hyderabad,Telangana,2970.93,143
12-03-2023,Tomato,Nizamabad,Telangana,2065.79,105
12-03-2023,Tomato,Adilabad,Telangana,1795.43,122
12-03-2023,Rice,Khammam,Telangana,2965.69,87
12-03-2023,Potato,Adilabad,Telangana,2014.15,185
12-03-2023,Potato,Warangal,Telangana,2117.1,115
12-03-2023,Tomato,Karimnagar,Telangana,2076.83,132
12-03-2023,Potato,Hyderabad,Telangana,2331.01,22
12-03-2023,Onion,Warangal,Telangana,1443.9,150
12-03-2023,Potato,Khammam,Telangana,2011.21,183
12-03-2023,Tomato,Warangal,Telangana,2072.61,92
12-03-2023,Rice,Adilabad,Telangana,3073.65,78
12-03-2023,Tomato,Hyderabad,Telangana,1866.97,112
12-03-2023,Onion,Adilabad,Telangana,1593.35,196
12-03-2023,Tomato,Khammam,Telangana,1953.73,157
12-03-2024,Rice,Adilabad,Telangana,3078.88,94
12-03-2024,Rice,Warangal,Telangana,3030.17,84
12-03-2024,Rice,Khammam,Telangana,2762.23,160
12-03-2024,Tomato,Nizamabad,Telangana,1863.92,148
12-03-2024,Rice,Hyderabad,Telangana,3003.5,62
12-03-2024,Tomato,Warangal,Telangana,1922.11,127
12-03-2024,Tomato,Karimnagar,Telangana,2030.46,125
12-03-2024,Potato,Warangal,Telangana,2183.67,102
12-03-2024,Onion,Karimnagar,Telangana,1766.47,83
12-03-2024,Potato,Karimnagar,Telangana,2066.08,149
12-03-2024,Potato,Adilabad,Telangana,2081.97,135
12-03-2024,Rice,Nizamabad,Telangana,3022.43,91
12-03-2024,Rice,Karimnagar,Telangana,2855.85,126
12-03-2024,Onion,Khammam,Telangana,1695.89,113
12-03-2024,Onion,Warangal,Telangana,1875.85,66
12-03-2024,Tomato,Hyderabad,Telangana,1904.07,94
12-03-2024,Potato,Khammam,Telangana,2110.23,66
12-03-2024,Potato,Hyderabad,Telangana,1807.37,135
12-03-2024,Onion,Nizamabad,Telangana,1799.06,106
12-03-2024,Tomato,Khammam,Telangana,1986.18,139
12-03-2024,Onion,Hyderabad,Telangana,1847.98,111
12-03-2024,Onion,Adilabad,Telangana,1857.65,125
12-03-2024,Potato,Nizamabad,Telangana,1963.18,220
12-04-2022,Onion,Nizamabad,Telangana,1881.61,155
12-04-2022,Rice,Hyderabad,Telangana,2974.38,132
12-04-2022,Tomato,Nizamabad,Telangana,2091.63,111
12-04-2022,Tomato,Khammam,Telangana,1945.1,115
12-04-2022,Rice,Karimnagar,Telangana,3028.86,94
12-04-2022,Onion,Hyderabad,Telangana,1759.81,164
12-04-2022,Onion,Karimnagar,Telangana,1792.01,133
12-04-2022,Potato,Adilabad,Telangana,2105.07,144
12-04-2022,Rice,Warangal,Telangana,2969.57,150
12-04-2022,Potato,Khammam,Telangana,1759.93,254
12-04-2022,Potato,Karimnagar,Telangana,2119.19,113
12-04-2022,Onion,Warangal,Telangana,1788.66,110
12-04-2022,Potato,Hyderabad,Telangana,2364.24,78
12-04-2022,Rice,Adilabad,Telangana,3032.14,106
12-04-2022,Tomato,Adilabad,Telangana,1963.26,100
12-04-2022,Tomato,Karimnagar,Telangana,2074.33,71
12-04-2022,Tomato,Warangal,Telangana,1984.23,88
12-04-2022,Potato,Nizamabad,Telangana,1991.13,87
12-04-2022,Onion,Khammam,Telangana,1866.69,128
12-04-2022,Tomato,Hyderabad,Telangana,1997.65,163
12-04-2022,Onion,Adilabad,Telangana,1902.74,82
12-04-2022,Rice,Nizamabad,Telangana,3141.86,82
12-04-2023,Tomato,Karimnagar,Telangana,1811.77,140
12-04-2023,Onion,Nizamabad,Telangana,1720.31,120
12-04-2023,Potato,Hyderabad,Telangana,2541.4,75
12-04-2023,Tomato,Nizamabad,Telangana,1958.56,102
12-04-2023,Rice,Hyderabad,Telangana,2836.05,97
12-04-2023,Tomato,Adilabad,Telangana,1818.51,146
12-04-2023,Potato,Karimnagar,Telangana,2214.72,78
12-04-2023,Onion,Warangal,Telangana,1766.38,188
12-04-2023,Onion,Khammam,Telangana,1823.67,91
12-04-2023,Potato,Warangal,Telangana,2198.74,125
12-04-2023,Tomato,Hyderabad,Telangana,1809.33,62
12-04-2023,Rice,Nizamabad,Telangana,3011.72,89
12-04-2023,Tomato,Khammam,Telangana,2155.1,131
12-04-2023,Potato,Nizamabad,Telangana,2097.42,146
12-04-2023,Onion,Adilabad,Telangana,2030.68,105
12-04-2023,Rice,Warangal,Telangana,2963.53,163
12-04-2023,Rice,Karimnagar,Telangana,2831.07,179
12-04-2023,Tomato,Warangal,Telangana,1807.61,142
12-04-2023,Potato,Khammam,Telangana,2158.13,77
12-04-2023,Onion,Karimnagar,Telangana,1466.01,180
12-04-2023,Rice,Adilabad,Telangana,3006.94,102
12-04-2023,Potato,Adilabad,Telangana,2252.71,82
12-04-2023,Rice,Khammam,Telangana,2743.41,117
12-04-2023,Onion,Hyderabad,Telangana,1660.08,157
12-04-2024,Onion,Karimnagar,Telangana,1700.6,163
12-04-2024,Rice,Nizamabad,Telangana,2881.88,137
12-04-2024,Onion,Khammam,Telangana,1664.27,159
12-04-2024,Tomato,Hyderabad,Telangana,1851.84,171
12-04-2024,Rice,Khammam,Telangana,2926.85,137
12-04-2024,Rice,Adilabad,Telangana,2917.07,160
12-04-2024,Potato,Karimnagar,Telangana,2311.2,121
12-04-2024,Onion,Warangal,Telangana,1685.0,133
12-04-2024,Rice,Warangal,Telangana,2939.79,169
12-04-2024,Potato,Adilabad,Telangana,2197.6,147
12-04-2024,Tomato,Adilabad,Telangana,1901.66,147
12-04-2024,Potato,Khammam,Telangana,2284.77,117
12-04-2024,Potato,Warangal,Telangana,2108.23,79
12-04-2024,Onion,Nizamabad,Telangana,1840.81,71
12-04-2024,Tomato,Warangal,Telangana,1782.18,127
12-04-2024,Onion,Hyderabad,Telangana,1701.95,130
12-04-2024,Onion,Adilabad,Telangana,1842.82,114
12-04-2024,Rice,Karimnagar,Telangana,2789.52,151
12-04-2024,Rice,Hyderabad,Telangana,2839.4,206
12-04-2024,Potato,Hyderabad,Telangana,2495.17,67
12-04-2024,Tomato,Nizamabad,Telangana,1825.89,129
12-04-2024,Potato,Nizamabad,Telangana,2280.13,75
12-05-2022,Tomato,Khammam,Telangana,1872.78,72
12-05-2022,Onion,Nizamabad,Telangana,1791.68,139
12-05-2022,Rice,Adilabad,Telangana,2972.64,61
12-05-2022,Rice,Karimnagar,Telangana,2778.62,181
12-05-2022,Onion,Adilabad,Telangana,1842.23,90
12-05-2022,Potato,Warangal,Telangana,1992.12,166
12-05-2022,Tomato,Warangal,Telangana,1872.59,135
12-05-2022,Onion,Hyderabad,Telangana,1979.83,48
12-05-2022,Potato,Khammam,Telangana,2114.95,131
12-05-2022,Rice,Nizamabad,Telangana,2869.0,104
12-05-2022,Potato,Hyderabad,Telangana,2097.85,63
12-05-2022,Rice,Warangal,Telangana,2985.27,79
12-05-2022,Onion,Khammam,Telangana,1543.01,200
12-05-2022,Tomato,Hyderabad,Telangana,1992.05,20
12-05-2022,Potato,Adilabad,Telangana,2408.2,46
12-05-2022,Rice,Hyderabad,Telangana,2763.06,123
12-05-2022,Tomato,Nizamabad,Telangana,1737.55,120
12-05-2022,Tomato,Adilabad,Telangana,1775.0,144
12-05-2022,Potato,Nizamabad,Telangana,2062.51,78
12-05-2022,Rice,Khammam,Telangana,2907.99,148
12-05-2022,Potato,Karimnagar,Telangana,2392.62,107
12-05-2022,Onion,Karimnagar,Telangana,1633.4,108
12-05-2022,Onion,Warangal,Telangana,1498.43,141
12-05-2023,Rice,Warangal,Telangana,3231.93,27
12-05-2023,Rice,Hyderabad,Telangana,2908.7,167
12-05-2023,Potato,Karimnagar,Telangana,2204.13,110
12-05-2023,Rice,Khammam,Telangana,2746.0,113
12-05-2023,Potato,Adilabad,Telangana,2195.42,48
12-05-2023,Tomato,Nizamabad,Telangana,1963.22,56
12-05-2023,Rice,Adilabad,Telangana,2871.86,116
12-05-2023,Rice,Nizamabad,Telangana,3123.07,39
12-05-2023,Potato,Nizamabad,Telangana,2003.0,127
12-05-2023,Onion,Nizamabad,Telangana,1598.72,137
12-05-2023,Tomato,Hyderabad,Telangana,1853.14,110
12-05-2023,Onion,Khammam,Telangana,1558.41,136
12-05-2023,Tomato,Adilabad,Telangana,1683.14,146
12-05-2023,Potato,Khammam,Telangana,2053.93,160
12-05-2023,Potato,Warangal,Telangana,1958.08,147
12-05-2023,Onion,Hyderabad,Telangana,1591.23,183
12-05-2023,Onion,Karimnagar,Telangana,1606.82,153
12-05-2023,Tomato,Khammam,Telangana,1931.91,117
12-05-2023,Rice,Karimnagar,Telangana,2911.62,108
12-05-2023,Onion,Warangal,Telangana,1988.85,57
12-05-2023,Tomato,Warangal,Telangana,1837.77,103
12-05-2023,Tomato,Karimnagar,Telangana,1612.39,141
12-05-2024,Onion,Hyderabad,Telangana,1853.18,89
12-05-2024,Rice,Warangal,Telangana,3082.76,20
12-05-2024,Tomato,Nizamabad,Telangana,1574.69,173
12-05-2024,Potato,Warangal,Telangana,1904.05,172
12-05-2024,Onion,Khammam,Telangana,1559.95,109
12-05-2024,Rice,Nizamabad,Telangana,2855.23,150
12-05-2024,Onion,Adilabad,Telangana,1849.42,67
12-05-2024,Rice,Karimnagar,Telangana,3022.69,93
12-05-2024,Tomato,Hyderabad,Telangana,2119.1,82
12-05-2024,Tomato,Karimnagar,Telangana,1897.68,127
12-05-2024,Rice,Adilabad,Telangana,2981.94,126
12-05-2024,Potato,Adilabad,Telangana,1776.05,116
12-05-2024,Tomato,Adilabad,Telangana,1777.76,145
12-05-2024,Tomato,Khammam,Telangana,2079.92,75
12-05-2024,Rice,Hyderabad,Telangana,3120.04,108
12-05-2024,Onion,Karimnagar,Telangana,1650.84,152
12-05-2024,Potato,Khammam,Telangana,1745.02,177
12-05-2024,Potato,Karimnagar,Telangana,1961.28,120
12-05-2024,Onion,Warangal,Telangana,1888.42,20
12-05-2024,Onion,Nizamabad,Telangana,1790.48,70
12-05-2024,Rice,Khammam,Telangana,2860.96,143
12-05-2024,Potato,Hyderabad,Telangana,2312.65,73
12-05-2024,Potato,Nizamabad,Telangana,2079.21,158
12-06-2022,Potato,Nizamabad,Telangana,1889.96,131
12-06-2022,Potato,Warangal,Telangana,1964.81,173
12-06-2022,Rice,Adilabad,Telangana,2902.67,69
12-06-2022,Onion,Khammam,Telangana,1710.89,115
12-06-2022,Onion,Hyderabad,Telangana,1653.07,162
12-06-2022,Rice,Hyderabad,Telangana,2624.89,208
12-06-2022,Potato,Karimnagar,Telangana,2090.15,108
12-06-2022,Potato,Khammam,Telangana,1961.08,133
12-06-2022,Tomato,Nizamabad,Telangana,1719.35,102
12-06-2022,Rice,Khammam,Telangana,2807.74,143
12-06-2022,Onion,Adilabad,Telangana,1713.17,163
12-06-2022,Tomato,Karimnagar,Telangana,1810.76,109
12-06-2022,Onion,Karimnagar,Telangana,1933.61,106
12-06-2022,Rice,Nizamabad,Telangana,2787.18,180
12-06-2022,Onion,Warangal,Telangana,1590.53,137
12-06-2022,Potato,Hyderabad,Telangana,1808.35,173
12-06-2022,Rice,Karimnagar,Telangana,2751.25,106
12-06-2022,Onion,Nizamabad,Telangana,1527.98,84
12-06-2022,Tomato,Hyderabad,Telangana,1765.42,79
12-06-2022,Potato,Adilabad,Telangana,2193.46,111
12-06-2023,Onion,Khammam,Telangana,1845.17,135
12-06-2023,Potato,Adilabad,Telangana,2039.32,126
12-06-2023,Tomato,Khammam,Telangana,1992.4,124
12-06-2023,Potato,Warangal,Telangana,2031.31,108
12-06-2023,Tomato,Nizamabad,Telangana,1830.61,59
12-06-2023,Rice,Adilabad,Telangana,3231.65,23
12-06-2023,Tomato,Warangal,Telangana,1671.54,168
12-06-2023,Onion,Adilabad,Telangana,1573.13,109
12-06-2023,Rice,Hyderabad,Telangana,2782.18,83
12-06-2023,Tomato,Adilabad,Telangana,1971.15,75
12-06-2023,Onion,Nizamabad,Telangana,1766.35,91
12-06-2023,Tomato,Hyderabad,Telangana,1794.53,97
12-06-2023,Onion,Warangal,Telangana,1555.13,138
12-06-2023,Rice,Khammam,Telangana,2987.3,90
12-06-2023,Rice,Karimnagar,Telangana,2870.19,155
12-06-2023,Potato,Nizamabad,Telangana,1976.12,152
12-06-2023,Rice,Warangal,Telangana,2790.23,135
12-06-2023,Potato,Karimnagar,Telangana,2146.46,96
12-06-2023,Onion,Karimnagar,Telangana,1759.72,153
12-06-2023,Potato,Hyderabad,Telangana,2023.26,66
12-06-2023,Onion,Hyderabad,Telangana,1396.07,97
12-06-2023,Rice,Nizamabad,Telangana,2878.47,164
12-06-2023,Potato,Khammam,Telangana,2181.07,84
12-06-2024,Rice,Nizamabad,Telangana,2874.68,112
12-06-2024,Onion,Warangal,Telangana,1623.88,86
12-06-2024,Onion,Karimnagar,Telangana,1661.16,112
12-06-2024,Tomato,Warangal,Telangana,1771.71,92
12-06-2024,Potato,Nizamabad,Telangana,2190.16,135
12-06-2024,Tomato,Adilabad,Telangana,1732.18,162
12-06-2024,Rice,Hyderabad,Telangana,2853.19,135
12-06-2024,Potato,Khammam,Telangana,1765.46,200
12-06-2024,Rice,Khammam,Telangana,2800.23,96
12-06-2024,Onion,Hyderabad,Telangana,1546.34,176
12-06-2024,Potato,Karimnagar,Telangana,2255.67,108
12-06-2024,Rice,Warangal,Telangana,2922.37,88
12-06-2024,Potato,Adilabad,Telangana,1887.56,63
12-06-2024,Potato,Warangal,Telangana,2173.31,82
12-06-2024,Rice,Karimnagar,Telangana,2912.12,73
12-06-2024,Tomato,Hyderabad,Telangana,1761.62,107
12-06-2024,Onion,Adilabad,Telangana,1585.94,134
12-06-2024,Potato,Hyderabad,Telangana,1960.03,87
12-06-2024,Onion,Khammam,Telangana,1351.02,169
12-06-2024,Onion,Nizamabad,Telangana,1543.22,164
12-06-2024,Tomato,Nizamabad,Telangana,2246.48,37
12-06-2024,Tomato,Khammam,Telangana,1808.18,92
12-06-2024,Rice,Adilabad,Telangana,2932.12,98
12-07-2022,Tomato,Khammam,Telangana,1576.7,146
12-07-2022,Tomato,Hyderabad,Telangana,1807.49,89
12-07-2022,Onion,Nizamabad,Telangana,1320.27,71
12-07-2022,Potato,Hyderabad,Telangana,1917.43,195
12-07-2022,Onion,Adilabad,Telangana,1607.51,126
12-07-2022,Potato,Warangal,Telangana,1781.05,87
12-07-2022,Rice,Khammam,Telangana,2602.95,86
12-07-2022,Tomato,Warangal,Telangana,2089.45,31
12-07-2022,Potato,Karimnagar,Telangana,1925.83,106
12-07-2022,Tomato,Adilabad,Telangana,1829.43,91
12-07-2022,Tomato,Karimnagar,Telangana,1459.59,129
12-07-2022,Tomato,Nizamabad,Telangana,1810.37,114
12-07-2022,Rice,Karimnagar,Telangana,2878.43,72
12-07-2022,Onion,Khammam,Telangana,1373.51,125
12-07-2022,Rice,Hyderabad,Telangana,2629.85,139
12-07-2022,Potato,Adilabad,Telangana,2074.9,95
12-07-2022,Potato,Nizamabad,Telangana,1945.57,65
12-07-2022,Potato,Khammam,Telangana,1860.58,136
12-07-2022,Rice,Adilabad,Telangana,2752.17,162
12-07-2022,Onion,Warangal,Telangana,1235.12,152
12-07-2022,Rice,Warangal,Telangana,2728.36,85
12-07-2023,Rice,Khammam,Telangana,2499.45,150
12-07-2023,Rice,Warangal,Telangana,2829.99,50
12-07-2023,Onion,Karimnagar,Telangana,1725.5,134
12-07-2023,Onion,Nizamabad,Telangana,1455.67,174
12-07-2023,Potato,Khammam,Telangana,2134.1,152
12-07-2023,Potato,Karimnagar,Telangana,2058.84,186
12-07-2023,Tomato,Khammam,Telangana,1751.73,154
12-07-2023,Tomato,Nizamabad,Telangana,1632.99,125
12-07-2023,Tomato,Karimnagar,Telangana,1716.89,123
12-07-2023,Onion,Warangal,Telangana,1287.04,107
12-07-2023,Rice,Adilabad,Telangana,2611.41,52
12-07-2023,Rice,Hyderabad,Telangana,2808.57,112
12-07-2023,Potato,Adilabad,Telangana,1876.21,127
12-07-2023,Onion,Hyderabad,Telangana,1648.59,75
12-07-2023,Potato,Nizamabad,Telangana,1846.24,110
12-07-2023,Tomato,Warangal,Telangana,1895.27,147
12-07-2023,Tomato,Adilabad,Telangana,1766.25,108
12-07-2023,Potato,Hyderabad,Telangana,2043.48,111
12-07-2023,Rice,Karimnagar,Telangana,2698.78,71
12-07-2023,Onion,Khammam,Telangana,1508.06,104
12-07-2023,Potato,Warangal,Telangana,1880.54,137
12-07-2023,Tomato,Hyderabad,Telangana,1759.23,126
12-08-2022,Rice,Karimnagar,Telangana,2705.26,107
12-08-2022,Tomato,Nizamabad,Telangana,1278.27,237
12-08-2022,Onion,Khammam,Telangana,1427.79,156
12-08-2022,Rice,Warangal,Telangana,3034.93,90
12-08-2022,Tomato,Warangal,Telangana,1543.95,84
12-08-2022,Onion,Nizamabad,Telangana,1260.19,174
12-08-2022,Tomato,Karimnagar,Telangana,1913.35,148
12-08-2022,Onion,Karimnagar,Telangana,1419.21,146
12-08-2022,Rice,Adilabad,Telangana,2766.63,58
12-08-2022,Onion,Hyderabad,Telangana,1404.02,128
12-08-2022,Rice,Hyderabad,Telangana,2711.7,143
12-08-2022,Onion,Warangal,Telangana,1389.44,167
12-08-2022,Potato,Adilabad,Telangana,1743.75,105
12-08-2022,Tomato,Khammam,Telangana,2026.93,45
12-08-2022,Potato,Khammam,Telangana,1935.25,93
12-08-2022,Tomato,Adilabad,Telangana,1631.27,87
12-08-2022,Potato,Nizamabad,Telangana,2174.7,111
12-08-2022,Rice,Khammam,Telangana,2625.67,129
12-08-2022,Onion,Adilabad,Telangana,1640.48,68
12-08-2022,Potato,Karimnagar,Telangana,2175.43,141
12-08-2022,Tomato,Hyderabad,Telangana,1490.8,134
12-08-2022,Potato,Warangal,Telangana,1804.89,84
12-08-2023,Potato,Nizamabad,Telangana,1613.17,131
12-08-2023,Tomato,Nizamabad,Telangana,1560.64,95
12-08-2023,Rice,Hyderabad,Telangana,2637.75,105
12-08-2023,Rice,Khammam,Telangana,2747.02,29
12-08-2023,Onion,Karimnagar,Telangana,1458.1,123
12-08-2023,Tomato,Warangal,Telangana,1430.03,170
12-08-2023,Onion,Warangal,Telangana,1400.7,103
12-08-2023,Onion,Nizamabad,Telangana,1217.49,146
12-08-2023,Tomato,Adilabad,Telangana,1705.54,116
12-08-2023,Rice,Adilabad,Telangana,2820.53,117
12-08-2023,Rice,Warangal,Telangana,2401.51,107
12-08-2023,Potato,Adilabad,Telangana,2044.33,105
12-08-2023,Potato,Khammam,Telangana,1534.66,188
12-08-2023,Tomato,Hyderabad,Telangana,1755.79,52
12-08-2023,Potato,Karimnagar,Telangana,1707.18,154
12-08-2023,Potato,Hyderabad,Telangana,1943.37,80
12-08-2023,Tomato,Karimnagar,Telangana,1777.88,119
12-08-2023,Potato,Warangal,Telangana,1781.34,140
12-09-2022,Tomato,Hyderabad,Telangana,1469.73,121
12-09-2022,Potato,Hyderabad,Telangana,1993.51,82
12-09-2022,Tomato,Karimnagar,Telangana,1617.27,111
12-09-2022,Onion,Khammam,Telangana,1344.37,109
12-09-2022,Rice,Nizamabad,Telangana,2367.06,169
12-09-2022,Tomato,Adilabad,Telangana,1704.95,103
12-09-2022,Onion,Warangal,Telangana,1296.9,98
12-09-2022,Potato,Nizamabad,Telangana,1957.74,47
12-09-2022,Onion,Adilabad,Telangana,1532.66,100
12-09-2022,Tomato,Khammam,Telangana,1526.13,90
12-09-2022,Onion,Karimnagar,Telangana,1170.42,171
12-09-2022,Onion,Hyderabad,Telangana,1275.73,100
12-09-2022,Rice,Karimnagar,Telangana,2512.1,135
12-09-2022,Rice,Warangal,Telangana,2306.94,122
12-09-2022,Tomato,Nizamabad,Telangana,1331.28,186
12-09-2022,Potato,Karimnagar,Telangana,1679.49,131
12-09-2022,Rice,Adilabad,Telangana,2343.04,194
12-09-2022,Rice,Khammam,Telangana,2307.03,140
12-09-2022,Potato,Khammam,Telangana,1621.43,133
12-09-2022,Rice,Hyderabad,Telangana,2542.12,159
12-09-2022,Onion,Nizamabad,Telangana,1442.01,137
12-09-2022,Potato,Adilabad,Telangana,1752.95,117
12-09-2023,Potato,Khammam,Telangana,1792.08,117
12-09-2023,Onion,Khammam,Telangana,1188.17,233
12-09-2023,Tomato,Warangal,Telangana,1624.65,81
12-09-2023,Rice,Hyderabad,Telangana,2624.13,175
12-09-2023,Rice,Adilabad,Telangana,2452.04,100
12-09-2023,Potato,Hyderabad,Telangana,1470.69,226
12-09-2023,Rice,Warangal,Telangana,2445.3,143
12-09-2023,Rice,Karimnagar,Telangana,2600.87,120
12-09-2023,Onion,Hyderabad,Telangana,1104.99,189
12-09-2023,Onion,Karimnagar,Telangana,1301.42,85
12-09-2023,Tomato,Khammam,Telangana,1634.72,119
12-09-2023,Potato,Adilabad,Telangana,1538.03,151
12-09-2023,Potato,Warangal,Telangana,1888.96,60
12-09-2023,Tomato,Hyderabad,Telangana,1722.86,142
12-09-2023,Potato,Karimnagar,Telangana,1810.63,107
12-09-2023,Onion,Warangal,Telangana,1441.12,114
12-09-2023,Potato,Nizamabad,Telangana,1945.39,98
12-09-2023,Tomato,Adilabad,Telangana,1794.24,59
12-09-2023,Tomato,Nizamabad,Telangana,1598.47,104
12-09-2023,Tomato,Karimnagar,Telangana,1385.01,174
12-09-2023,Rice,Nizamabad,Telangana,2675.87,103
12-09-2023,Onion,Nizamabad,Telangana,1239.92,101
12-09-2023,Onion,Adilabad,Telangana,1421.53,100
12-10-2022,Rice,Hyderabad,Telangana,2464.39,124
12-10-2022,Potato,Khammam,Telangana,1603.13,125
12-10-2022,Potato,Nizamabad,Telangana,1957.45,20
12-10-2022,Tomato,Adilabad,Telangana,1345.42,206
12-10-2022,Potato,Karimnagar,Telangana,1777.68,178
12-10-2022,Rice,Adilabad,Telangana,2348.76,155
12-10-2022,Potato,Warangal,Telangana,1799.62,86
12-10-2022,Rice,Karimnagar,Telangana,2549.19,141
12-10-2022,Onion,Hyderabad,Telangana,1617.55,68
12-10-2022,Tomato,Nizamabad,Telangana,1466.04,133
12-10-2022,Tomato,Karimnagar,Telangana,1399.67,159
12-10-2022,Tomato,Warangal,Telangana,1801.4,75
12-10-2022,Onion,Karimnagar,Telangana,1416.54,132
12-10-2022,Tomato,Hyderabad,Telangana,1670.92,45
12-10-2022,Onion,Khammam,Telangana,1410.88,125
12-10-2022,Onion,Adilabad,Telangana,1586.78,79
12-10-2022,Potato,Hyderabad,Telangana,1633.8,121
12-10-2022,Tomato,Khammam,Telangana,1649.09,147
12-10-2022,Onion,Nizamabad,Telangana,1514.54,95
12-10-2022,Potato,Adilabad,Telangana,1875.56,175
12-10-2022,Rice,Warangal,Telangana,2606.17,76
12-10-2022,Onion,Warangal,Telangana,1775.99,96
12-10-2022,Rice,Nizamabad,Telangana,2638.88,59
12-10-2022,Rice,Khammam,Telangana,2555.93,162
12-10-2023,Potato,Karimnagar,Telangana,1950.89,84
12-10-2023,Onion,Khammam,Telangana,1238.6,142
12-10-2023,Potato,Nizamabad,Telangana,1760.77,106
12-10-2023,Tomato,Khammam,Telangana,1834.81,48
12-10-2023,Onion,Nizamabad,Telangana,1399.39,128
12-10-2023,Rice,Khammam,Telangana,2466.88,134
12-10-2023,Rice,Hyderabad,Telangana,2685.64,82
12-10-2023,Tomato,Karimnagar,Telangana,1583.56,146
12-10-2023,Onion,Hyderabad,Telangana,1326.57,148
12-10-2023,Onion,Adilabad,Telangana,1748.14,56
12-10-2023,Potato,Adilabad,Telangana,2026.9,81
12-10-2023,Onion,Karimnagar,Telangana,1148.94,166
12-10-2023,Tomato,Adilabad,Telangana,1530.6,163
12-10-2023,Tomato,Hyderabad,Telangana,1581.71,130
12-10-2023,Potato,Hyderabad,Telangana,1951.41,83
12-10-2023,Potato,Khammam,Telangana,1756.36,113
12-10-2023,Rice,Adilabad,Telangana,2686.67,130
12-10-2023,Tomato,Nizamabad,Telangana,1556.24,74
12-10-2023,Tomato,Warangal,Telangana,1644.69,114
12-10-2023,Potato,Warangal,Telangana,1577.47,168
12-10-2023,Rice,Nizamabad,Telangana,2831.79,75
12-11-2022,Rice,Hyderabad,Telangana,2668.8,153
12-11-2022,Onion,Khammam,Telangana,1335.03,118
12-11-2022,Rice,Adilabad,Telangana,2485.8,138
12-11-2022,Onion,Warangal,Telangana,1558.67,55
12-11-2022,Onion,Karimnagar,Telangana,1286.7,81
12-11-2022,Potato,Hyderabad,Telangana,1827.55,91
12-11-2022,Tomato,Hyderabad,Telangana,1927.88,52
12-11-2022,Rice,Nizamabad,Telangana,2530.72,76
12-11-2022,Potato,Khammam,Telangana,2157.51,53
12-11-2022,Onion,Hyderabad,Telangana,1472.06,109
12-11-2022,Tomato,Nizamabad,Telangana,1689.36,54
12-11-2022,Tomato,Karimnagar,Telangana,1897.01,57
12-11-2022,Potato,Nizamabad,Telangana,1835.21,158
12-11-2022,Tomato,Khammam,Telangana,1713.69,112
12-11-2022,Potato,Karimnagar,Telangana,2143.87,43
12-11-2022,Onion,Adilabad,Telangana,1500.63,89
12-11-2022,Tomato,Adilabad,Telangana,1436.66,200
12-11-2022,Rice,Khammam,Telangana,2870.42,107
12-11-2022,Rice,Karimnagar,Telangana,2676.24,132
12-11-2022,Potato,Adilabad,Telangana,1559.04,206
12-11-2022,Rice,Warangal,Telangana,2568.73,146
12-11-2022,Tomato,Warangal,Telangana,1441.98,142
12-11-2023,Rice,Karimnagar,Telangana,2695.75,135
12-11-2023,Potato,Adilabad,Telangana,1801.58,87
12-11-2023,Potato,Nizamabad,Telangana,1939.47,59
12-11-2023,Rice,Adilabad,Telangana,2389.4,196
12-11-2023,Tomato,Adilabad,Telangana,1514.64,123
12-11-2023,Onion,Khammam,Telangana,1312.56,154
12-11-2023,Tomato,Khammam,Telangana,1727.49,103
12-11-2023,Rice,Hyderabad,Telangana,2641.6,87
12-11-2023,Onion,Hyderabad,Telangana,1526.96,103
12-11-2023,Potato,Karimnagar,Telangana,1833.16,138
12-11-2023,Onion,Adilabad,Telangana,1538.57,44
12-11-2023,Onion,Nizamabad,Telangana,1507.32,186
12-11-2023,Onion,Karimnagar,Telangana,1314.47,149
12-11-2023,Tomato,Karimnagar,Telangana,1510.76,107
12-11-2023,Rice,Nizamabad,Telangana,2609.6,178
12-11-2023,Potato,Warangal,Telangana,1966.57,86
12-11-2023,Tomato,Warangal,Telangana,1713.05,95
12-11-2023,Potato,Hyderabad,Telangana,1737.59,148
12-11-2023,Rice,Warangal,Telangana,2609.31,140
12-11-2023,Tomato,Hyderabad,Telangana,1679.85,119
12-11-2023,Onion,Warangal,Telangana,1505.55,93
12-11-2023,Potato,Khammam,Telangana,1965.75,95
12-12-2022,Rice,Nizamabad,Telangana,2856.36,138
12-12-2022,Onion,Adilabad,Telangana,1524.31,152
12-12-2022,Potato,Khammam,Telangana,1772.16,147
12-12-2022,Rice,Warangal,Telangana,2465.0,158
12-12-2022,Rice,Hyderabad,Telangana,2632.04,157
12-12-2022,Rice,Karimnagar,Telangana,2539.19,129
12-12-2022,Potato,Nizamabad,Telangana,1751.8,139
12-12-2022,Onion,Nizamabad,Telangana,1535.34,134
12-12-2022,Onion,Khammam,Telangana,1450.58,88
12-12-2022,Rice,Khammam,Telangana,2988.55,96
12-12-2022,Tomato,Warangal,Telangana,1611.73,119
12-12-2022,Rice,Adilabad,Telangana,2657.12,134
12-12-2022,Tomato,Khammam,Telangana,1807.69,126
12-12-2022,Potato,Adilabad,Telangana,1984.91,102
12-12-2022,Onion,Karimnagar,Telangana,1490.09,87
12-12-2022,Tomato,Nizamabad,Telangana,1645.72,149
12-12-2022,Potato,Hyderabad,Telangana,1771.16,132
12-12-2022,Potato,Karimnagar,Telangana,2000.88,152
12-12-2022,Tomato,Karimnagar,Telangana,1600.86,140
12-12-2022,Tomato,Hyderabad,Telangana,1861.61,105
12-12-2022,Tomato,Adilabad,Telangana,1618.28,139
12-12-2023,Rice,Khammam,Telangana,2890.93,132
12-12-2023,Potato,Nizamabad,Telangana,1916.34,120
12-12-2023,Potato,Karimnagar,Telangana,1801.73,165
12-12-2023,Onion,Khammam,Telangana,1624.28,69
12-12-2023,Tomato,Karimnagar,Telangana,1610.28,117
12-12-2023,Rice,Karimnagar,Telangana,2595.32,139
12-12-2023,Onion,Warangal,Telangana,1408.74,107
12-12-2023,Potato,Adilabad,Telangana,1946.39,91
12-12-2023,Potato,Khammam,Telangana,2048.09,103
12-12-2023,Rice,Adilabad,Telangana,2538.79,133
12-12-2023,Tomato,Nizamabad,Telangana,1754.56,199
12-12-2023,Tomato,Hyderabad,Telangana,1779.2,141
12-12-2023,Tomato,Khammam,Telangana,1839.63,88
12-12-2023,Tomato,Adilabad,Telangana,1656.2,162
12-12-2023,Potato,Warangal,Telangana,2024.32,23
12-12-2023,Tomato,Warangal,Telangana,1869.39,77
12-12-2023,Rice,Warangal,Telangana,2522.33,140
12-12-2023,Onion,Hyderabad,Telangana,1427.78,142
12-12-2023,Onion,Adilabad,Telangana,1530.95,143
12-12-2023,Rice,Hyderabad,Telangana,2770.91,133
12-12-2023,Rice,Nizamabad,Telangana,2905.61,129
12-12-2023,Potato,Hyderabad,Telangana,1678.77,98
12-12-2023,Onion,Karimnagar,Telangana,1598.97,114
12-12-2023,Onion,Nizamabad,Telangana,1580.76,91
13-01-2022,Tomato,Warangal,Telangana,1842.05,126
13-01-2022,Rice,Hyderabad,Telangana,2947.56,94
13-01-2022,Potato,Khammam,Telangana,2104.65,99
13-01-2022,Onion,Adilabad,Telangana,1763.81,84
13-01-2022,Potato,Nizamabad,Telangana,2021.37,102
13-01-2022,Tomato,Hyderabad,Telangana,1858.33,98
13-01-2022,Rice,Khammam,Telangana,2587.53,223
13-01-2022,Rice,Karimnagar,Telangana,2861.8,127
13-01-2022,Potato,Hyderabad,Telangana,2019.44,94
13-01-2022,Rice,Warangal,Telangana,2897.08,143
13-01-2022,Onion,Hyderabad,Telangana,1657.62,75
13-01-2022,Onion,Warangal,Telangana,1840.51,26
13-01-2022,Tomato,Nizamabad,Telangana,1895.73,112
13-01-2022,Rice,Adilabad,Telangana,3038.5,106
13-01-2022,Potato,Adilabad,Telangana,1958.37,153
13-01-2022,Tomato,Khammam,Telangana,1668.53,119
13-01-2022,Onion,Karimnagar,Telangana,1877.37,102
13-01-2022,Rice,Nizamabad,Telangana,2917.39,128
13-01-2022,Potato,Warangal,Telangana,1999.46,133
13-01-2022,Onion,Nizamabad,Telangana,1680.32,146
13-01-2022,Tomato,Adilabad,Telangana,1882.38,121
13-01-2022,Onion,Khammam,Telangana,1562.66,156
13-01-2022,Potato,Karimnagar,Telangana,2099.1,78
13-01-2022,Tomato,Karimnagar,Telangana,1537.27,195
13-01-2023,Potato,Khammam,Telangana,2005.01,129
13-01-2023,Rice,Hyderabad,Telangana,2645.48,166
13-01-2023,Tomato,Warangal,Telangana,1935.18,85
13-01-2023,Rice,Warangal,Telangana,2744.14,110
13-01-2023,Onion,Adilabad,Telangana,1614.17,110
13-01-2023,Tomato,Nizamabad,Telangana,1798.84,148
13-01-2023,Rice,Nizamabad,Telangana,2621.09,194
13-01-2023,Rice,Khammam,Telangana,2579.14,150
13-01-2023,Potato,Warangal,Telangana,2010.22,108
13-01-2023,Onion,Khammam,Telangana,1348.54,147
13-01-2023,Rice,Karimnagar,Telangana,2790.43,163
13-01-2023,Tomato,Karimnagar,Telangana,1854.93,136
13-01-2023,Tomato,Khammam,Telangana,1944.95,174
13-01-2023,Potato,Hyderabad,Telangana,1988.46,90
13-01-2023,Potato,Adilabad,Telangana,2154.73,155
13-01-2023,Onion,Warangal,Telangana,1525.0,150
13-01-2023,Rice,Adilabad,Telangana,2645.29,135
13-01-2023,Onion,Nizamabad,Telangana,1599.91,155
13-01-2023,Tomato,Hyderabad,Telangana,2192.91,82
13-01-2023,Onion,Hyderabad,Telangana,1628.05,137
13-01-2023,Tomato,Adilabad,Telangana,1964.63,101
13-01-2024,Rice,Warangal,Telangana,2566.14,137
13-01-2024,Tomato,Adilabad,Telangana,1765.62,142
13-01-2024,Tomato,Karimnagar,Telangana,2003.98,158
13-01-2024,Potato,Karimnagar,Telangana,2095.22,20
13-01-2024,Rice,Adilabad,Telangana,2867.39,122
13-01-2024,Potato,Hyderabad,Telangana,1936.94,125
13-01-2024,Tomato,Nizamabad,Telangana,1689.24,127
13-01-2024,Onion,Adilabad,Telangana,1505.72,164
13-01-2024,Rice,Nizamabad,Telangana,3178.5,80
13-01-2024,Rice,Hyderabad,Telangana,2997.98,120
13-01-2024,Tomato,Hyderabad,Telangana,1896.93,128
13-01-2024,Rice,Karimnagar,Telangana,2730.52,146
13-01-2024,Tomato,Khammam,Telangana,1772.28,154
13-01-2024,Tomato,Warangal,Telangana,2107.43,57
13-01-2024,Rice,Khammam,Telangana,2886.99,100
13-01-2024,Potato,Warangal,Telangana,2032.29,103
13-01-2024,Onion,Khammam,Telangana,1586.69,154
13-01-2024,Potato,Khammam,Telangana,1773.9,112
13-01-2024,Potato,Nizamabad,Telangana,2000.43,64
13-01-2024,Onion,Hyderabad,Telangana,1685.84,114
13-01-2024,Potato,Adilabad,Telangana,1957.55,74
13-01-2024,Onion,Nizamabad,Telangana,1592.36,164
13-01-2024,Onion,Warangal,Telangana,1587.36,96
13-01-2024,Onion,Karimnagar,Telangana,1696.23,100
13-02-2022,Tomato,Karimnagar,Telangana,1728.66,219
13-02-2022,Tomato,Khammam,Telangana,1934.56,163
13-02-2022,Tomato,Hyderabad,Telangana,1862.34,156
13-02-2022,Potato,Karimnagar,Telangana,2258.2,94
13-02-2022,Onion,Karimnagar,Telangana,1878.14,120
13-02-2022,Rice,Hyderabad,Telangana,2930.5,137
13-02-2022,Onion,Khammam,Telangana,1627.77,147
13-02-2022,Potato,Nizamabad,Telangana,2200.47,87
13-02-2022,Rice,Adilabad,Telangana,2784.96,139
13-02-2022,Rice,Nizamabad,Telangana,2671.97,169
13-02-2022,Rice,Warangal,Telangana,3070.86,58
13-02-2022,Potato,Warangal,Telangana,2018.52,189
13-02-2022,Tomato,Warangal,Telangana,2011.78,87
13-02-2022,Onion,Warangal,Telangana,1876.07,21
13-02-2022,Rice,Khammam,Telangana,2857.69,110
13-02-2022,Tomato,Nizamabad,Telangana,1936.29,125
13-02-2022,Onion,Nizamabad,Telangana,1688.88,92
13-02-2022,Potato,Khammam,Telangana,2015.52,77
13-02-2022,Onion,Hyderabad,Telangana,1661.52,86
13-02-2022,Onion,Adilabad,Telangana,1579.11,107
13-02-2022,Potato,Hyderabad,Telangana,2175.55,112
13-02-2022,Rice,Karimnagar,Telangana,2923.37,98
13-02-2023,Onion,Hyderabad,Telangana,1831.26,106
13-02-2023,Tomato,Hyderabad,Telangana,1981.64,130
13-02-2023,Tomato,Adilabad,Telangana,1887.11,124
13-02-2023,Tomato,Nizamabad,Telangana,1751.29,120
13-02-2023,Potato,Hyderabad,Telangana,2108.09,136
13-02-2023,Rice,Khammam,Telangana,2904.75,126
13-02-2023,Rice,Warangal,Telangana,2774.29,114
13-02-2023,Onion,Karimnagar,Telangana,1708.42,84
13-02-2023,Rice,Nizamabad,Telangana,2776.95,93
13-02-2023,Onion,Adilabad,Telangana,1710.37,120
13-02-2023,Potato,Nizamabad,Telangana,2021.26,133
13-02-2023,Onion,Warangal,Telangana,1732.13,38
13-02-2023,Onion,Nizamabad,Telangana,1845.51,74
13-02-2023,Tomato,Khammam,Telangana,1866.06,90
13-02-2023,Rice,Adilabad,Telangana,2916.59,120
13-02-2023,Tomato,Karimnagar,Telangana,1640.94,130
13-02-2023,Potato,Khammam,Telangana,1926.71,135
13-02-2023,Tomato,Warangal,Telangana,1964.73,90
13-02-2023,Potato,Karimnagar,Telangana,2150.33,183
13-02-2023,Potato,Warangal,Telangana,1877.89,143
13-02-2023,Onion,Khammam,Telangana,1628.28,182
13-02-2023,Rice,Karimnagar,Telangana,2924.53,117
13-02-2024,Tomato,Warangal,Telangana,2109.76,108
13-02-2024,Tomato,Hyderabad,Telangana,2011.1,80
13-02-2024,Potato,Karimnagar,Telangana,2247.13,72
13-02-2024,Rice,Nizamabad,Telangana,2660.89,182
13-02-2024,Onion,Khammam,Telangana,1660.93,171
13-02-2024,Rice,Warangal,Telangana,3029.56,135
13-02-2024,Onion,Warangal,Telangana,2074.05,74
13-02-2024,Rice,Karimnagar,Telangana,2908.76,116
13-02-2024,Potato,Adilabad,Telangana,2212.74,75
13-02-2024,Tomato,Khammam,Telangana,1870.2,116
13-02-2024,Rice,Khammam,Telangana,3076.06,90
13-02-2024,Potato,Warangal,Telangana,2078.68,113
13-02-2024,Potato,Hyderabad,Telangana,2215.07,122
13-02-2024,Tomato,Adilabad,Telangana,1975.31,134
13-02-2024,Onion,Adilabad,Telangana,1730.72,107
13-02-2024,Rice,Hyderabad,Telangana,2757.84,159
13-02-2024,Onion,Hyderabad,Telangana,1673.48,128
13-02-2024,Potato,Nizamabad,Telangana,2169.73,70
13-02-2024,Rice,Adilabad,Telangana,2880.58,175
13-02-2024,Potato,Khammam,Telangana,2283.9,182
13-02-2024,Tomato,Nizamabad,Telangana,2150.66,46
13-02-2024,Onion,Nizamabad,Telangana,1216.11,194
13-03-2022,Tomato,Nizamabad,Telangana,1828.26,168
13-03-2022,Potato,Warangal,Telangana,2020.61,94
13-03-2022,Rice,Adilabad,Telangana,3080.8,85
13-03-2022,Potato,Hyderabad,Telangana,1982.62,184
13-03-2022,Rice,Khammam,Telangana,2952.43,86
13-03-2022,Potato,Khammam,Telangana,1912.53,117
13-03-2022,Tomato,Khammam,Telangana,1770.81,154
13-03-2022,Tomato,Adilabad,Telangana,1883.03,129
13-03-2022,Rice,Nizamabad,Telangana,2745.48,107
13-03-2022,Tomato,Warangal,Telangana,1886.79,130
13-03-2022,Potato,Nizamabad,Telangana,2181.38,190
13-03-2022,Onion,Karimnagar,Telangana,1771.34,121
13-03-2022,Onion,Hyderabad,Telangana,1652.31,147
13-03-2022,Rice,Warangal,Telangana,3302.97,94
13-03-2022,Onion,Khammam,Telangana,1605.46,191
13-03-2022,Tomato,Karimnagar,Telangana,1944.14,132
13-03-2022,Rice,Hyderabad,Telangana,3048.23,90
13-03-2022,Onion,Adilabad,Telangana,1707.95,158
13-03-2022,Onion,Nizamabad,Telangana,1899.84,102
13-03-2022,Potato,Karimnagar,Telangana,2241.74,70
13-03-2022,Tomato,Hyderabad,Telangana,2100.13,55
13-03-2022,Potato,Adilabad,Telangana,2038.55,152
13-03-2023,Tomato,Hyderabad,Telangana,1972.26,64
13-03-2023,Rice,Khammam,Telangana,2574.93,189
13-03-2023,Potato,Khammam,Telangana,2263.72,107
13-03-2023,Rice,Nizamabad,Telangana,3016.2,140
13-03-2023,Tomato,Warangal,Telangana,1863.31,130
13-03-2023,Potato,Hyderabad,Telangana,2218.61,114
13-03-2023,Onion,Khammam,Telangana,1695.17,111
13-03-2023,Rice,Warangal,Telangana,3092.76,20
13-03-2023,Tomato,Karimnagar,Telangana,1911.28,171
13-03-2023,Onion,Adilabad,Telangana,1955.5,98
13-03-2023,Rice,Karimnagar,Telangana,2905.7,97
13-03-2023,Potato,Warangal,Telangana,1810.06,218
13-03-2023,Onion,Nizamabad,Telangana,1629.66,156
13-03-2023,Potato,Nizamabad,Telangana,2168.52,123
13-03-2023,Tomato,Nizamabad,Telangana,1826.14,116
13-03-2023,Tomato,Adilabad,Telangana,2140.87,107
13-03-2023,Onion,Hyderabad,Telangana,2108.58,66
13-03-2023,Onion,Karimnagar,Telangana,1849.93,124
13-03-2023,Tomato,Khammam,Telangana,1902.58,95
13-03-2023,Potato,Karimnagar,Telangana,2118.19,148
13-03-2023,Potato,Adilabad,Telangana,2383.35,127
13-03-2023,Rice,Hyderabad,Telangana,2886.3,174
13-03-2024,Tomato,Karimnagar,Telangana,1858.39,215
13-03-2024,Rice,Hyderabad,Telangana,2790.4,153
13-03-2024,Tomato,Adilabad,Telangana,1712.67,127
13-03-2024,Potato,Nizamabad,Telangana,2193.26,104
13-03-2024,Tomato,Hyderabad,Telangana,1874.72,100
13-03-2024,Rice,Nizamabad,Telangana,3096.31,145
13-03-2024,Rice,Warangal,Telangana,3013.52,134
13-03-2024,Rice,Adilabad,Telangana,3005.15,102
13-03-2024,Tomato,Khammam,Telangana,1675.43,136
13-03-2024,Onion,Warangal,Telangana,1607.4,174
13-03-2024,Potato,Warangal,Telangana,2095.98,139
13-03-2024,Potato,Hyderabad,Telangana,2059.58,120
13-03-2024,Potato,Karimnagar,Telangana,2068.63,147
13-03-2024,Onion,Nizamabad,Telangana,1681.02,93
13-03-2024,Potato,Adilabad,Telangana,2362.33,88
13-03-2024,Onion,Hyderabad,Telangana,1943.58,29
13-03-2024,Onion,Khammam,Telangana,1763.09,114
13-03-2024,Tomato,Warangal,Telangana,1611.25,137
13-03-2024,Onion,Adilabad,Telangana,1823.51,94
13-03-2024,Tomato,Nizamabad,Telangana,1986.35,148
13-03-2024,Rice,Karimnagar,Telangana,2891.09,73
13-04-2022,Tomato,Karimnagar,Telangana,2090.22,84
13-04-2022,Rice,Warangal,Telangana,2738.32,168
13-04-2022,Tomato,Warangal,Telangana,2134.18,44
13-04-2022,Tomato,Hyderabad,Telangana,1956.05,64
13-04-2022,Potato,Hyderabad,Telangana,2083.79,88
13-04-2022,Rice,Khammam,Telangana,3061.45,108
13-04-2022,Potato,Warangal,Telangana,2127.23,193
13-04-2022,Tomato,Adilabad,Telangana,1842.01,75
13-04-2022,Rice,Nizamabad,Telangana,3111.76,45
13-04-2022,Onion,Khammam,Telangana,1631.66,100
13-04-2022,Potato,Adilabad,Telangana,2104.57,188
13-04-2022,Potato,Nizamabad,Telangana,1999.34,150
13-04-2022,Onion,Karimnagar,Telangana,2180.56,34
13-04-2022,Rice,Karimnagar,Telangana,2934.04,102
13-04-2022,Rice,Hyderabad,Telangana,2696.44,152
13-04-2022,Rice,Adilabad,Telangana,3050.89,92
13-04-2022,Onion,Warangal,Telangana,1623.97,81
13-04-2022,Potato,Karimnagar,Telangana,2436.95,74
13-04-2022,Onion,Hyderabad,Telangana,1645.16,163
13-04-2022,Tomato,Khammam,Telangana,2218.46,89
13-04-2022,Onion,Adilabad,Telangana,1798.08,60
13-04-2022,Tomato,Nizamabad,Telangana,1951.06,136
13-04-2023,Potato,Adilabad,Telangana,2118.5,111
13-04-2023,Rice,Nizamabad,Telangana,2996.89,128
13-04-2023,Tomato,Adilabad,Telangana,1967.44,122
13-04-2023,Rice,Warangal,Telangana,3031.91,71
13-04-2023,Potato,Hyderabad,Telangana,2452.58,100
13-04-2023,Potato,Nizamabad,Telangana,2225.25,103
13-04-2023,Onion,Adilabad,Telangana,1645.92,164
13-04-2023,Potato,Warangal,Telangana,2304.12,102
13-04-2023,Rice,Hyderabad,Telangana,2919.67,70
13-04-2023,Potato,Khammam,Telangana,2157.3,177
13-04-2023,Onion,Khammam,Telangana,1808.7,104
13-04-2023,Rice,Khammam,Telangana,3101.56,121
13-04-2023,Tomato,Hyderabad,Telangana,1862.34,137
13-04-2023,Tomato,Karimnagar,Telangana,1822.07,149
13-04-2023,Onion,Karimnagar,Telangana,1784.24,37
13-04-2023,Onion,Hyderabad,Telangana,1804.91,89
13-04-2023,Tomato,Khammam,Telangana,2065.89,58
13-04-2023,Tomato,Nizamabad,Telangana,1976.68,115
13-04-2023,Rice,Adilabad,Telangana,3296.68,64
13-04-2023,Tomato,Warangal,Telangana,1734.87,199
13-04-2023,Rice,Karimnagar,Telangana,2775.44,159
13-04-2024,Rice,Nizamabad,Telangana,3052.8,101
13-04-2024,Rice,Adilabad,Telangana,3267.16,24
13-04-2024,Rice,Hyderabad,Telangana,2994.81,132
13-04-2024,Potato,Khammam,Telangana,2303.21,38
13-04-2024,Potato,Karimnagar,Telangana,2160.31,123
13-04-2024,Rice,Warangal,Telangana,3025.38,144
13-04-2024,Onion,Nizamabad,Telangana,1853.91,59
13-04-2024,Tomato,Khammam,Telangana,1832.23,131
13-04-2024,Tomato,Warangal,Telangana,2005.75,103
13-04-2024,Potato,Nizamabad,Telangana,2143.16,123
13-04-2024,Tomato,Hyderabad,Telangana,1975.35,80
13-04-2024,Tomato,Adilabad,Telangana,1997.71,154
13-04-2024,Onion,Karimnagar,Telangana,1617.86,156
13-04-2024,Onion,Warangal,Telangana,1815.13,142
13-04-2024,Tomato,Karimnagar,Telangana,1804.17,163
13-04-2024,Onion,Khammam,Telangana,1514.19,182
13-04-2024,Onion,Adilabad,Telangana,1885.04,54
13-04-2024,Tomato,Nizamabad,Telangana,1963.23,104
13-04-2024,Rice,Karimnagar,Telangana,2706.86,148
13-04-2024,Potato,Hyderabad,Telangana,2204.7,139
13-05-2022,Onion,Nizamabad,Telangana,1682.13,87
13-05-2022,Potato,Hyderabad,Telangana,2372.11,131
13-05-2022,Potato,Warangal,Telangana,2023.97,70
13-05-2022,Onion,Hyderabad,Telangana,1573.53,170
13-05-2022,Rice,Warangal,Telangana,2915.53,55
13-05-2022,Rice,Nizamabad,Telangana,3105.83,35
13-05-2022,Rice,Hyderabad,Telangana,2822.53,191
13-05-2022,Onion,Warangal,Telangana,1763.74,112
13-05-2022,Tomato,Warangal,Telangana,1822.85,130
13-05-2022,Onion,Karimnagar,Telangana,1743.06,153
13-05-2022,Tomato,Karimnagar,Telangana,1855.36,105
13-05-2022,Potato,Nizamabad,Telangana,2209.82,180
13-05-2022,Potato,Karimnagar,Telangana,1958.5,139
13-05-2022,Onion,Adilabad,Telangana,1642.64,50
13-05-2022,Rice,Karimnagar,Telangana,2864.47,66
13-05-2022,Tomato,Khammam,Telangana,1641.51,204
13-05-2022,Tomato,Hyderabad,Telangana,1785.04,109
13-05-2022,Tomato,Nizamabad,Telangana,1780.43,100
13-05-2022,Onion,Khammam,Telangana,1671.28,102
13-05-2022,Rice,Adilabad,Telangana,3228.82,55
13-05-2022,Potato,Khammam,Telangana,2195.94,57
13-05-2022,Rice,Khammam,Telangana,2754.5,186
13-05-2022,Potato,Adilabad,Telangana,2092.78,106
13-05-2023,Rice,Adilabad,Telangana,2942.66,89
13-05-2023,Potato,Warangal,Telangana,1968.31,137
13-05-2023,Onion,Hyderabad,Telangana,1542.58,172
13-05-2023,Rice,Nizamabad,Telangana,2994.11,113
13-05-2023,Onion,Nizamabad,Telangana,1799.3,79
13-05-2023,Onion,Khammam,Telangana,1735.07,106
13-05-2023,Potato,Hyderabad,Telangana,2094.03,182
13-05-2023,Tomato,Adilabad,Telangana,1974.91,167
13-05-2023,Onion,Adilabad,Telangana,1566.61,147
13-05-2023,Onion,Karimnagar,Telangana,1634.96,120
13-05-2023,Rice,Warangal,Telangana,2626.23,152
13-05-2023,Tomato,Warangal,Telangana,1814.97,118
13-05-2023,Tomato,Hyderabad,Telangana,1961.05,79
13-05-2023,Potato,Adilabad,Telangana,1946.26,161
13-05-2023,Onion,Warangal,Telangana,1652.04,121
13-05-2023,Potato,Karimnagar,Telangana,1835.6,147
13-05-2023,Rice,Khammam,Telangana,2940.17,92
13-05-2023,Rice,Hyderabad,Telangana,2887.25,132
13-05-2023,Tomato,Nizamabad,Telangana,2083.89,83
13-05-2023,Tomato,Karimnagar,Telangana,1933.75,119
13-05-2023,Potato,Khammam,Telangana,1914.99,186
13-05-2023,Rice,Karimnagar,Telangana,2800.52,181
13-05-2023,Tomato,Khammam,Telangana,2024.56,124
13-05-2024,Rice,Adilabad,Telangana,2964.31,158
13-05-2024,Tomato,Hyderabad,Telangana,2051.5,98
13-05-2024,Rice,Nizamabad,Telangana,2559.47,121
13-05-2024,Rice,Warangal,Telangana,3006.39,83
13-05-2024,Rice,Karimnagar,Telangana,2732.58,148
13-05-2024,Onion,Warangal,Telangana,1386.48,125
13-05-2024,Onion,Hyderabad,Telangana,1956.52,77
13-05-2024,Tomato,Karimnagar,Telangana,1978.67,99
13-05-2024,Tomato,Nizamabad,Telangana,1985.52,120
13-05-2024,Onion,Khammam,Telangana,1702.14,154
13-05-2024,Potato,Warangal,Telangana,2294.77,120
13-05-2024,Potato,Khammam,Telangana,2082.94,127
13-05-2024,Onion,Karimnagar,Telangana,1741.51,173
13-05-2024,Tomato,Khammam,Telangana,1984.52,65
13-05-2024,Rice,Hyderabad,Telangana,2960.19,92
13-05-2024,Onion,Adilabad,Telangana,1641.48,153
13-05-2024,Potato,Karimnagar,Telangana,2119.22,67
13-05-2024,Tomato,Adilabad,Telangana,1769.17,102
13-05-2024,Onion,Nizamabad,Telangana,1607.5,117
13-05-2024,Rice,Khammam,Telangana,2915.5,103
13-05-2024,Potato,Adilabad,Telangana,2358.67,80
13-05-2024,Potato,Nizamabad,Telangana,2399.27,50
13-05-2024,Potato,Hyderabad,Telangana,2062.12,62
13-06-2022,Onion,Hyderabad,Telangana,1577.57,79
13-06-2022,Onion,Nizamabad,Telangana,1600.33,80
13-06-2022,Potato,Nizamabad,Telangana,2061.38,165
13-06-2022,Potato,Hyderabad,Telangana,1892.35,137
13-06-2022,Tomato,Karimnagar,Telangana,1805.38,158
13-06-2022,Onion,Warangal,Telangana,1564.66,173
13-06-2022,Onion,Karimnagar,Telangana,1642.02,134
13-06-2022,Rice,Hyderabad,Telangana,2564.02,164
13-06-2022,Rice,Adilabad,Telangana,2803.81,76
13-06-2022,Potato,Warangal,Telangana,2095.73,91
13-06-2022,Tomato,Adilabad,Telangana,2018.83,88
13-06-2022,Tomato,Nizamabad,Telangana,1976.21,31
13-06-2022,Rice,Karimnagar,Telangana,2572.72,219
13-06-2022,Tomato,Khammam,Telangana,1697.48,160
13-06-2022,Tomato,Hyderabad,Telangana,1828.88,166
13-06-2022,Rice,Warangal,Telangana,2685.34,157
13-06-2022,Onion,Khammam,Telangana,1732.75,103
13-06-2022,Potato,Adilabad,Telangana,2277.58,67
13-06-2022,Onion,Adilabad,Telangana,1342.87,264
13-06-2022,Tomato,Warangal,Telangana,2055.6,72
13-06-2022,Potato,Khammam,Telangana,2050.86,122
13-06-2023,Onion,Karimnagar,Telangana,1610.01,118
13-06-2023,Tomato,Karimnagar,Telangana,1738.96,107
13-06-2023,Potato,Warangal,Telangana,2030.46,96
13-06-2023,Rice,Adilabad,Telangana,2783.0,135
13-06-2023,Rice,Hyderabad,Telangana,2774.86,95
13-06-2023,Tomato,Adilabad,Telangana,1642.05,111
13-06-2023,Rice,Warangal,Telangana,2706.27,105
13-06-2023,Potato,Hyderabad,Telangana,2008.35,159
13-06-2023,Potato,Khammam,Telangana,1921.24,111
13-06-2023,Onion,Warangal,Telangana,1599.76,202
13-06-2023,Onion,Adilabad,Telangana,1473.06,132
13-06-2023,Tomato,Khammam,Telangana,1765.37,164
13-06-2023,Tomato,Hyderabad,Telangana,1970.61,118
13-06-2023,Potato,Nizamabad,Telangana,1901.17,178
13-06-2023,Onion,Nizamabad,Telangana,1695.2,84
13-06-2023,Potato,Karimnagar,Telangana,2037.46,97
13-06-2023,Onion,Hyderabad,Telangana,1769.24,110
13-06-2023,Rice,Nizamabad,Telangana,2842.38,95
13-06-2023,Onion,Khammam,Telangana,1710.05,101
13-06-2023,Rice,Karimnagar,Telangana,2863.01,142
13-06-2023,Tomato,Warangal,Telangana,1856.22,91
13-06-2023,Potato,Adilabad,Telangana,2065.89,124
13-06-2023,Rice,Khammam,Telangana,2584.99,166
13-06-2024,Onion,Karimnagar,Telangana,1712.89,119
13-06-2024,Rice,Warangal,Telangana,2719.65,118
13-06-2024,Rice,Khammam,Telangana,2647.61,108
13-06-2024,Tomato,Hyderabad,Telangana,1959.48,132
13-06-2024,Onion,Adilabad,Telangana,1466.01,125
13-06-2024,Potato,Adilabad,Telangana,2131.35,80
13-06-2024,Rice,Nizamabad,Telangana,2888.28,103
13-06-2024,Tomato,Warangal,Telangana,1677.07,169
13-06-2024,Potato,Karimnagar,Telangana,1911.82,113
13-06-2024,Potato,Warangal,Telangana,1980.25,148
13-06-2024,Onion,Khammam,Telangana,1821.76,25
13-06-2024,Potato,Nizamabad,Telangana,1830.22,128
13-06-2024,Onion,Hyderabad,Telangana,1813.27,55
13-06-2024,Rice,Hyderabad,Telangana,2784.14,101
13-06-2024,Onion,Nizamabad,Telangana,1703.58,91
13-06-2024,Rice,Adilabad,Telangana,2767.74,143
13-06-2024,Rice,Karimnagar,Telangana,2840.43,110
13-06-2024,Tomato,Nizamabad,Telangana,1603.62,108
13-06-2024,Tomato,Karimnagar,Telangana,1669.27,66
13-06-2024,Tomato,Adilabad,Telangana,1907.99,50
13-06-2024,Potato,Khammam,Telangana,2111.96,97
13-06-2024,Onion,Warangal,Telangana,1539.44,124
13-07-2022,Tomato,Nizamabad,Telangana,1967.12,115
13-07-2022,Rice,Karimnagar,Telangana,2837.35,97
13-07-2022,Tomato,Khammam,Telangana,1906.2,78
13-07-2022,Rice,Hyderabad,Telangana,2810.49,71
13-07-2022,Onion,Karimnagar,Telangana,1457.86,128
13-07-2022,Rice,Khammam,Telangana,2559.4,185
13-07-2022,Onion,Khammam,Telangana,1502.47,123
13-07-2022,Potato,Hyderabad,Telangana,1971.46,142
13-07-2022,Potato,Nizamabad,Telangana,1824.75,106
13-07-2022,Tomato,Adilabad,Telangana,1997.63,88
13-07-2022,Potato,Karimnagar,Telangana,1898.69,184
13-07-2022,Onion,Hyderabad,Telangana,1509.86,160
13-07-2022,Rice,Warangal,Telangana,2696.0,96
13-07-2022,Tomato,Hyderabad,Telangana,1923.19,133
13-07-2022,Potato,Warangal,Telangana,2130.32,81
13-07-2022,Potato,Khammam,Telangana,1833.63,215
13-07-2022,Onion,Nizamabad,Telangana,1413.39,88
13-07-2022,Tomato,Warangal,Telangana,1806.05,63
13-07-2022,Onion,Warangal,Telangana,1416.87,86
13-07-2022,Potato,Adilabad,Telangana,2230.09,37
13-07-2022,Rice,Nizamabad,Telangana,2835.33,141
13-07-2022,Tomato,Karimnagar,Telangana,1614.26,142
13-07-2022,Rice,Adilabad,Telangana,2867.32,95
13-07-2023,Potato,Karimnagar,Telangana,1899.17,133
13-07-2023,Rice,Warangal,Telangana,2788.07,162
13-07-2023,Onion,Hyderabad,Telangana,1564.97,150
13-07-2023,Potato,Khammam,Telangana,2004.34,124
13-07-2023,Tomato,Hyderabad,Telangana,1525.13,216
13-07-2023,Tomato,Warangal,Telangana,1820.29,112
13-07-2023,Potato,Hyderabad,Telangana,1868.6,157
13-07-2023,Potato,Nizamabad,Telangana,1822.12,105
13-07-2023,Potato,Adilabad,Telangana,1915.51,146
13-07-2023,Onion,Khammam,Telangana,1537.05,116
13-07-2023,Onion,Adilabad,Telangana,1425.42,106
13-07-2023,Onion,Nizamabad,Telangana,1575.67,99
13-07-2023,Onion,Warangal,Telangana,1548.56,157
13-07-2023,Tomato,Nizamabad,Telangana,1607.37,187
13-07-2023,Rice,Adilabad,Telangana,2913.34,119
13-07-2023,Potato,Warangal,Telangana,1584.53,197
13-07-2023,Rice,Nizamabad,Telangana,2532.34,193
13-07-2023,Onion,Karimnagar,Telangana,1646.47,100
13-07-2023,Tomato,Karimnagar,Telangana,1676.16,215
13-07-2023,Tomato,Adilabad,Telangana,1742.11,137
13-07-2023,Rice,Karimnagar,Telangana,2760.51,90
13-07-2023,Rice,Hyderabad,Telangana,2718.73,117
13-08-2022,Tomato,Karimnagar,Telangana,1686.17,115
13-08-2022,Onion,Hyderabad,Telangana,1300.04,169
13-08-2022,Potato,Hyderabad,Telangana,1659.75,127
13-08-2022,Rice,Khammam,Telangana,2940.17,96
13-08-2022,Onion,Khammam,Telangana,1277.49,151
13-08-2022,Tomato,Khammam,Telangana,1581.88,80
13-08-2022,Rice,Nizamabad,Telangana,2570.98,136
13-08-2022,Tomato,Adilabad,Telangana,1749.78,104
13-08-2022,Onion,Adilabad,Telangana,1380.2,114
13-08-2022,Tomato,Warangal,Telangana,1755.57,112
13-08-2022,Onion,Nizamabad,Telangana,1420.65,136
13-08-2022,Rice,Warangal,Telangana,2480.05,147
13-08-2022,Tomato,Nizamabad,Telangana,1635.12,83
13-08-2022,Potato,Karimnagar,Telangana,1831.23,133
13-08-2022,Rice,Karimnagar,Telangana,2469.83,158
13-08-2022,Potato,Nizamabad,Telangana,1751.77,146
13-08-2022,Potato,Warangal,Telangana,1982.73,138
13-08-2022,Onion,Warangal,Telangana,1380.35,118
13-08-2022,Tomato,Hyderabad,Telangana,1543.86,99
13-08-2022,Potato,Khammam,Telangana,1850.09,128
13-08-2022,Rice,Hyderabad,Telangana,2468.33,116
13-08-2023,Tomato,Khammam,Telangana,1592.65,152
13-08-2023,Potato,Karimnagar,Telangana,1917.06,108
13-08-2023,Tomato,Nizamabad,Telangana,1393.8,130
13-08-2023,Potato,Khammam,Telangana,1882.46,76
13-08-2023,Onion,Khammam,Telangana,1429.66,183
13-08-2023,Tomato,Warangal,Telangana,1610.95,141
13-08-2023,Potato,Warangal,Telangana,1835.73,160
13-08-2023,Tomato,Karimnagar,Telangana,1335.76,76
13-08-2023,Potato,Hyderabad,Telangana,1960.34,147
13-08-2023,Potato,Nizamabad,Telangana,1726.72,122
13-08-2023,Tomato,Adilabad,Telangana,1643.17,180
13-08-2023,Onion,Karimnagar,Telangana,1347.94,124
13-08-2023,Rice,Hyderabad,Telangana,2591.09,104
13-08-2023,Rice,Nizamabad,Telangana,2581.89,167
13-08-2023,Onion,Warangal,Telangana,1501.83,94
13-08-2023,Potato,Adilabad,Telangana,1616.27,206
13-08-2023,Rice,Adilabad,Telangana,2627.66,112
13-08-2023,Onion,Adilabad,Telangana,1180.04,156
13-08-2023,Tomato,Hyderabad,Telangana,1576.54,80
13-08-2023,Rice,Khammam,Telangana,2898.54,29
13-08-2023,Rice,Warangal,Telangana,2585.35,75
13-08-2023,Onion,Nizamabad,Telangana,1347.59,154
13-09-2022,Potato,Adilabad,Telangana,1888.61,102
13-09-2022,Tomato,Nizamabad,Telangana,1519.92,140
13-09-2022,Onion,Adilabad,Telangana,1357.1,56
13-09-2022,Potato,Karimnagar,Telangana,1745.59,81
13-09-2022,Potato,Khammam,Telangana,1685.55,158
13-09-2022,Tomato,Warangal,Telangana,1811.75,107
13-09-2022,Potato,Hyderabad,Telangana,1721.25,167
13-09-2022,Rice,Khammam,Telangana,2631.74,149
13-09-2022,Rice,Nizamabad,Telangana,2462.93,84
13-09-2022,Onion,Nizamabad,Telangana,1439.25,77
13-09-2022,Onion,Warangal,Telangana,1309.64,170
13-09-2022,Onion,Khammam,Telangana,1438.51,135
13-09-2022,Rice,Hyderabad,Telangana,2437.58,156
13-09-2022,Rice,Karimnagar,Telangana,2907.52,113
13-09-2022,Potato,Nizamabad,Telangana,1843.61,130
13-09-2022,Rice,Warangal,Telangana,3001.23,70
13-09-2022,Tomato,Adilabad,Telangana,1639.95,24
13-09-2022,Tomato,Hyderabad,Telangana,1544.3,130
13-09-2022,Potato,Warangal,Telangana,1597.21,71
13-09-2022,Tomato,Khammam,Telangana,1384.35,133
13-09-2022,Rice,Adilabad,Telangana,2816.68,153
13-09-2022,Tomato,Karimnagar,Telangana,1387.04,165
13-09-2023,Tomato,Hyderabad,Telangana,1577.9,104
13-09-2023,Rice,Hyderabad,Telangana,2419.63,142
13-09-2023,Potato,Adilabad,Telangana,1647.47,138
13-09-2023,Onion,Khammam,Telangana,1385.55,154
13-09-2023,Potato,Nizamabad,Telangana,1946.85,113
13-09-2023,Rice,Karimnagar,Telangana,2515.18,129
13-09-2023,Tomato,Khammam,Telangana,1802.26,88
13-09-2023,Potato,Hyderabad,Telangana,1983.43,47
13-09-2023,Rice,Adilabad,Telangana,2703.98,96
13-09-2023,Tomato,Warangal,Telangana,1541.16,144
13-09-2023,Potato,Khammam,Telangana,1713.72,144
13-09-2023,Tomato,Nizamabad,Telangana,1873.93,76
13-09-2023,Potato,Warangal,Telangana,1873.76,89
13-09-2023,Onion,Adilabad,Telangana,1300.0,116
13-09-2023,Rice,Khammam,Telangana,2710.34,62
13-09-2023,Rice,Warangal,Telangana,2576.95,122
13-09-2023,Tomato,Karimnagar,Telangana,1645.41,87
13-09-2023,Onion,Karimnagar,Telangana,1413.85,127
13-09-2023,Rice,Nizamabad,Telangana,2466.74,134
13-09-2023,Onion,Hyderabad,Telangana,1332.16,133
13-09-2023,Potato,Karimnagar,Telangana,1544.25,113
13-09-2023,Onion,Warangal,Telangana,1262.52,180
13-09-2023,Onion,Nizamabad,Telangana,1218.0,124
13-09-2023,Tomato,Adilabad,Telangana,1358.78,187
13-10-2022,Rice,Hyderabad,Telangana,2754.03,20
13-10-2022,Potato,Karimnagar,Telangana,1634.34,198
13-10-2022,Potato,Nizamabad,Telangana,2013.9,85
13-10-2022,Onion,Adilabad,Telangana,1500.58,124
13-10-2022,Rice,Adilabad,Telangana,2352.22,172
13-10-2022,Tomato,Khammam,Telangana,1469.22,155
13-10-2022,Rice,Warangal,Telangana,2420.73,101
13-10-2022,Potato,Warangal,Telangana,1631.28,144
13-10-2022,Tomato,Adilabad,Telangana,1528.41,104
13-10-2022,Onion,Karimnagar,Telangana,1298.2,137
13-10-2022,Tomato,Hyderabad,Telangana,1764.91,120
13-10-2022,Onion,Hyderabad,Telangana,1210.22,89
13-10-2022,Rice,Karimnagar,Telangana,2568.87,101
13-10-2022,Tomato,Karimnagar,Telangana,1668.46,58
13-10-2022,Potato,Hyderabad,Telangana,1710.43,70
13-10-2022,Onion,Khammam,Telangana,1610.59,98
13-10-2022,Potato,Khammam,Telangana,1627.69,124
13-10-2022,Rice,Nizamabad,Telangana,2775.73,96
13-10-2022,Tomato,Warangal,Telangana,1511.94,113
13-10-2022,Tomato,Nizamabad,Telangana,1485.83,159
13-10-2022,Onion,Nizamabad,Telangana,1225.05,84
13-10-2023,Tomato,Karimnagar,Telangana,1473.61,104
13-10-2023,Potato,Karimnagar,Telangana,1920.41,37
13-10-2023,Tomato,Hyderabad,Telangana,1736.78,93
13-10-2023,Tomato,Khammam,Telangana,1309.54,220
13-10-2023,Potato,Nizamabad,Telangana,1692.54,164
13-10-2023,Potato,Hyderabad,Telangana,1824.75,135
13-10-2023,Onion,Hyderabad,Telangana,1385.5,54
13-10-2023,Onion,Nizamabad,Telangana,1304.12,169
13-10-2023,Tomato,Adilabad,Telangana,1294.46,196
13-10-2023,Onion,Adilabad,Telangana,1388.29,92
13-10-2023,Potato,Khammam,Telangana,1779.38,140
13-10-2023,Rice,Warangal,Telangana,2500.57,157
13-10-2023,Rice,Khammam,Telangana,2333.17,172
13-10-2023,Rice,Karimnagar,Telangana,2490.03,139
13-10-2023,Onion,Warangal,Telangana,1342.6,117
13-10-2023,Potato,Adilabad,Telangana,1802.3,65
13-10-2023,Onion,Karimnagar,Telangana,1389.38,132
13-10-2023,Tomato,Nizamabad,Telangana,1452.12,167
13-10-2023,Tomato,Warangal,Telangana,1724.41,91
13-10-2023,Rice,Adilabad,Telangana,2837.88,62
13-10-2023,Rice,Nizamabad,Telangana,2803.07,127
13-10-2023,Potato,Warangal,Telangana,1559.16,144
13-11-2022,Rice,Karimnagar,Telangana,2352.8,113
13-11-2022,Rice,Adilabad,Telangana,2574.76,128
13-11-2022,Onion,Hyderabad,Telangana,1579.79,32
13-11-2022,Tomato,Nizamabad,Telangana,1463.72,140
13-11-2022,Tomato,Khammam,Telangana,1528.17,145
13-11-2022,Potato,Adilabad,Telangana,1761.47,156
13-11-2022,Onion,Nizamabad,Telangana,1260.2,147
13-11-2022,Potato,Hyderabad,Telangana,1754.49,105
13-11-2022,Rice,Khammam,Telangana,2564.41,102
13-11-2022,Potato,Warangal,Telangana,1529.46,131
13-11-2022,Potato,Karimnagar,Telangana,1712.25,128
13-11-2022,Tomato,Warangal,Telangana,1591.68,119
13-11-2022,Onion,Khammam,Telangana,1378.28,124
13-11-2022,Rice,Warangal,Telangana,2530.83,123
13-11-2022,Rice,Hyderabad,Telangana,2479.72,114
13-11-2022,Potato,Nizamabad,Telangana,1813.92,142
13-11-2022,Onion,Karimnagar,Telangana,1575.89,142
13-11-2022,Potato,Khammam,Telangana,1925.37,74
13-11-2022,Tomato,Adilabad,Telangana,1551.56,108
13-11-2022,Onion,Adilabad,Telangana,1275.84,74
13-11-2022,Tomato,Hyderabad,Telangana,1573.38,113
13-11-2023,Rice,Nizamabad,Telangana,2750.87,87
13-11-2023,Tomato,Khammam,Telangana,1561.62,157
13-11-2023,Rice,Khammam,Telangana,2484.51,121
13-11-2023,Tomato,Karimnagar,Telangana,1657.69,115
13-11-2023,Tomato,Adilabad,Telangana,1443.51,129
13-11-2023,Tomato,Hyderabad,Telangana,1485.84,124
13-11-2023,Onion,Adilabad,Telangana,1161.09,191
13-11-2023,Rice,Warangal,Telangana,2671.48,106
13-11-2023,Tomato,Nizamabad,Telangana,1788.68,131
13-11-2023,Potato,Warangal,Telangana,1910.84,122
13-11-2023,Potato,Adilabad,Telangana,2219.19,32
13-11-2023,Onion,Hyderabad,Telangana,1399.39,129
13-11-2023,Rice,Karimnagar,Telangana,2786.35,98
13-11-2023,Onion,Khammam,Telangana,1225.85,152
13-11-2023,Onion,Nizamabad,Telangana,1699.38,121
13-11-2023,Potato,Nizamabad,Telangana,1818.48,116
13-11-2023,Potato,Khammam,Telangana,1912.9,133
13-11-2023,Onion,Karimnagar,Telangana,1257.94,175
13-11-2023,Potato,Hyderabad,Telangana,1800.37,109
13-11-2023,Rice,Hyderabad,Telangana,2468.34,123
13-12-2022,Tomato,Nizamabad,Telangana,1605.2,113
13-12-2022,Tomato,Hyderabad,Telangana,1857.66,76
13-12-2022,Potato,Warangal,Telangana,1794.89,81
13-12-2022,Onion,Adilabad,Telangana,1663.44,27
13-12-2022,Rice,Hyderabad,Telangana,2808.84,88
13-12-2022,Potato,Hyderabad,Telangana,1980.64,61
13-12-2022,Rice,Nizamabad,Telangana,2652.35,162
13-12-2022,Onion,Warangal,Telangana,1540.82,141
13-12-2022,Onion,Nizamabad,Telangana,1357.91,133
13-12-2022,Rice,Khammam,Telangana,2664.12,107
13-12-2022,Potato,Nizamabad,Telangana,1957.54,142
13-12-2022,Rice,Karimnagar,Telangana,2597.16,74
13-12-2022,Rice,Adilabad,Telangana,2603.34,109
13-12-2022,Onion,Karimnagar,Telangana,1425.34,167
13-12-2022,Tomato,Warangal,Telangana,1908.98,100
13-12-2022,Tomato,Karimnagar,Telangana,1790.73,60
13-12-2022,Onion,Hyderabad,Telangana,1633.5,129
13-12-2022,Onion,Khammam,Telangana,1303.76,151
13-12-2022,Rice,Warangal,Telangana,2651.16,150
13-12-2022,Potato,Khammam,Telangana,1739.77,95
13-12-2022,Tomato,Khammam,Telangana,1670.23,72
13-12-2023,Onion,Hyderabad,Telangana,1475.26,157
13-12-2023,Potato,Khammam,Telangana,1757.49,112
13-12-2023,Tomato,Karimnagar,Telangana,1519.82,112
13-12-2023,Onion,Adilabad,Telangana,1592.4,101
13-12-2023,Rice,Warangal,Telangana,2628.47,150
13-12-2023,Potato,Nizamabad,Telangana,1906.29,71
13-12-2023,Tomato,Hyderabad,Telangana,1625.04,105
13-12-2023,Onion,Nizamabad,Telangana,1552.09,181
13-12-2023,Potato,Warangal,Telangana,1750.9,129
13-12-2023,Tomato,Warangal,Telangana,1671.17,174
13-12-2023,Rice,Khammam,Telangana,2747.96,100
13-12-2023,Onion,Karimnagar,Telangana,1255.91,157
13-12-2023,Rice,Hyderabad,Telangana,2367.06,207
13-12-2023,Onion,Warangal,Telangana,1691.09,84
13-12-2023,Potato,Adilabad,Telangana,1930.66,97
13-12-2023,Potato,Hyderabad,Telangana,1817.81,174
13-12-2023,Rice,Nizamabad,Telangana,2750.69,115
13-12-2023,Tomato,Nizamabad,Telangana,1832.6,85
13-12-2023,Onion,Khammam,Telangana,1519.99,118
13-12-2023,Tomato,Adilabad,Telangana,1694.15,120
13-12-2023,Potato,Karimnagar,Telangana,1789.5,121
13-12-2023,Rice,Adilabad,Telangana,2521.5,151
13-12-2023,Tomato,Khammam,Telangana,1862.6,108
14-01-2022,Onion,Adilabad,Telangana,1601.86,71
14-01-2022,Rice,Adilabad,Telangana,2802.36,103
14-01-2022,Rice,Warangal,Telangana,2546.91,154
14-01-2022,Onion,Khammam,Telangana,1538.9,131
14-01-2022,Tomato,Warangal,Telangana,2061.7,76
14-01-2022,Tomato,Khammam,Telangana,1804.29,117
14-01-2022,Potato,Nizamabad,Telangana,2045.12,156
14-01-2022,Potato,Karimnagar,Telangana,1869.95,172
14-01-2022,Potato,Hyderabad,Telangana,1799.51,163
14-01-2022,Rice,Khammam,Telangana,2747.43,159
14-01-2022,Potato,Adilabad,Telangana,2259.93,140
14-01-2022,Tomato,Nizamabad,Telangana,1725.97,158
14-01-2022,Rice,Hyderabad,Telangana,3112.7,142
14-01-2022,Rice,Karimnagar,Telangana,2884.6,149
14-01-2022,Onion,Karimnagar,Telangana,1543.39,102
14-01-2022,Onion,Hyderabad,Telangana,1668.09,105
14-01-2022,Rice,Nizamabad,Telangana,2982.85,90
14-01-2022,Tomato,Hyderabad,Telangana,1943.47,73
14-01-2022,Tomato,Karimnagar,Telangana,1964.07,86
14-01-2022,Tomato,Adilabad,Telangana,1968.99,102
14-01-2022,Onion,Nizamabad,Telangana,1457.82,192
14-01-2022,Potato,Khammam,Telangana,2077.45,91
14-01-2023,Tomato,Hyderabad,Telangana,1788.56,139
14-01-2023,Potato,Nizamabad,Telangana,2054.78,93
14-01-2023,Rice,Nizamabad,Telangana,2836.24,130
14-01-2023,Tomato,Khammam,Telangana,2067.48,118
14-01-2023,Tomato,Warangal,Telangana,2004.79,20
14-01-2023,Onion,Adilabad,Telangana,1687.97,97
14-01-2023,Potato,Khammam,Telangana,2012.08,144
14-01-2023,Onion,Warangal,Telangana,1556.73,99
14-01-2023,Tomato,Karimnagar,Telangana,1747.5,129
14-01-2023,Rice,Khammam,Telangana,2886.2,91
14-01-2023,Potato,Warangal,Telangana,1932.0,154
14-01-2023,Potato,Karimnagar,Telangana,1912.28,192
14-01-2023,Onion,Nizamabad,Telangana,1507.16,198
14-01-2023,Potato,Adilabad,Telangana,1963.93,102
14-01-2023,Tomato,Adilabad,Telangana,1684.9,150
14-01-2023,Rice,Hyderabad,Telangana,3006.94,69
14-01-2023,Onion,Karimnagar,Telangana,1739.55,106
14-01-2023,Onion,Khammam,Telangana,1379.68,164
14-01-2023,Onion,Hyderabad,Telangana,1330.73,136
14-01-2023,Tomato,Nizamabad,Telangana,1708.22,113
14-01-2023,Rice,Warangal,Telangana,2657.93,199
14-01-2023,Potato,Hyderabad,Telangana,2020.09,186
14-01-2024,Onion,Nizamabad,Telangana,1539.46,97
14-01-2024,Tomato,Hyderabad,Telangana,1707.09,63
14-01-2024,Rice,Warangal,Telangana,2462.25,131
14-01-2024,Onion,Hyderabad,Telangana,1416.27,129
14-01-2024,Tomato,Nizamabad,Telangana,2141.05,60
14-01-2024,Rice,Karimnagar,Telangana,2802.49,103
14-01-2024,Tomato,Karimnagar,Telangana,1866.99,119
14-01-2024,Tomato,Adilabad,Telangana,1939.85,110
14-01-2024,Potato,Khammam,Telangana,1992.71,87
14-01-2024,Onion,Khammam,Telangana,1657.28,96
14-01-2024,Potato,Hyderabad,Telangana,1916.07,150
14-01-2024,Tomato,Warangal,Telangana,1806.98,106
14-01-2024,Rice,Adilabad,Telangana,2799.78,131
14-01-2024,Tomato,Khammam,Telangana,2060.0,75
14-01-2024,Potato,Adilabad,Telangana,1882.69,125
14-01-2024,Rice,Khammam,Telangana,2754.63,240
14-01-2024,Potato,Warangal,Telangana,2020.73,116
14-01-2024,Onion,Adilabad,Telangana,1606.76,103
14-01-2024,Potato,Karimnagar,Telangana,1909.71,98
14-01-2024,Rice,Nizamabad,Telangana,2694.13,137
14-02-2022,Onion,Nizamabad,Telangana,1879.86,131
14-02-2022,Potato,Hyderabad,Telangana,1884.11,92
14-02-2022,Tomato,Warangal,Telangana,1933.68,101
14-02-2022,Onion,Khammam,Telangana,1727.61,120
14-02-2022,Tomato,Khammam,Telangana,1827.54,154
14-02-2022,Potato,Adilabad,Telangana,1987.53,82
14-02-2022,Potato,Khammam,Telangana,2039.54,142
14-02-2022,Tomato,Nizamabad,Telangana,1909.28,91
14-02-2022,Onion,Hyderabad,Telangana,1671.02,172
14-02-2022,Rice,Karimnagar,Telangana,2921.15,176
14-02-2022,Potato,Warangal,Telangana,2227.38,90
14-02-2022,Potato,Karimnagar,Telangana,1880.28,153
14-02-2022,Rice,Adilabad,Telangana,2946.06,100
14-02-2022,Onion,Adilabad,Telangana,1674.41,111
14-02-2022,Onion,Karimnagar,Telangana,1541.2,81
14-02-2022,Tomato,Hyderabad,Telangana,2003.0,98
14-02-2022,Tomato,Karimnagar,Telangana,1777.2,171
14-02-2022,Potato,Nizamabad,Telangana,1866.51,158
14-02-2022,Onion,Warangal,Telangana,1594.22,166
14-02-2022,Rice,Khammam,Telangana,2991.8,128
14-02-2023,Potato,Karimnagar,Telangana,2113.4,143
14-02-2023,Tomato,Khammam,Telangana,1846.75,204
14-02-2023,Tomato,Adilabad,Telangana,2118.42,76
14-02-2023,Tomato,Nizamabad,Telangana,2083.82,109
14-02-2023,Potato,Khammam,Telangana,2017.1,122
14-02-2023,Potato,Adilabad,Telangana,2017.96,141
14-02-2023,Onion,Nizamabad,Telangana,1703.86,126
14-02-2023,Onion,Warangal,Telangana,1724.97,126
14-02-2023,Rice,Nizamabad,Telangana,2712.42,137
14-02-2023,Rice,Khammam,Telangana,2758.46,105
14-02-2023,Potato,Warangal,Telangana,2138.57,120
14-02-2023,Onion,Adilabad,Telangana,1945.76,35
14-02-2023,Onion,Karimnagar,Telangana,1787.11,128
14-02-2023,Tomato,Hyderabad,Telangana,2019.27,123
14-02-2023,Rice,Adilabad,Telangana,2962.23,129
14-02-2023,Tomato,Karimnagar,Telangana,1661.21,105
14-02-2023,Tomato,Warangal,Telangana,2036.11,138
14-02-2023,Potato,Nizamabad,Telangana,1926.9,161
14-02-2023,Rice,Warangal,Telangana,2935.69,124
14-02-2023,Rice,Karimnagar,Telangana,2914.47,148
14-02-2023,Onion,Khammam,Telangana,1629.63,106
14-02-2023,Onion,Hyderabad,Telangana,1790.35,128
14-02-2023,Potato,Hyderabad,Telangana,2171.98,166
14-02-2024,Onion,Khammam,Telangana,1866.96,53
14-02-2024,Onion,Karimnagar,Telangana,1996.47,82
14-02-2024,Onion,Adilabad,Telangana,1380.01,201
14-02-2024,Tomato,Adilabad,Telangana,2014.91,104
14-02-2024,Potato,Khammam,Telangana,2143.82,124
14-02-2024,Potato,Adilabad,Telangana,2312.33,93
14-02-2024,Onion,Warangal,Telangana,1664.04,148
14-02-2024,Rice,Adilabad,Telangana,2903.11,127
14-02-2024,Onion,Hyderabad,Telangana,1588.75,93
14-02-2024,Rice,Karimnagar,Telangana,2847.26,119
14-02-2024,Potato,Nizamabad,Telangana,2209.67,97
14-02-2024,Tomato,Khammam,Telangana,2018.16,41
14-02-2024,Tomato,Nizamabad,Telangana,2011.71,105
14-02-2024,Rice,Hyderabad,Telangana,3134.47,72
14-02-2024,Rice,Khammam,Telangana,3051.06,85
14-02-2024,Potato,Hyderabad,Telangana,2360.72,71
14-02-2024,Tomato,Warangal,Telangana,1826.97,147
14-02-2024,Tomato,Hyderabad,Telangana,1984.64,150
14-02-2024,Tomato,Karimnagar,Telangana,1878.48,149
14-02-2024,Potato,Karimnagar,Telangana,2054.62,91
14-02-2024,Onion,Nizamabad,Telangana,1643.84,176
14-02-2024,Potato,Warangal,Telangana,2014.71,190
14-02-2024,Rice,Nizamabad,Telangana,2778.77,148
14-02-2024,Rice,Warangal,Telangana,2955.09,110
14-03-2022,Potato,Hyderabad,Telangana,2147.25,80
14-03-2022,Tomato,Nizamabad,Telangana,1778.58,105
14-03-2022,Rice,Nizamabad,Telangana,3102.73,123
14-03-2022,Onion,Karimnagar,Telangana,1469.78,167
14-03-2022,Onion,Adilabad,Telangana,1571.91,189
14-03-2022,Tomato,Khammam,Telangana,1864.97,101
14-03-2022,Tomato,Adilabad,Telangana,1780.54,102
14-03-2022,Tomato,Karimnagar,Telangana,2007.34,80
14-03-2022,Rice,Hyderabad,Telangana,3043.33,84
14-03-2022,Rice,Khammam,Telangana,2793.76,118
14-03-2022,Onion,Warangal,Telangana,1723.33,132
14-03-2022,Potato,Khammam,Telangana,2198.74,99
14-03-2022,Potato,Warangal,Telangana,2184.46,65
14-03-2022,Onion,Khammam,Telangana,1560.48,223
14-03-2022,Potato,Nizamabad,Telangana,2148.0,139
14-03-2022,Potato,Karimnagar,Telangana,2119.26,194
14-03-2022,Rice,Warangal,Telangana,2869.37,107
14-03-2022,Tomato,Warangal,Telangana,1856.77,144
14-03-2022,Tomato,Hyderabad,Telangana,2022.94,130
14-03-2022,Onion,Hyderabad,Telangana,1822.34,156
14-03-2022,Rice,Karimnagar,Telangana,3087.1,127
14-03-2022,Potato,Adilabad,Telangana,2100.0,163
14-03-2022,Rice,Adilabad,Telangana,2946.58,99
14-03-2023,Onion,Adilabad,Telangana,1761.61,169
14-03-2023,Potato,Hyderabad,Telangana,2098.59,99
14-03-2023,Tomato,Adilabad,Telangana,1922.61,132
14-03-2023,Rice,Adilabad,Telangana,2852.44,100
14-03-2023,Tomato,Nizamabad,Telangana,1993.26,103
14-03-2023,Tomato,Hyderabad,Telangana,2168.47,118
14-03-2023,Potato,Warangal,Telangana,2082.97,154
14-03-2023,Potato,Karimnagar,Telangana,1882.42,205
14-03-2023,Tomato,Khammam,Telangana,2133.6,37
14-03-2023,Onion,Karimnagar,Telangana,1364.78,136
14-03-2023,Tomato,Warangal,Telangana,1795.6,79
14-03-2023,Rice,Nizamabad,Telangana,2878.29,136
14-03-2023,Onion,Nizamabad,Telangana,1854.72,110
14-03-2023,Tomato,Karimnagar,Telangana,1944.81,153
14-03-2023,Potato,Adilabad,Telangana,2283.78,92
14-03-2023,Onion,Khammam,Telangana,1836.43,152
14-03-2023,Rice,Hyderabad,Telangana,2870.75,173
14-03-2023,Potato,Nizamabad,Telangana,2389.56,50
14-03-2023,Rice,Khammam,Telangana,2975.07,116
14-03-2023,Rice,Warangal,Telangana,2870.45,119
14-03-2023,Onion,Hyderabad,Telangana,1819.1,37
14-03-2023,Rice,Karimnagar,Telangana,3190.51,86
14-03-2024,Potato,Adilabad,Telangana,2257.75,145
14-03-2024,Rice,Hyderabad,Telangana,2979.99,60
14-03-2024,Onion,Nizamabad,Telangana,1638.89,115
14-03-2024,Potato,Nizamabad,Telangana,2064.26,160
14-03-2024,Onion,Hyderabad,Telangana,1582.27,154
14-03-2024,Potato,Khammam,Telangana,1949.01,131
14-03-2024,Potato,Hyderabad,Telangana,2391.34,176
14-03-2024,Rice,Adilabad,Telangana,2934.19,164
14-03-2024,Onion,Adilabad,Telangana,1606.59,129
14-03-2024,Tomato,Adilabad,Telangana,1901.11,138
14-03-2024,Rice,Khammam,Telangana,2909.18,113
14-03-2024,Rice,Warangal,Telangana,3008.29,154
14-03-2024,Potato,Warangal,Telangana,2017.81,136
14-03-2024,Tomato,Nizamabad,Telangana,1984.63,184
14-03-2024,Onion,Khammam,Telangana,1897.89,84
14-03-2024,Rice,Nizamabad,Telangana,2936.66,99
14-03-2024,Tomato,Warangal,Telangana,1911.35,147
14-03-2024,Onion,Karimnagar,Telangana,1886.79,100
14-03-2024,Tomato,Karimnagar,Telangana,1797.5,166
14-03-2024,Onion,Warangal,Telangana,1828.97,73
14-03-2024,Tomato,Khammam,Telangana,2016.65,85
14-03-2024,Tomato,Hyderabad,Telangana,2137.17,124
14-04-2022,Rice,Khammam,Telangana,3139.9,100
14-04-2022,Potato,Adilabad,Telangana,2207.91,128
14-04-2022,Rice,Karimnagar,Telangana,3159.86,108
14-04-2022,Onion,Karimnagar,Telangana,1691.91,96
14-04-2022,Tomato,Hyderabad,Telangana,1977.58,140
14-04-2022,Tomato,Nizamabad,Telangana,2012.49,69
14-04-2022,Potato,Nizamabad,Telangana,2276.23,120
14-04-2022,Onion,Hyderabad,Telangana,1705.49,101
14-04-2022,Onion,Warangal,Telangana,1735.39,111
14-04-2022,Tomato,Adilabad,Telangana,1650.77,162
14-04-2022,Tomato,Karimnagar,Telangana,1717.7,121
14-04-2022,Potato,Warangal,Telangana,2316.76,90
14-04-2022,Potato,Karimnagar,Telangana,2284.4,121
14-04-2022,Onion,Adilabad,Telangana,2102.96,40
14-04-2022,Onion,Nizamabad,Telangana,1880.6,67
14-04-2022,Rice,Warangal,Telangana,2822.17,171
14-04-2022,Potato,Khammam,Telangana,2118.36,111
14-04-2022,Tomato,Khammam,Telangana,2071.86,104
14-04-2022,Rice,Adilabad,Telangana,2708.37,205
14-04-2022,Rice,Hyderabad,Telangana,3164.53,56
14-04-2022,Potato,Hyderabad,Telangana,2160.82,152
14-04-2022,Onion,Khammam,Telangana,1788.88,122
14-04-2022,Tomato,Warangal,Telangana,1857.87,120
14-04-2022,Rice,Nizamabad,Telangana,2831.38,98
14-04-2023,Potato,Khammam,Telangana,2213.85,168
14-04-2023,Rice,Hyderabad,Telangana,3058.62,158
14-04-2023,Onion,Warangal,Telangana,1921.08,84
14-04-2023,Rice,Nizamabad,Telangana,2989.03,180
14-04-2023,Tomato,Hyderabad,Telangana,2122.93,79
14-04-2023,Tomato,Adilabad,Telangana,2034.92,132
14-04-2023,Onion,Nizamabad,Telangana,1676.46,146
14-04-2023,Rice,Khammam,Telangana,3038.54,122
14-04-2023,Tomato,Nizamabad,Telangana,1848.55,147
14-04-2023,Potato,Warangal,Telangana,2165.74,134
14-04-2023,Onion,Adilabad,Telangana,1538.06,155
14-04-2023,Onion,Khammam,Telangana,1786.63,155
14-04-2023,Tomato,Karimnagar,Telangana,1903.52,128
14-04-2023,Tomato,Warangal,Telangana,2025.0,106
14-04-2023,Rice,Karimnagar,Telangana,2957.2,128
14-04-2023,Potato,Karimnagar,Telangana,2150.34,131
14-04-2023,Onion,Hyderabad,Telangana,2018.28,106
14-04-2023,Potato,Hyderabad,Telangana,2388.98,65
14-04-2023,Onion,Karimnagar,Telangana,1926.27,58
14-04-2023,Tomato,Khammam,Telangana,2102.42,83
14-04-2023,Potato,Nizamabad,Telangana,2092.51,152
14-04-2023,Potato,Adilabad,Telangana,1995.49,128
14-04-2024,Tomato,Khammam,Telangana,1789.27,121
14-04-2024,Potato,Adilabad,Telangana,2330.12,80
14-04-2024,Tomato,Nizamabad,Telangana,1577.51,184
14-04-2024,Rice,Karimnagar,Telangana,2979.42,176
14-04-2024,Potato,Khammam,Telangana,2342.56,36
14-04-2024,Rice,Khammam,Telangana,2976.19,91
14-04-2024,Potato,Karimnagar,Telangana,2184.3,133
14-04-2024,Onion,Karimnagar,Telangana,1967.34,49
14-04-2024,Rice,Warangal,Telangana,3016.86,153
14-04-2024,Onion,Khammam,Telangana,1713.53,90
14-04-2024,Tomato,Karimnagar,Telangana,2150.1,66
14-04-2024,Tomato,Hyderabad,Telangana,1954.81,153
14-04-2024,Rice,Hyderabad,Telangana,2702.1,137
14-04-2024,Onion,Hyderabad,Telangana,1725.3,181
14-04-2024,Onion,Adilabad,Telangana,1614.45,131
14-04-2024,Rice,Nizamabad,Telangana,2918.3,128
14-04-2024,Onion,Warangal,Telangana,1624.86,135
14-04-2024,Onion,Nizamabad,Telangana,1880.02,70
14-04-2024,Potato,Warangal,Telangana,2409.36,90
14-04-2024,Potato,Hyderabad,Telangana,2390.76,49
14-04-2024,Rice,Adilabad,Telangana,3061.8,66
14-04-2024,Potato,Nizamabad,Telangana,1997.52,143
14-05-2022,Tomato,Hyderabad,Telangana,1608.92,185
14-05-2022,Onion,Adilabad,Telangana,1719.07,145
14-05-2022,Potato,Karimnagar,Telangana,2154.79,130
14-05-2022,Potato,Adilabad,Telangana,2209.34,98
14-05-2022,Potato,Nizamabad,Telangana,2286.62,96
14-05-2022,Rice,Hyderabad,Telangana,3044.05,116
14-05-2022,Potato,Hyderabad,Telangana,1982.76,169
14-05-2022,Tomato,Warangal,Telangana,2090.42,22
14-05-2022,Tomato,Adilabad,Telangana,1699.42,110
14-05-2022,Onion,Karimnagar,Telangana,1963.84,124
14-05-2022,Potato,Warangal,Telangana,1991.25,134
14-05-2022,Potato,Khammam,Telangana,2157.94,61
14-05-2022,Rice,Nizamabad,Telangana,2848.97,109
14-05-2022,Onion,Warangal,Telangana,1703.09,133
14-05-2022,Rice,Warangal,Telangana,2807.05,165
14-05-2022,Onion,Hyderabad,Telangana,1788.92,108
14-05-2022,Tomato,Khammam,Telangana,1892.46,107
14-05-2022,Rice,Adilabad,Telangana,3028.85,116
14-05-2022,Tomato,Nizamabad,Telangana,1942.52,147
14-05-2022,Onion,Khammam,Telangana,1949.13,50
14-05-2022,Rice,Karimnagar,Telangana,2854.35,92
14-05-2022,Onion,Nizamabad,Telangana,1526.67,120
14-05-2023,Onion,Nizamabad,Telangana,1811.5,166
14-05-2023,Potato,Adilabad,Telangana,2366.23,60
14-05-2023,Rice,Karimnagar,Telangana,3091.18,83
14-05-2023,Tomato,Khammam,Telangana,2109.81,145
14-05-2023,Potato,Hyderabad,Telangana,2003.7,143
14-05-2023,Potato,Warangal,Telangana,2068.39,173
14-05-2023,Onion,Hyderabad,Telangana,1769.3,45
14-05-2023,Onion,Warangal,Telangana,1786.54,126
14-05-2023,Potato,Khammam,Telangana,2042.26,139
14-05-2023,Onion,Khammam,Telangana,1693.17,130
14-05-2023,Rice,Adilabad,Telangana,3074.27,133
14-05-2023,Tomato,Adilabad,Telangana,1985.9,40
14-05-2023,Potato,Karimnagar,Telangana,2024.94,148
14-05-2023,Onion,Karimnagar,Telangana,1564.1,186
14-05-2023,Tomato,Karimnagar,Telangana,2089.49,108
14-05-2023,Tomato,Warangal,Telangana,1652.23,142
14-05-2023,Rice,Nizamabad,Telangana,2791.49,199
14-05-2023,Onion,Adilabad,Telangana,1926.61,40
14-05-2023,Tomato,Hyderabad,Telangana,1845.43,191
14-05-2023,Rice,Khammam,Telangana,2853.85,97
14-05-2023,Tomato,Nizamabad,Telangana,1748.26,124
14-05-2023,Rice,Warangal,Telangana,3173.56,39
14-05-2023,Rice,Hyderabad,Telangana,2857.13,83
14-05-2024,Tomato,Warangal,Telangana,1930.09,46
14-05-2024,Onion,Warangal,Telangana,1516.6,173
14-05-2024,Tomato,Adilabad,Telangana,1959.22,28
14-05-2024,Onion,Khammam,Telangana,1756.73,124
14-05-2024,Potato,Karimnagar,Telangana,2164.33,120
14-05-2024,Rice,Hyderabad,Telangana,2731.37,176
14-05-2024,Onion,Hyderabad,Telangana,1650.7,150
14-05-2024,Onion,Adilabad,Telangana,1685.55,178
14-05-2024,Rice,Nizamabad,Telangana,2888.64,93
14-05-2024,Potato,Khammam,Telangana,2062.23,124
14-05-2024,Tomato,Hyderabad,Telangana,2100.83,134
14-05-2024,Onion,Nizamabad,Telangana,1484.8,203
14-05-2024,Rice,Adilabad,Telangana,2829.02,91
14-05-2024,Potato,Adilabad,Telangana,2053.38,179
14-05-2024,Potato,Nizamabad,Telangana,1945.99,139
14-05-2024,Tomato,Karimnagar,Telangana,1660.62,139
14-05-2024,Tomato,Khammam,Telangana,2005.46,79
14-05-2024,Potato,Warangal,Telangana,2290.72,92
14-05-2024,Rice,Karimnagar,Telangana,2906.27,89
14-05-2024,Rice,Warangal,Telangana,2659.41,160
14-05-2024,Onion,Karimnagar,Telangana,1769.54,177
14-06-2022,Rice,Warangal,Telangana,3062.44,103
14-06-2022,Potato,Warangal,Telangana,2072.11,105
14-06-2022,Potato,Nizamabad,Telangana,1979.93,144
14-06-2022,Potato,Karimnagar,Telangana,2102.33,91
14-06-2022,Rice,Karimnagar,Telangana,2665.48,159
14-06-2022,Onion,Karimnagar,Telangana,1644.47,134
14-06-2022,Tomato,Hyderabad,Telangana,1850.02,144
14-06-2022,Onion,Nizamabad,Telangana,1529.48,135
14-06-2022,Potato,Khammam,Telangana,1781.36,149
14-06-2022,Tomato,Adilabad,Telangana,1877.43,129
14-06-2022,Potato,Adilabad,Telangana,2190.03,45
14-06-2022,Tomato,Nizamabad,Telangana,1806.32,125
14-06-2022,Rice,Nizamabad,Telangana,2776.86,133
14-06-2022,Onion,Hyderabad,Telangana,1797.76,91
14-06-2022,Rice,Adilabad,Telangana,2756.75,119
14-06-2022,Potato,Hyderabad,Telangana,2064.05,160
14-06-2022,Onion,Khammam,Telangana,1559.45,166
14-06-2022,Tomato,Khammam,Telangana,1696.68,60
14-06-2022,Rice,Khammam,Telangana,2739.29,155
14-06-2022,Onion,Warangal,Telangana,1475.06,60
14-06-2022,Tomato,Warangal,Telangana,1852.8,148
14-06-2022,Tomato,Karimnagar,Telangana,1939.29,72
14-06-2022,Onion,Adilabad,Telangana,1632.14,176
14-06-2023,Rice,Khammam,Telangana,2581.79,130
14-06-2023,Rice,Warangal,Telangana,2817.25,125
14-06-2023,Onion,Adilabad,Telangana,1635.66,113
14-06-2023,Tomato,Khammam,Telangana,1880.88,107
14-06-2023,Rice,Adilabad,Telangana,2608.85,156
14-06-2023,Potato,Khammam,Telangana,1989.57,119
14-06-2023,Potato,Nizamabad,Telangana,1894.79,64
14-06-2023,Onion,Khammam,Telangana,1364.4,214
14-06-2023,Potato,Hyderabad,Telangana,1842.4,130
14-06-2023,Tomato,Hyderabad,Telangana,1736.15,141
14-06-2023,Onion,Karimnagar,Telangana,1745.12,91
14-06-2023,Onion,Warangal,Telangana,1634.67,126
14-06-2023,Potato,Karimnagar,Telangana,1865.7,95
14-06-2023,Rice,Karimnagar,Telangana,2988.58,87
14-06-2023,Potato,Warangal,Telangana,1944.73,100
14-06-2023,Tomato,Warangal,Telangana,1751.91,167
14-06-2023,Tomato,Karimnagar,Telangana,1708.35,129
14-06-2023,Onion,Hyderabad,Telangana,1658.02,104
14-06-2023,Potato,Adilabad,Telangana,1836.86,147
14-06-2023,Tomato,Nizamabad,Telangana,1893.52,92
14-06-2023,Onion,Nizamabad,Telangana,1626.17,146
14-06-2023,Rice,Nizamabad,Telangana,2758.4,98
14-06-2024,Potato,Adilabad,Telangana,1927.53,136
14-06-2024,Rice,Adilabad,Telangana,3116.2,118
14-06-2024,Onion,Karimnagar,Telangana,1400.36,139
14-06-2024,Rice,Khammam,Telangana,2731.37,163
14-06-2024,Potato,Warangal,Telangana,2042.05,77
14-06-2024,Rice,Hyderabad,Telangana,2853.21,67
14-06-2024,Onion,Nizamabad,Telangana,1668.26,157
14-06-2024,Tomato,Hyderabad,Telangana,1985.15,44
14-06-2024,Potato,Khammam,Telangana,2009.18,88
14-06-2024,Rice,Warangal,Telangana,2886.36,131
14-06-2024,Potato,Karimnagar,Telangana,1901.28,139
14-06-2024,Potato,Hyderabad,Telangana,1741.77,183
14-06-2024,Tomato,Nizamabad,Telangana,1811.36,126
14-06-2024,Tomato,Warangal,Telangana,1807.84,162
14-06-2024,Tomato,Adilabad,Telangana,1781.7,109
14-06-2024,Rice,Nizamabad,Telangana,2771.92,168
14-06-2024,Potato,Nizamabad,Telangana,2265.49,20
14-06-2024,Onion,Warangal,Telangana,1853.51,75
14-06-2024,Onion,Adilabad,Telangana,1356.29,132
14-06-2024,Onion,Khammam,Telangana,1486.95,155
14-07-2022,Onion,Adilabad,Telangana,1459.03,85
14-07-2022,Rice,Hyderabad,Telangana,2626.26,137
14-07-2022,Potato,Nizamabad,Telangana,1716.1,172
14-07-2022,Rice,Adilabad,Telangana,2745.46,152
14-07-2022,Tomato,Khammam,Telangana,1711.04,135
14-07-2022,Onion,Karimnagar,Telangana,1551.75,106
14-07-2022,Onion,Warangal,Telangana,1613.29,101
14-07-2022,Potato,Karimnagar,Telangana,1844.3,177
14-07-2022,Tomato,Karimnagar,Telangana,1475.71,196
14-07-2022,Rice,Nizamabad,Telangana,2735.68,113
14-07-2022,Potato,Hyderabad,Telangana,1863.9,194
14-07-2022,Rice,Warangal,Telangana,2738.89,107
14-07-2022,Onion,Hyderabad,Telangana,1247.52,153
14-07-2022,Onion,Khammam,Telangana,1606.47,87
14-07-2022,Tomato,Hyderabad,Telangana,1575.44,158
14-07-2022,Potato,Adilabad,Telangana,2010.3,83
14-07-2022,Tomato,Warangal,Telangana,1827.29,102
14-07-2022,Rice,Karimnagar,Telangana,2696.93,120
14-07-2022,Tomato,Nizamabad,Telangana,1872.02,50
14-07-2022,Onion,Nizamabad,Telangana,1620.55,179
14-07-2022,Tomato,Adilabad,Telangana,1735.67,161
14-07-2022,Potato,Warangal,Telangana,1945.71,113
14-07-2023,Onion,Karimnagar,Telangana,1489.64,147
14-07-2023,Tomato,Nizamabad,Telangana,1961.39,20
14-07-2023,Tomato,Karimnagar,Telangana,1678.08,148
14-07-2023,Potato,Khammam,Telangana,2003.16,56
14-07-2023,Potato,Warangal,Telangana,1608.21,174
14-07-2023,Tomato,Khammam,Telangana,1729.52,86
14-07-2023,Rice,Warangal,Telangana,2952.59,44
14-07-2023,Tomato,Adilabad,Telangana,1647.92,89
14-07-2023,Rice,Khammam,Telangana,2508.36,154
14-07-2023,Potato,Karimnagar,Telangana,2047.63,106
14-07-2023,Potato,Hyderabad,Telangana,2031.59,91
14-07-2023,Rice,Hyderabad,Telangana,2459.58,195
14-07-2023,Potato,Nizamabad,Telangana,1666.33,151
14-07-2023,Onion,Adilabad,Telangana,1453.59,118
14-07-2023,Onion,Khammam,Telangana,1608.74,72
14-07-2023,Tomato,Warangal,Telangana,1870.17,123
14-07-2023,Onion,Warangal,Telangana,1337.36,120
14-07-2023,Potato,Adilabad,Telangana,1962.94,92
14-07-2023,Rice,Nizamabad,Telangana,2418.47,183
14-07-2023,Rice,Karimnagar,Telangana,2705.47,118
14-07-2023,Tomato,Hyderabad,Telangana,1830.74,128
14-08-2022,Onion,Warangal,Telangana,1593.96,131
14-08-2022,Onion,Hyderabad,Telangana,1311.96,171
14-08-2022,Onion,Karimnagar,Telangana,1368.37,47
14-08-2022,Tomato,Karimnagar,Telangana,1708.14,90
14-08-2022,Potato,Warangal,Telangana,1969.93,38
14-08-2022,Onion,Nizamabad,Telangana,1475.62,165
14-08-2022,Rice,Adilabad,Telangana,2459.3,184
14-08-2022,Potato,Adilabad,Telangana,1955.34,123
14-08-2022,Onion,Adilabad,Telangana,1568.47,119
14-08-2022,Rice,Khammam,Telangana,2386.66,224
14-08-2022,Rice,Nizamabad,Telangana,2857.67,76
14-08-2022,Tomato,Hyderabad,Telangana,1747.0,117
14-08-2022,Potato,Khammam,Telangana,1941.87,134
14-08-2022,Rice,Hyderabad,Telangana,2593.48,146
14-08-2022,Tomato,Nizamabad,Telangana,1551.96,129
14-08-2022,Onion,Khammam,Telangana,1566.68,95
14-08-2022,Potato,Nizamabad,Telangana,1550.07,137
14-08-2022,Tomato,Khammam,Telangana,1492.25,164
14-08-2022,Potato,Karimnagar,Telangana,2051.74,33
14-08-2022,Rice,Warangal,Telangana,2367.99,197
14-08-2022,Tomato,Warangal,Telangana,1819.73,114
14-08-2022,Tomato,Adilabad,Telangana,1690.28,113
14-08-2022,Potato,Hyderabad,Telangana,1756.93,170
14-08-2023,Rice,Nizamabad,Telangana,2769.16,82
14-08-2023,Potato,Warangal,Telangana,1737.75,152
14-08-2023,Onion,Warangal,Telangana,1153.14,212
14-08-2023,Rice,Khammam,Telangana,2796.51,119
14-08-2023,Tomato,Karimnagar,Telangana,1639.37,131
14-08-2023,Potato,Khammam,Telangana,1914.6,53
14-08-2023,Potato,Karimnagar,Telangana,1817.77,59
14-08-2023,Onion,Nizamabad,Telangana,921.12,242
14-08-2023,Onion,Karimnagar,Telangana,1463.22,118
14-08-2023,Tomato,Nizamabad,Telangana,1679.79,108
14-08-2023,Rice,Karimnagar,Telangana,2637.8,91
14-08-2023,Onion,Adilabad,Telangana,1369.29,220
14-08-2023,Tomato,Khammam,Telangana,1655.15,124
14-08-2023,Tomato,Adilabad,Telangana,1767.27,63
14-08-2023,Potato,Hyderabad,Telangana,1680.77,197
14-08-2023,Potato,Adilabad,Telangana,1659.58,161
14-08-2023,Tomato,Warangal,Telangana,1759.07,130
14-08-2023,Rice,Warangal,Telangana,2536.58,137
14-08-2023,Onion,Khammam,Telangana,1267.46,107
14-08-2023,Rice,Adilabad,Telangana,2679.2,132
14-08-2023,Rice,Hyderabad,Telangana,2599.42,96
14-08-2023,Tomato,Hyderabad,Telangana,1779.43,127
14-08-2023,Potato,Nizamabad,Telangana,1717.9,83
14-08-2023,Onion,Hyderabad,Telangana,1500.25,66
14-09-2022,Potato,Adilabad,Telangana,1878.82,66
14-09-2022,Rice,Adilabad,Telangana,2564.93,112
14-09-2022,Potato,Karimnagar,Telangana,1977.21,95
14-09-2022,Tomato,Warangal,Telangana,1610.99,129
14-09-2022,Tomato,Adilabad,Telangana,1461.31,159
14-09-2022,Potato,Nizamabad,Telangana,1996.41,128
14-09-2022,Tomato,Nizamabad,Telangana,1517.99,170
14-09-2022,Rice,Nizamabad,Telangana,2457.61,156
14-09-2022,Tomato,Khammam,Telangana,1629.25,110
14-09-2022,Onion,Hyderabad,Telangana,1280.22,86
14-09-2022,Rice,Hyderabad,Telangana,2131.13,137
14-09-2022,Onion,Karimnagar,Telangana,1101.31,245
14-09-2022,Onion,Warangal,Telangana,1281.31,154
14-09-2022,Tomato,Hyderabad,Telangana,1480.36,110
14-09-2022,Rice,Karimnagar,Telangana,2634.91,123
14-09-2022,Onion,Khammam,Telangana,1322.8,136
14-09-2022,Rice,Warangal,Telangana,2673.36,125
14-09-2022,Potato,Warangal,Telangana,1849.83,104
14-09-2022,Tomato,Karimnagar,Telangana,1261.61,182
14-09-2022,Potato,Hyderabad,Telangana,1683.55,131
14-09-2022,Potato,Khammam,Telangana,1718.95,147
14-09-2022,Onion,Adilabad,Telangana,1343.35,126
14-09-2023,Potato,Adilabad,Telangana,1801.66,45
14-09-2023,Onion,Khammam,Telangana,1553.56,63
14-09-2023,Onion,Hyderabad,Telangana,1474.45,116
14-09-2023,Rice,Karimnagar,Telangana,2413.04,124
14-09-2023,Tomato,Adilabad,Telangana,1671.14,100
14-09-2023,Tomato,Nizamabad,Telangana,1558.93,85
14-09-2023,Onion,Warangal,Telangana,1361.44,125
14-09-2023,Potato,Nizamabad,Telangana,1716.64,208
14-09-2023,Onion,Adilabad,Telangana,1371.3,97
14-09-2023,Tomato,Warangal,Telangana,1644.17,96
14-09-2023,Rice,Khammam,Telangana,2669.94,86
14-09-2023,Rice,Nizamabad,Telangana,2719.13,138
14-09-2023,Rice,Hyderabad,Telangana,2806.63,81
14-09-2023,Tomato,Khammam,Telangana,1431.88,110
14-09-2023,Onion,Nizamabad,Telangana,1145.25,115
14-09-2023,Rice,Adilabad,Telangana,2702.32,178
14-09-2023,Potato,Warangal,Telangana,1710.47,113
14-09-2023,Rice,Warangal,Telangana,2561.23,125
14-09-2023,Onion,Karimnagar,Telangana,1506.71,98
14-09-2023,Potato,Hyderabad,Telangana,1738.91,184
14-09-2023,Potato,Khammam,Telangana,1827.7,87
14-09-2023,Tomato,Hyderabad,Telangana,1495.49,96
14-10-2022,Onion,Hyderabad,Telangana,1315.88,129
14-10-2022,Tomato,Hyderabad,Telangana,1512.14,133
14-10-2022,Potato,Khammam,Telangana,1598.04,108
14-10-2022,Rice,Khammam,Telangana,2596.81,165
14-10-2022,Onion,Karimnagar,Telangana,1227.49,171
14-10-2022,Tomato,Warangal,Telangana,1612.64,126
14-10-2022,Rice,Warangal,Telangana,2431.0,118
14-10-2022,Rice,Karimnagar,Telangana,2451.41,97
14-10-2022,Rice,Adilabad,Telangana,2502.66,141
14-10-2022,Tomato,Karimnagar,Telangana,1488.48,100
14-10-2022,Potato,Karimnagar,Telangana,1783.57,84
14-10-2022,Tomato,Nizamabad,Telangana,1251.98,147
14-10-2022,Tomato,Adilabad,Telangana,1274.99,100
14-10-2022,Onion,Nizamabad,Telangana,1345.98,41
14-10-2022,Onion,Khammam,Telangana,1466.45,86
14-10-2022,Tomato,Khammam,Telangana,1641.73,108
14-10-2022,Potato,Nizamabad,Telangana,1744.54,144
14-10-2022,Potato,Hyderabad,Telangana,1753.66,125
14-10-2022,Onion,Warangal,Telangana,1473.52,96
14-10-2022,Rice,Hyderabad,Telangana,2665.75,140
14-10-2022,Onion,Adilabad,Telangana,1248.61,183
14-10-2022,Potato,Warangal,Telangana,1778.79,146
14-10-2022,Rice,Nizamabad,Telangana,2640.11,166
14-10-2023,Onion,Hyderabad,Telangana,1509.91,114
14-10-2023,Onion,Khammam,Telangana,1316.84,131
14-10-2023,Tomato,Adilabad,Telangana,1298.6,195
14-10-2023,Onion,Karimnagar,Telangana,1449.2,82
14-10-2023,Potato,Karimnagar,Telangana,1950.29,33
14-10-2023,Tomato,Warangal,Telangana,1562.9,185
14-10-2023,Rice,Hyderabad,Telangana,2724.5,47
14-10-2023,Tomato,Khammam,Telangana,1382.85,195
14-10-2023,Potato,Nizamabad,Telangana,1754.99,158
14-10-2023,Potato,Warangal,Telangana,1787.55,161
14-10-2023,Onion,Adilabad,Telangana,1271.66,102
14-10-2023,Rice,Nizamabad,Telangana,2760.26,99
14-10-2023,Tomato,Karimnagar,Telangana,1603.64,78
14-10-2023,Tomato,Nizamabad,Telangana,1574.47,31
14-10-2023,Onion,Warangal,Telangana,1272.46,118
14-10-2023,Potato,Khammam,Telangana,1968.66,49
14-10-2023,Rice,Khammam,Telangana,2702.47,88
14-10-2023,Rice,Warangal,Telangana,2671.4,158
14-10-2023,Tomato,Hyderabad,Telangana,1487.74,113
14-10-2023,Rice,Adilabad,Telangana,2689.44,100
14-10-2023,Rice,Karimnagar,Telangana,2491.6,187
14-10-2023,Onion,Nizamabad,Telangana,1351.78,181
14-10-2023,Potato,Adilabad,Telangana,1922.01,86
14-10-2023,Potato,Hyderabad,Telangana,1611.1,84
14-11-2022,Tomato,Khammam,Telangana,1497.96,128
14-11-2022,Onion,Khammam,Telangana,1447.57,72
14-11-2022,Potato,Adilabad,Telangana,1752.29,62
14-11-2022,Onion,Warangal,Telangana,1412.67,172
14-11-2022,Onion,Adilabad,Telangana,1399.46,128
14-11-2022,Potato,Karimnagar,Telangana,1696.66,128
14-11-2022,Tomato,Warangal,Telangana,1550.57,129
14-11-2022,Rice,Nizamabad,Telangana,2505.82,98
14-11-2022,Tomato,Adilabad,Telangana,1450.11,117
14-11-2022,Onion,Nizamabad,Telangana,1388.93,145
14-11-2022,Rice,Khammam,Telangana,2535.55,115
14-11-2022,Rice,Warangal,Telangana,2496.01,117
14-11-2022,Potato,Warangal,Telangana,1825.87,123
14-11-2022,Potato,Khammam,Telangana,1782.92,54
14-11-2022,Tomato,Hyderabad,Telangana,1496.33,79
14-11-2022,Potato,Hyderabad,Telangana,1745.92,120
14-11-2022,Tomato,Karimnagar,Telangana,1597.38,57
14-11-2022,Onion,Hyderabad,Telangana,1403.92,52
14-11-2022,Tomato,Nizamabad,Telangana,1737.24,62
14-11-2022,Onion,Karimnagar,Telangana,1639.58,80
14-11-2022,Rice,Karimnagar,Telangana,2767.6,97
14-11-2022,Rice,Adilabad,Telangana,2531.24,148
14-11-2022,Potato,Nizamabad,Telangana,1892.06,117
14-11-2023,Rice,Hyderabad,Telangana,2772.7,101
14-11-2023,Potato,Nizamabad,Telangana,1799.9,89
14-11-2023,Rice,Khammam,Telangana,2759.27,116
14-11-2023,Potato,Adilabad,Telangana,1679.54,157
14-11-2023,Onion,Khammam,Telangana,1418.5,113
14-11-2023,Tomato,Nizamabad,Telangana,1832.55,35
14-11-2023,Onion,Adilabad,Telangana,1318.88,96
14-11-2023,Tomato,Khammam,Telangana,1805.11,25
14-11-2023,Onion,Hyderabad,Telangana,1368.39,182
14-11-2023,Potato,Warangal,Telangana,1645.8,160
14-11-2023,Rice,Nizamabad,Telangana,2508.6,131
14-11-2023,Tomato,Adilabad,Telangana,1766.41,82
14-11-2023,Potato,Khammam,Telangana,1517.65,164
14-11-2023,Rice,Warangal,Telangana,2751.14,137
14-11-2023,Tomato,Warangal,Telangana,1496.7,73
14-11-2023,Potato,Hyderabad,Telangana,1891.33,120
14-11-2023,Rice,Adilabad,Telangana,2582.15,126
14-11-2023,Potato,Karimnagar,Telangana,1742.89,156
14-11-2023,Rice,Karimnagar,Telangana,2675.74,103
14-11-2023,Onion,Warangal,Telangana,1378.06,127
14-11-2023,Tomato,Hyderabad,Telangana,1499.89,167
14-11-2023,Onion,Karimnagar,Telangana,1345.01,180
14-12-2022,Onion,Hyderabad,Telangana,1392.12,170
14-12-2022,Rice,Karimnagar,Telangana,2793.28,128
14-12-2022,Tomato,Hyderabad,Telangana,1615.87,143
14-12-2022,Onion,Karimnagar,Telangana,1614.76,133
14-12-2022,Potato,Khammam,Telangana,1726.72,102
14-12-2022,Potato,Karimnagar,Telangana,1873.25,148
14-12-2022,Onion,Adilabad,Telangana,1336.44,175
14-12-2022,Rice,Nizamabad,Telangana,2623.15,140
14-12-2022,Potato,Nizamabad,Telangana,1799.71,160
14-12-2022,Rice,Hyderabad,Telangana,2632.16,152
14-12-2022,Potato,Adilabad,Telangana,1745.03,135
14-12-2022,Tomato,Karimnagar,Telangana,1419.76,168
14-12-2022,Rice,Adilabad,Telangana,2704.04,93
14-12-2022,Tomato,Warangal,Telangana,1898.6,69
14-12-2022,Potato,Hyderabad,Telangana,1643.73,115
14-12-2022,Tomato,Khammam,Telangana,1789.12,42
14-12-2022,Tomato,Adilabad,Telangana,1623.38,110
14-12-2022,Tomato,Nizamabad,Telangana,1783.6,122
14-12-2022,Onion,Warangal,Telangana,1514.09,177
14-12-2022,Onion,Khammam,Telangana,1646.86,107
14-12-2022,Potato,Warangal,Telangana,2036.58,74
14-12-2022,Onion,Nizamabad,Telangana,1498.84,168
14-12-2023,Rice,Warangal,Telangana,2562.83,140
14-12-2023,Onion,Khammam,Telangana,1479.9,133
14-12-2023,Potato,Khammam,Telangana,2066.77,20
14-12-2023,Tomato,Karimnagar,Telangana,1368.87,211
14-12-2023,Onion,Hyderabad,Telangana,1709.23,95
14-12-2023,Potato,Karimnagar,Telangana,1941.4,134
14-12-2023,Tomato,Adilabad,Telangana,1837.85,81
14-12-2023,Onion,Karimnagar,Telangana,1173.96,189
14-12-2023,Potato,Hyderabad,Telangana,1778.34,101
14-12-2023,Onion,Adilabad,Telangana,1449.82,82
14-12-2023,Potato,Nizamabad,Telangana,1689.03,142
14-12-2023,Rice,Khammam,Telangana,2828.4,57
14-12-2023,Rice,Karimnagar,Telangana,2628.48,119
14-12-2023,Tomato,Warangal,Telangana,1558.47,131
14-12-2023,Rice,Adilabad,Telangana,2760.07,97
14-12-2023,Tomato,Hyderabad,Telangana,1547.05,78
14-12-2023,Rice,Hyderabad,Telangana,2481.05,93
14-12-2023,Onion,Warangal,Telangana,1841.1,46
14-12-2023,Potato,Adilabad,Telangana,1801.28,149
14-12-2023,Tomato,Nizamabad,Telangana,1569.32,149
14-12-2023,Onion,Nizamabad,Telangana,1656.61,41
14-12-2023,Potato,Warangal,Telangana,1963.94,159
14-12-2023,Rice,Nizamabad,Telangana,2698.62,151
15-01-2022,Tomato,Khammam,Telangana,1875.21,126
15-01-2022,Rice,Adilabad,Telangana,2912.21,77
15-01-2022,Potato,Hyderabad,Telangana,2158.48,77
15-01-2022,Tomato,Nizamabad,Telangana,1656.86,89
15-01-2022,Onion,Nizamabad,Telangana,1723.36,99
15-01-2022,Potato,Adilabad,Telangana,1903.92,153
15-01-2022,Tomato,Warangal,Telangana,1818.0,116
15-01-2022,Potato,Nizamabad,Telangana,2009.31,116
15-01-2022,Onion,Hyderabad,Telangana,1582.3,97
15-01-2022,Rice,Warangal,Telangana,2869.55,106
15-01-2022,Onion,Khammam,Telangana,1512.53,110
15-01-2022,Tomato,Karimnagar,Telangana,1855.8,58
15-01-2022,Onion,Warangal,Telangana,1419.71,128
15-01-2022,Tomato,Hyderabad,Telangana,1822.73,95
15-01-2022,Rice,Karimnagar,Telangana,2524.74,179
15-01-2022,Potato,Karimnagar,Telangana,1829.81,97
15-01-2022,Rice,Khammam,Telangana,3151.65,40
15-01-2022,Rice,Nizamabad,Telangana,2840.04,104
15-01-2022,Tomato,Adilabad,Telangana,1704.2,131
15-01-2022,Rice,Hyderabad,Telangana,2807.32,102
15-01-2023,Rice,Karimnagar,Telangana,3083.79,36
15-01-2023,Rice,Warangal,Telangana,2816.65,135
15-01-2023,Tomato,Adilabad,Telangana,1753.6,114
15-01-2023,Onion,Nizamabad,Telangana,1867.65,40
15-01-2023,Potato,Hyderabad,Telangana,2346.55,20
15-01-2023,Tomato,Hyderabad,Telangana,1961.77,85
15-01-2023,Potato,Nizamabad,Telangana,2206.84,137
15-01-2023,Potato,Karimnagar,Telangana,1836.56,141
15-01-2023,Potato,Khammam,Telangana,1959.08,68
15-01-2023,Tomato,Karimnagar,Telangana,1843.36,143
15-01-2023,Onion,Khammam,Telangana,1783.01,107
15-01-2023,Potato,Warangal,Telangana,2199.63,97
15-01-2023,Onion,Karimnagar,Telangana,1740.64,77
15-01-2023,Tomato,Khammam,Telangana,1756.08,123
15-01-2023,Onion,Warangal,Telangana,1848.76,59
15-01-2023,Onion,Adilabad,Telangana,1647.4,111
15-01-2023,Rice,Khammam,Telangana,2920.46,116
15-01-2023,Rice,Adilabad,Telangana,2827.24,122
15-01-2023,Rice,Nizamabad,Telangana,2974.36,113
15-01-2023,Tomato,Nizamabad,Telangana,1613.98,123
15-01-2023,Rice,Hyderabad,Telangana,2821.45,93
15-01-2024,Rice,Karimnagar,Telangana,2931.42,131
15-01-2024,Potato,Khammam,Telangana,2025.73,109
15-01-2024,Potato,Hyderabad,Telangana,1832.66,148
15-01-2024,Rice,Khammam,Telangana,2990.34,114
15-01-2024,Tomato,Hyderabad,Telangana,2083.24,58
15-01-2024,Potato,Karimnagar,Telangana,1868.44,143
15-01-2024,Tomato,Adilabad,Telangana,1794.88,80
15-01-2024,Rice,Nizamabad,Telangana,3090.95,25
15-01-2024,Rice,Hyderabad,Telangana,2993.89,126
15-01-2024,Potato,Adilabad,Telangana,2004.89,95
15-01-2024,Tomato,Warangal,Telangana,1825.17,94
15-01-2024,Rice,Adilabad,Telangana,2740.27,87
15-01-2024,Potato,Nizamabad,Telangana,2126.82,72
15-01-2024,Onion,Karimnagar,Telangana,1720.3,164
15-01-2024,Onion,Nizamabad,Telangana,1680.31,36
15-01-2024,Onion,Adilabad,Telangana,1696.69,109
15-01-2024,Potato,Warangal,Telangana,1685.89,216
15-01-2024,Tomato,Khammam,Telangana,1663.38,201
15-01-2024,Tomato,Karimnagar,Telangana,1716.1,123
15-01-2024,Onion,Khammam,Telangana,1693.45,77
15-01-2024,Onion,Warangal,Telangana,1594.34,93
15-01-2024,Onion,Hyderabad,Telangana,1562.23,106
15-02-2022,Rice,Khammam,Telangana,2777.36,155
15-02-2022,Potato,Khammam,Telangana,1901.23,117
15-02-2022,Rice,Karimnagar,Telangana,3079.11,104
15-02-2022,Rice,Hyderabad,Telangana,2745.34,109
15-02-2022,Tomato,Warangal,Telangana,1858.66,141
15-02-2022,Potato,Karimnagar,Telangana,2145.71,79
15-02-2022,Onion,Nizamabad,Telangana,1632.77,92
15-02-2022,Tomato,Khammam,Telangana,2022.88,20
15-02-2022,Tomato,Nizamabad,Telangana,2056.49,103
15-02-2022,Rice,Nizamabad,Telangana,2622.62,125
15-02-2022,Tomato,Adilabad,Telangana,1804.19,147
15-02-2022,Onion,Adilabad,Telangana,1377.18,149
15-02-2022,Potato,Adilabad,Telangana,1900.01,178
15-02-2022,Rice,Warangal,Telangana,3046.05,139
15-02-2022,Onion,Warangal,Telangana,1749.42,103
15-02-2022,Rice,Adilabad,Telangana,2721.93,102
15-02-2022,Onion,Khammam,Telangana,1544.81,157
15-02-2022,Tomato,Karimnagar,Telangana,1958.63,141
15-02-2022,Tomato,Hyderabad,Telangana,2010.13,123
15-02-2022,Onion,Karimnagar,Telangana,1650.64,138
15-02-2022,Potato,Hyderabad,Telangana,2138.99,159
15-02-2023,Potato,Karimnagar,Telangana,2164.17,147
15-02-2023,Rice,Nizamabad,Telangana,3223.55,36
15-02-2023,Tomato,Hyderabad,Telangana,2111.01,99
15-02-2023,Rice,Warangal,Telangana,2930.2,174
15-02-2023,Onion,Warangal,Telangana,1805.02,83
15-02-2023,Potato,Nizamabad,Telangana,2301.37,68
15-02-2023,Onion,Karimnagar,Telangana,1840.18,127
15-02-2023,Tomato,Khammam,Telangana,2024.06,24
15-02-2023,Onion,Nizamabad,Telangana,1637.81,154
15-02-2023,Potato,Warangal,Telangana,2124.97,43
15-02-2023,Rice,Hyderabad,Telangana,2881.91,115
15-02-2023,Rice,Khammam,Telangana,2904.09,182
15-02-2023,Onion,Adilabad,Telangana,1955.85,108
15-02-2023,Potato,Adilabad,Telangana,1844.71,218
15-02-2023,Tomato,Warangal,Telangana,1938.58,148
15-02-2023,Potato,Hyderabad,Telangana,2175.54,114
15-02-2023,Tomato,Karimnagar,Telangana,1661.57,174
15-02-2023,Potato,Khammam,Telangana,2030.34,107
15-02-2023,Onion,Hyderabad,Telangana,1884.95,107
15-02-2023,Tomato,Nizamabad,Telangana,1802.02,167
15-02-2023,Onion,Khammam,Telangana,1693.5,90
15-02-2024,Onion,Nizamabad,Telangana,1670.84,124
15-02-2024,Tomato,Karimnagar,Telangana,1615.62,211
15-02-2024,Rice,Nizamabad,Telangana,2858.24,173
15-02-2024,Rice,Khammam,Telangana,2842.31,188
15-02-2024,Potato,Adilabad,Telangana,2202.14,112
15-02-2024,Onion,Warangal,Telangana,1686.2,112
15-02-2024,Potato,Nizamabad,Telangana,1802.62,106
15-02-2024,Rice,Karimnagar,Telangana,2960.5,127
15-02-2024,Onion,Hyderabad,Telangana,1712.29,94
15-02-2024,Onion,Khammam,Telangana,1603.21,151
15-02-2024,Tomato,Khammam,Telangana,1894.76,155
15-02-2024,Potato,Hyderabad,Telangana,2126.94,59
15-02-2024,Potato,Karimnagar,Telangana,2255.21,175
15-02-2024,Rice,Warangal,Telangana,2683.42,149
15-02-2024,Rice,Hyderabad,Telangana,3120.32,123
15-02-2024,Potato,Khammam,Telangana,2249.98,122
15-02-2024,Potato,Warangal,Telangana,2112.6,97
15-02-2024,Rice,Adilabad,Telangana,3127.05,146
15-02-2024,Tomato,Hyderabad,Telangana,1885.45,115
15-02-2024,Tomato,Adilabad,Telangana,1786.64,92
15-02-2024,Onion,Karimnagar,Telangana,1682.15,130
15-02-2024,Tomato,Nizamabad,Telangana,2148.43,66
15-02-2024,Onion,Adilabad,Telangana,1478.17,122
15-02-2024,Tomato,Warangal,Telangana,1900.98,99
15-03-2022,Tomato,Karimnagar,Telangana,2147.63,32
15-03-2022,Tomato,Khammam,Telangana,1861.7,87
15-03-2022,Tomato,Warangal,Telangana,1916.7,135
15-03-2022,Rice,Karimnagar,Telangana,2896.37,148
15-03-2022,Tomato,Adilabad,Telangana,1912.62,110
15-03-2022,Onion,Karimnagar,Telangana,1708.82,140
15-03-2022,Potato,Khammam,Telangana,1970.31,150
15-03-2022,Onion,Hyderabad,Telangana,1897.4,94
15-03-2022,Rice,Nizamabad,Telangana,3109.65,48
15-03-2022,Rice,Adilabad,Telangana,3107.31,140
15-03-2022,Potato,Nizamabad,Telangana,2219.33,41
15-03-2022,Potato,Adilabad,Telangana,1745.49,122
15-03-2022,Potato,Hyderabad,Telangana,2057.95,99
15-03-2022,Onion,Khammam,Telangana,1872.2,143
15-03-2022,Potato,Karimnagar,Telangana,2197.82,98
15-03-2022,Rice,Khammam,Telangana,2903.5,154
15-03-2022,Onion,Adilabad,Telangana,1799.98,109
15-03-2022,Tomato,Nizamabad,Telangana,1844.49,201
15-03-2022,Onion,Warangal,Telangana,1498.66,198
15-03-2022,Tomato,Hyderabad,Telangana,1891.76,70
15-03-2022,Potato,Warangal,Telangana,2086.31,92
15-03-2022,Rice,Warangal,Telangana,2896.8,200
15-03-2022,Rice,Hyderabad,Telangana,2971.35,195
15-03-2023,Tomato,Khammam,Telangana,2094.55,116
15-03-2023,Potato,Warangal,Telangana,2214.4,85
15-03-2023,Rice,Karimnagar,Telangana,3176.9,125
15-03-2023,Onion,Khammam,Telangana,1658.25,98
15-03-2023,Onion,Nizamabad,Telangana,1787.92,149
15-03-2023,Onion,Adilabad,Telangana,1761.78,97
15-03-2023,Potato,Hyderabad,Telangana,1958.73,119
15-03-2023,Tomato,Warangal,Telangana,1736.43,133
15-03-2023,Onion,Karimnagar,Telangana,1593.73,67
15-03-2023,Rice,Adilabad,Telangana,2808.93,195
15-03-2023,Potato,Adilabad,Telangana,2252.73,88
15-03-2023,Potato,Khammam,Telangana,2265.8,104
15-03-2023,Rice,Warangal,Telangana,2820.15,82
15-03-2023,Potato,Karimnagar,Telangana,2476.9,64
15-03-2023,Potato,Nizamabad,Telangana,2201.65,86
15-03-2023,Tomato,Nizamabad,Telangana,1856.19,156
15-03-2023,Rice,Nizamabad,Telangana,2858.01,115
15-03-2023,Tomato,Hyderabad,Telangana,2019.07,99
15-03-2023,Rice,Hyderabad,Telangana,2975.02,180
15-03-2023,Onion,Hyderabad,Telangana,1706.4,120
15-03-2023,Tomato,Karimnagar,Telangana,2079.0,101
15-03-2023,Tomato,Adilabad,Telangana,1636.91,195
15-03-2024,Rice,Warangal,Telangana,3054.69,50
15-03-2024,Rice,Karimnagar,Telangana,2957.66,104
15-03-2024,Onion,Hyderabad,Telangana,1595.27,86
15-03-2024,Tomato,Nizamabad,Telangana,2018.49,173
15-03-2024,Tomato,Warangal,Telangana,2214.87,111
15-03-2024,Onion,Khammam,Telangana,1680.22,105
15-03-2024,Tomato,Karimnagar,Telangana,2042.73,78
15-03-2024,Rice,Hyderabad,Telangana,2865.33,98
15-03-2024,Rice,Khammam,Telangana,3026.18,92
15-03-2024,Tomato,Adilabad,Telangana,1780.62,165
15-03-2024,Tomato,Khammam,Telangana,2005.32,139
15-03-2024,Onion,Nizamabad,Telangana,1793.78,120
15-03-2024,Potato,Nizamabad,Telangana,2144.77,147
15-03-2024,Onion,Adilabad,Telangana,1595.77,171
15-03-2024,Rice,Adilabad,Telangana,3109.0,68
15-03-2024,Potato,Hyderabad,Telangana,1974.58,105
15-03-2024,Rice,Nizamabad,Telangana,2932.28,142
15-03-2024,Potato,Khammam,Telangana,2018.55,136
15-03-2024,Potato,Warangal,Telangana,2113.13,95
15-03-2024,Onion,Warangal,Telangana,1890.59,86
15-03-2024,Potato,Karimnagar,Telangana,2336.29,41
15-03-2024,Potato,Adilabad,Telangana,2144.26,81
15-04-2022,Tomato,Warangal,Telangana,2015.71,146
15-04-2022,Rice,Adilabad,Telangana,2884.39,110
15-04-2022,Rice,Karimnagar,Telangana,2729.12,206
15-04-2022,Tomato,Karimnagar,Telangana,2000.5,146
15-04-2022,Onion,Karimnagar,Telangana,1958.6,109
15-04-2022,Onion,Khammam,Telangana,1954.05,109
15-04-2022,Tomato,Hyderabad,Telangana,2377.53,140
15-04-2022,Rice,Nizamabad,Telangana,2950.32,84
15-04-2022,Potato,Hyderabad,Telangana,2395.8,51
15-04-2022,Onion,Nizamabad,Telangana,1820.29,130
15-04-2022,Onion,Warangal,Telangana,1813.93,104
15-04-2022,Rice,Khammam,Telangana,3099.9,90
15-04-2022,Onion,Adilabad,Telangana,2035.23,110
15-04-2022,Tomato,Nizamabad,Telangana,1889.73,155
15-04-2022,Potato,Nizamabad,Telangana,2043.7,174
15-04-2022,Rice,Warangal,Telangana,2910.43,133
15-04-2022,Tomato,Khammam,Telangana,2248.8,44
15-04-2022,Potato,Khammam,Telangana,2047.21,158
15-04-2022,Onion,Hyderabad,Telangana,1751.77,117
15-04-2022,Potato,Warangal,Telangana,2327.23,107
15-04-2022,Rice,Hyderabad,Telangana,2834.12,134
15-04-2022,Potato,Adilabad,Telangana,2180.33,104
15-04-2022,Tomato,Adilabad,Telangana,2043.59,129
15-04-2022,Potato,Karimnagar,Telangana,1957.05,161
15-04-2023,Onion,Nizamabad,Telangana,1924.4,136
15-04-2023,Rice,Adilabad,Telangana,2920.38,75
15-04-2023,Potato,Hyderabad,Telangana,2217.73,139
15-04-2023,Onion,Karimnagar,Telangana,1758.84,105
15-04-2023,Tomato,Khammam,Telangana,2126.76,55
15-04-2023,Tomato,Nizamabad,Telangana,1939.79,125
15-04-2023,Potato,Adilabad,Telangana,2549.85,51
15-04-2023,Potato,Khammam,Telangana,2228.7,101
15-04-2023,Rice,Nizamabad,Telangana,2936.22,127
15-04-2023,Onion,Warangal,Telangana,1793.16,79
15-04-2023,Tomato,Warangal,Telangana,1933.68,182
15-04-2023,Tomato,Hyderabad,Telangana,1869.51,129
15-04-2023,Rice,Warangal,Telangana,2912.94,96
15-04-2023,Rice,Khammam,Telangana,2866.75,130
15-04-2023,Onion,Khammam,Telangana,1753.78,171
15-04-2023,Onion,Hyderabad,Telangana,1871.38,70
15-04-2023,Tomato,Karimnagar,Telangana,2065.15,111
15-04-2023,Potato,Karimnagar,Telangana,2074.96,121
15-04-2023,Potato,Nizamabad,Telangana,2033.39,168
15-04-2023,Onion,Adilabad,Telangana,1622.65,130
15-04-2023,Tomato,Adilabad,Telangana,1827.86,69
15-04-2023,Potato,Warangal,Telangana,2017.48,95
15-04-2023,Rice,Hyderabad,Telangana,3268.82,58
15-04-2023,Rice,Karimnagar,Telangana,2876.9,107
15-04-2024,Rice,Nizamabad,Telangana,3116.97,109
15-04-2024,Potato,Adilabad,Telangana,1987.57,146
15-04-2024,Onion,Khammam,Telangana,1761.98,60
15-04-2024,Onion,Nizamabad,Telangana,1845.29,92
15-04-2024,Tomato,Adilabad,Telangana,1885.21,151
15-04-2024,Potato,Khammam,Telangana,2337.71,110
15-04-2024,Onion,Karimnagar,Telangana,1663.83,82
15-04-2024,Potato,Hyderabad,Telangana,2025.69,105
15-04-2024,Tomato,Khammam,Telangana,1880.24,162
15-04-2024,Tomato,Karimnagar,Telangana,2162.97,171
15-04-2024,Potato,Nizamabad,Telangana,2204.41,65
15-04-2024,Onion,Hyderabad,Telangana,1510.83,179
15-04-2024,Tomato,Nizamabad,Telangana,1746.01,168
15-04-2024,Rice,Karimnagar,Telangana,2901.35,97
15-04-2024,Tomato,Hyderabad,Telangana,1930.4,110
15-04-2024,Potato,Warangal,Telangana,2045.84,152
15-04-2024,Onion,Adilabad,Telangana,1596.14,176
15-04-2024,Rice,Hyderabad,Telangana,2596.7,211
15-04-2024,Tomato,Warangal,Telangana,1952.72,116
15-04-2024,Rice,Warangal,Telangana,2978.45,205
15-04-2024,Potato,Karimnagar,Telangana,2224.45,106
15-04-2024,Rice,Khammam,Telangana,2689.5,198
15-04-2024,Rice,Adilabad,Telangana,2913.54,102
15-04-2024,Onion,Warangal,Telangana,1884.16,112
15-05-2022,Potato,Hyderabad,Telangana,2312.04,23
15-05-2022,Rice,Karimnagar,Telangana,3265.98,52
15-05-2022,Potato,Khammam,Telangana,2183.97,156
15-05-2022,Tomato,Khammam,Telangana,2016.81,103
15-05-2022,Tomato,Adilabad,Telangana,1714.17,191
15-05-2022,Tomato,Warangal,Telangana,1907.39,176
15-05-2022,Onion,Karimnagar,Telangana,1636.26,102
15-05-2022,Tomato,Hyderabad,Telangana,1959.93,102
15-05-2022,Onion,Nizamabad,Telangana,1760.59,109
15-05-2022,Onion,Hyderabad,Telangana,1641.28,178
15-05-2022,Tomato,Nizamabad,Telangana,2208.31,50
15-05-2022,Rice,Khammam,Telangana,2931.96,125
15-05-2022,Potato,Karimnagar,Telangana,2037.94,92
15-05-2022,Onion,Khammam,Telangana,1895.56,26
15-05-2022,Rice,Adilabad,Telangana,2847.01,151
15-05-2022,Onion,Adilabad,Telangana,1592.65,125
15-05-2022,Potato,Adilabad,Telangana,2082.14,74
15-05-2022,Onion,Warangal,Telangana,1534.58,139
15-05-2022,Potato,Warangal,Telangana,1896.5,146
15-05-2022,Rice,Nizamabad,Telangana,2769.18,175
15-05-2022,Potato,Nizamabad,Telangana,1910.58,134
15-05-2022,Tomato,Karimnagar,Telangana,2017.78,125
15-05-2022,Rice,Hyderabad,Telangana,2827.53,91
15-05-2022,Rice,Warangal,Telangana,2725.9,137
15-05-2023,Rice,Adilabad,Telangana,2757.69,149
15-05-2023,Potato,Nizamabad,Telangana,2268.35,51
15-05-2023,Potato,Adilabad,Telangana,2065.98,137
15-05-2023,Rice,Khammam,Telangana,2811.77,162
15-05-2023,Potato,Hyderabad,Telangana,1976.68,131
15-05-2023,Onion,Adilabad,Telangana,1655.36,93
15-05-2023,Rice,Hyderabad,Telangana,2839.79,97
15-05-2023,Rice,Nizamabad,Telangana,2997.96,158
15-05-2023,Tomato,Khammam,Telangana,1741.8,208
15-05-2023,Tomato,Karimnagar,Telangana,2033.47,136
15-05-2023,Potato,Karimnagar,Telangana,1840.5,112
15-05-2023,Onion,Nizamabad,Telangana,1649.75,151
15-05-2023,Rice,Warangal,Telangana,2923.01,150
15-05-2023,Onion,Karimnagar,Telangana,1696.35,83
15-05-2023,Rice,Karimnagar,Telangana,2724.1,152
15-05-2023,Onion,Hyderabad,Telangana,1391.31,189
15-05-2023,Tomato,Nizamabad,Telangana,1666.19,155
15-05-2023,Onion,Khammam,Telangana,1675.35,131
15-05-2023,Tomato,Adilabad,Telangana,1947.57,139
15-05-2023,Tomato,Hyderabad,Telangana,2022.95,97
15-05-2023,Tomato,Warangal,Telangana,1974.38,105
15-05-2024,Potato,Nizamabad,Telangana,1977.93,106
15-05-2024,Potato,Adilabad,Telangana,1950.52,151
15-05-2024,Tomato,Warangal,Telangana,2010.84,179
15-05-2024,Rice,Warangal,Telangana,2742.13,214
15-05-2024,Tomato,Karimnagar,Telangana,1919.32,98
15-05-2024,Rice,Khammam,Telangana,2965.91,69
15-05-2024,Rice,Hyderabad,Telangana,2708.71,164
15-05-2024,Onion,Adilabad,Telangana,1723.74,78
15-05-2024,Tomato,Adilabad,Telangana,2072.32,57
15-05-2024,Potato,Karimnagar,Telangana,2180.11,106
15-05-2024,Rice,Nizamabad,Telangana,2804.27,115
15-05-2024,Onion,Nizamabad,Telangana,1788.68,73
15-05-2024,Tomato,Hyderabad,Telangana,1881.99,111
15-05-2024,Tomato,Nizamabad,Telangana,1889.77,117
15-05-2024,Onion,Warangal,Telangana,1652.79,133
15-05-2024,Rice,Adilabad,Telangana,2975.61,106
15-05-2024,Onion,Karimnagar,Telangana,1556.86,125
15-05-2024,Rice,Karimnagar,Telangana,2750.3,85
15-05-2024,Potato,Hyderabad,Telangana,1897.49,202
15-05-2024,Potato,Warangal,Telangana,1970.44,198
15-06-2022,Tomato,Khammam,Telangana,1793.34,170
15-06-2022,Potato,Warangal,Telangana,1972.13,103
15-06-2022,Rice,Karimnagar,Telangana,2682.03,209
15-06-2022,Onion,Adilabad,Telangana,1754.25,159
15-06-2022,Onion,Khammam,Telangana,1722.86,118
15-06-2022,Rice,Hyderabad,Telangana,2824.61,184
15-06-2022,Onion,Karimnagar,Telangana,1782.6,24
15-06-2022,Tomato,Hyderabad,Telangana,1713.67,119
15-06-2022,Rice,Adilabad,Telangana,2844.84,178
15-06-2022,Rice,Warangal,Telangana,2857.07,128
15-06-2022,Potato,Karimnagar,Telangana,2127.76,132
15-06-2022,Onion,Warangal,Telangana,1602.33,91
15-06-2022,Onion,Nizamabad,Telangana,1759.18,127
15-06-2022,Tomato,Adilabad,Telangana,1670.18,176
15-06-2022,Potato,Nizamabad,Telangana,1912.23,157
15-06-2022,Tomato,Nizamabad,Telangana,1836.51,114
15-06-2022,Onion,Hyderabad,Telangana,1794.71,56
15-06-2022,Tomato,Karimnagar,Telangana,1950.71,146
15-06-2022,Tomato,Warangal,Telangana,1787.7,137
15-06-2022,Potato,Adilabad,Telangana,1865.38,106
15-06-2023,Onion,Adilabad,Telangana,1633.96,118
15-06-2023,Potato,Karimnagar,Telangana,2047.92,123
15-06-2023,Onion,Karimnagar,Telangana,1836.47,58
15-06-2023,Onion,Khammam,Telangana,1495.96,125
15-06-2023,Potato,Hyderabad,Telangana,1734.88,124
15-06-2023,Onion,Warangal,Telangana,1574.89,177
15-06-2023,Rice,Hyderabad,Telangana,2833.81,163
15-06-2023,Tomato,Karimnagar,Telangana,1667.36,179
15-06-2023,Tomato,Hyderabad,Telangana,1417.52,150
15-06-2023,Tomato,Warangal,Telangana,1921.41,98
15-06-2023,Potato,Warangal,Telangana,1929.45,154
15-06-2023,Tomato,Khammam,Telangana,2067.55,99
15-06-2023,Rice,Karimnagar,Telangana,2757.51,129
15-06-2023,Rice,Adilabad,Telangana,2931.74,97
15-06-2023,Rice,Khammam,Telangana,3058.79,130
15-06-2023,Onion,Hyderabad,Telangana,1465.51,136
15-06-2023,Onion,Nizamabad,Telangana,1819.04,92
15-06-2023,Tomato,Nizamabad,Telangana,1699.01,104
15-06-2023,Potato,Adilabad,Telangana,2099.23,111
15-06-2023,Tomato,Adilabad,Telangana,1837.96,125
15-06-2023,Potato,Khammam,Telangana,1887.59,212
15-06-2023,Potato,Nizamabad,Telangana,1944.76,186
15-06-2023,Rice,Warangal,Telangana,2695.72,86
15-06-2023,Rice,Nizamabad,Telangana,2710.87,178
15-06-2024,Tomato,Khammam,Telangana,1612.45,113
15-06-2024,Rice,Nizamabad,Telangana,2815.23,113
15-06-2024,Rice,Adilabad,Telangana,2525.02,132
15-06-2024,Tomato,Hyderabad,Telangana,1910.61,113
15-06-2024,Potato,Warangal,Telangana,2104.67,117
15-06-2024,Onion,Adilabad,Telangana,1699.23,85
15-06-2024,Onion,Khammam,Telangana,1543.2,160
15-06-2024,Tomato,Karimnagar,Telangana,1825.97,124
15-06-2024,Rice,Hyderabad,Telangana,2881.41,108
15-06-2024,Potato,Karimnagar,Telangana,1869.78,117
15-06-2024,Tomato,Adilabad,Telangana,1865.02,122
15-06-2024,Rice,Warangal,Telangana,2947.26,82
15-06-2024,Potato,Hyderabad,Telangana,2052.98,96
15-06-2024,Potato,Adilabad,Telangana,1805.76,157
15-06-2024,Potato,Khammam,Telangana,2086.15,139
15-06-2024,Rice,Karimnagar,Telangana,2786.06,125
15-06-2024,Onion,Hyderabad,Telangana,2038.39,87
15-06-2024,Tomato,Warangal,Telangana,1454.51,212
15-06-2024,Rice,Khammam,Telangana,2909.77,128
15-06-2024,Potato,Nizamabad,Telangana,2084.08,80
15-07-2022,Rice,Hyderabad,Telangana,2940.98,122
15-07-2022,Onion,Hyderabad,Telangana,1497.68,113
15-07-2022,Potato,Khammam,Telangana,1849.19,145
15-07-2022,Rice,Karimnagar,Telangana,2610.31,133
15-07-2022,Potato,Karimnagar,Telangana,1966.17,121
15-07-2022,Onion,Adilabad,Telangana,1547.21,104
15-07-2022,Tomato,Karimnagar,Telangana,1796.74,52
15-07-2022,Rice,Adilabad,Telangana,2868.79,118
15-07-2022,Rice,Warangal,Telangana,2627.9,150
15-07-2022,Onion,Khammam,Telangana,1646.35,126
15-07-2022,Onion,Karimnagar,Telangana,1481.64,129
15-07-2022,Potato,Hyderabad,Telangana,2012.37,96
15-07-2022,Potato,Adilabad,Telangana,1910.52,136
15-07-2022,Potato,Nizamabad,Telangana,1877.72,151
15-07-2022,Onion,Warangal,Telangana,1466.52,110
15-07-2022,Onion,Nizamabad,Telangana,1786.3,63
15-07-2022,Tomato,Hyderabad,Telangana,1848.33,84
15-07-2022,Tomato,Warangal,Telangana,1900.76,56
15-07-2022,Potato,Warangal,Telangana,2011.16,77
15-07-2022,Tomato,Nizamabad,Telangana,1548.51,54
15-07-2022,Rice,Khammam,Telangana,2690.51,193
15-07-2022,Tomato,Khammam,Telangana,1858.25,86
15-07-2022,Rice,Nizamabad,Telangana,2786.57,72
15-07-2022,Tomato,Adilabad,Telangana,1909.01,115
15-07-2023,Tomato,Khammam,Telangana,1720.42,39
15-07-2023,Tomato,Warangal,Telangana,1864.7,91
15-07-2023,Potato,Adilabad,Telangana,1993.02,75
15-07-2023,Tomato,Adilabad,Telangana,1459.22,220
15-07-2023,Tomato,Hyderabad,Telangana,1771.74,164
15-07-2023,Tomato,Karimnagar,Telangana,1699.46,160
15-07-2023,Potato,Karimnagar,Telangana,1957.6,207
15-07-2023,Rice,Khammam,Telangana,2732.81,132
15-07-2023,Onion,Hyderabad,Telangana,1498.38,148
15-07-2023,Onion,Adilabad,Telangana,1538.02,150
15-07-2023,Onion,Khammam,Telangana,1343.0,182
15-07-2023,Potato,Hyderabad,Telangana,1960.17,139
15-07-2023,Rice,Nizamabad,Telangana,2609.93,138
15-07-2023,Rice,Karimnagar,Telangana,2953.05,115
15-07-2023,Tomato,Nizamabad,Telangana,1736.3,106
15-07-2023,Rice,Hyderabad,Telangana,2943.39,26
15-07-2023,Onion,Karimnagar,Telangana,1406.48,120
15-07-2023,Onion,Warangal,Telangana,1341.34,168
15-07-2023,Rice,Adilabad,Telangana,2689.38,153
15-07-2023,Potato,Khammam,Telangana,1817.22,109
15-07-2023,Onion,Nizamabad,Telangana,1707.26,108
15-08-2022,Rice,Karimnagar,Telangana,2468.97,150
15-08-2022,Potato,Karimnagar,Telangana,1762.95,126
15-08-2022,Tomato,Nizamabad,Telangana,1458.41,144
15-08-2022,Potato,Adilabad,Telangana,1719.91,167
15-08-2022,Tomato,Karimnagar,Telangana,1611.23,138
15-08-2022,Tomato,Adilabad,Telangana,1703.44,94
15-08-2022,Onion,Adilabad,Telangana,1488.69,120
15-08-2022,Rice,Adilabad,Telangana,2710.01,109
15-08-2022,Onion,Karimnagar,Telangana,1297.42,149
15-08-2022,Onion,Nizamabad,Telangana,1227.69,127
15-08-2022,Potato,Nizamabad,Telangana,2049.88,161
15-08-2022,Tomato,Hyderabad,Telangana,1764.33,80
15-08-2022,Rice,Nizamabad,Telangana,2605.86,156
15-08-2022,Onion,Warangal,Telangana,1665.88,129
15-08-2022,Tomato,Khammam,Telangana,1687.78,117
15-08-2022,Potato,Khammam,Telangana,1946.85,119
15-08-2022,Potato,Hyderabad,Telangana,1695.96,173
15-08-2022,Tomato,Warangal,Telangana,1740.39,61
15-08-2022,Rice,Khammam,Telangana,2666.63,154
15-08-2022,Rice,Warangal,Telangana,2761.04,95
15-08-2022,Rice,Hyderabad,Telangana,2465.84,122
15-08-2022,Potato,Warangal,Telangana,1881.47,138
15-08-2022,Onion,Khammam,Telangana,1659.32,89
15-08-2023,Onion,Karimnagar,Telangana,1238.51,124
15-08-2023,Rice,Nizamabad,Telangana,2378.59,135
15-08-2023,Potato,Nizamabad,Telangana,1909.41,144
15-08-2023,Onion,Khammam,Telangana,1476.33,176
15-08-2023,Tomato,Warangal,Telangana,1600.49,149
15-08-2023,Potato,Adilabad,Telangana,1825.5,96
15-08-2023,Potato,Warangal,Telangana,1727.91,197
15-08-2023,Potato,Karimnagar,Telangana,1688.29,80
15-08-2023,Tomato,Karimnagar,Telangana,1642.43,52
15-08-2023,Rice,Adilabad,Telangana,2678.27,70
15-08-2023,Potato,Hyderabad,Telangana,1413.43,165
15-08-2023,Tomato,Adilabad,Telangana,1640.11,149
15-08-2023,Tomato,Nizamabad,Telangana,1460.63,109
15-08-2023,Rice,Hyderabad,Telangana,2563.77,89
15-08-2023,Rice,Karimnagar,Telangana,2594.08,104
15-08-2023,Tomato,Khammam,Telangana,1766.99,123
15-08-2023,Tomato,Hyderabad,Telangana,1363.39,156
15-08-2023,Onion,Hyderabad,Telangana,1587.73,20
15-08-2023,Onion,Adilabad,Telangana,1324.44,120
15-08-2023,Rice,Khammam,Telangana,2667.02,113
15-08-2023,Potato,Khammam,Telangana,1871.84,82
15-08-2023,Onion,Warangal,Telangana,1443.64,107
15-08-2023,Rice,Warangal,Telangana,2591.89,102
15-09-2022,Potato,Nizamabad,Telangana,1873.28,127
15-09-2022,Rice,Khammam,Telangana,2637.59,127
15-09-2022,Onion,Warangal,Telangana,1081.71,227
15-09-2022,Tomato,Nizamabad,Telangana,1481.03,110
15-09-2022,Rice,Hyderabad,Telangana,2370.12,146
15-09-2022,Potato,Adilabad,Telangana,1790.8,111
15-09-2022,Rice,Nizamabad,Telangana,2467.52,103
15-09-2022,Onion,Khammam,Telangana,1494.67,113
15-09-2022,Tomato,Khammam,Telangana,1546.36,171
15-09-2022,Potato,Warangal,Telangana,1697.87,92
15-09-2022,Onion,Hyderabad,Telangana,1278.28,113
15-09-2022,Potato,Khammam,Telangana,1735.73,131
15-09-2022,Onion,Karimnagar,Telangana,1137.68,161
15-09-2022,Tomato,Hyderabad,Telangana,1706.9,96
15-09-2022,Rice,Warangal,Telangana,2473.7,107
15-09-2022,Rice,Karimnagar,Telangana,2630.97,39
15-09-2022,Tomato,Warangal,Telangana,1566.85,146
15-09-2022,Tomato,Karimnagar,Telangana,1393.54,185
15-09-2022,Onion,Adilabad,Telangana,1174.81,143
15-09-2022,Potato,Hyderabad,Telangana,1786.79,89
15-09-2022,Rice,Adilabad,Telangana,2490.13,142
15-09-2023,Tomato,Hyderabad,Telangana,1473.38,94
15-09-2023,Tomato,Khammam,Telangana,1452.11,127
15-09-2023,Rice,Warangal,Telangana,2410.91,63
15-09-2023,Onion,Karimnagar,Telangana,1337.44,138
15-09-2023,Onion,Warangal,Telangana,1181.99,191
15-09-2023,Potato,Warangal,Telangana,1803.91,51
15-09-2023,Potato,Khammam,Telangana,1851.21,85
15-09-2023,Potato,Hyderabad,Telangana,1613.2,184
15-09-2023,Onion,Khammam,Telangana,1313.09,132
15-09-2023,Tomato,Warangal,Telangana,1266.26,148
15-09-2023,Tomato,Karimnagar,Telangana,1539.97,166
15-09-2023,Onion,Nizamabad,Telangana,1466.94,144
15-09-2023,Potato,Karimnagar,Telangana,1759.46,59
15-09-2023,Onion,Adilabad,Telangana,1543.61,73
15-09-2023,Onion,Hyderabad,Telangana,1266.44,186
15-09-2023,Rice,Nizamabad,Telangana,2740.71,79
15-09-2023,Potato,Nizamabad,Telangana,1846.17,123
15-09-2023,Potato,Adilabad,Telangana,1933.68,121
15-09-2023,Tomato,Nizamabad,Telangana,1864.07,80
15-09-2023,Rice,Karimnagar,Telangana,2530.23,154
15-09-2023,Rice,Hyderabad,Telangana,2460.63,170
15-09-2023,Rice,Khammam,Telangana,2405.65,192
15-10-2022,Tomato,Khammam,Telangana,1573.48,152
15-10-2022,Onion,Nizamabad,Telangana,1259.12,174
15-10-2022,Tomato,Adilabad,Telangana,1431.71,136
15-10-2022,Onion,Khammam,Telangana,1289.91,153
15-10-2022,Potato,Adilabad,Telangana,2022.27,117
15-10-2022,Potato,Hyderabad,Telangana,1822.41,70
15-10-2022,Onion,Warangal,Telangana,1448.65,146
15-10-2022,Rice,Hyderabad,Telangana,2503.29,190
15-10-2022,Rice,Karimnagar,Telangana,2729.98,61
15-10-2022,Onion,Karimnagar,Telangana,1241.08,162
15-10-2022,Onion,Adilabad,Telangana,1399.12,107
15-10-2022,Rice,Khammam,Telangana,2692.58,110
15-10-2022,Potato,Khammam,Telangana,1745.93,151
15-10-2022,Rice,Nizamabad,Telangana,2525.87,152
15-10-2022,Potato,Warangal,Telangana,1926.59,109
15-10-2022,Tomato,Warangal,Telangana,1651.0,164
15-10-2022,Onion,Hyderabad,Telangana,1253.41,75
15-10-2022,Potato,Nizamabad,Telangana,1848.84,102
15-10-2022,Tomato,Karimnagar,Telangana,1640.16,112
15-10-2022,Rice,Adilabad,Telangana,2768.09,100
15-10-2022,Potato,Karimnagar,Telangana,1953.23,72
15-10-2022,Rice,Warangal,Telangana,2585.47,126
15-10-2022,Tomato,Hyderabad,Telangana,1233.84,153
15-10-2022,Tomato,Nizamabad,Telangana,1454.55,137
15-10-2023,Tomato,Khammam,Telangana,1638.5,65
15-10-2023,Rice,Karimnagar,Telangana,2464.71,157
15-10-2023,Onion,Warangal,Telangana,1233.85,60
15-10-2023,Potato,Hyderabad,Telangana,1917.71,85
15-10-2023,Potato,Warangal,Telangana,1681.99,138
15-10-2023,Rice,Adilabad,Telangana,2817.23,95
15-10-2023,Tomato,Hyderabad,Telangana,1415.36,141
15-10-2023,Tomato,Karimnagar,Telangana,1626.57,145
15-10-2023,Potato,Khammam,Telangana,1825.98,127
15-10-2023,Rice,Nizamabad,Telangana,2885.99,119
15-10-2023,Onion,Nizamabad,Telangana,1562.36,99
15-10-2023,Potato,Nizamabad,Telangana,1683.35,141
15-10-2023,Tomato,Warangal,Telangana,1668.55,90
15-10-2023,Onion,Karimnagar,Telangana,1606.11,83
15-10-2023,Rice,Khammam,Telangana,2666.33,151
15-10-2023,Rice,Warangal,Telangana,2511.96,141
15-10-2023,Tomato,Adilabad,Telangana,1394.32,129
15-10-2023,Onion,Adilabad,Telangana,1305.85,197
15-10-2023,Tomato,Nizamabad,Telangana,1445.61,110
15-10-2023,Onion,Hyderabad,Telangana,1189.08,138
15-10-2023,Potato,Karimnagar,Telangana,1730.71,154
15-10-2023,Potato,Adilabad,Telangana,1640.34,172
15-10-2023,Onion,Khammam,Telangana,1344.29,154
15-10-2023,Rice,Hyderabad,Telangana,2733.86,122
15-11-2022,Onion,Adilabad,Telangana,1307.35,97
15-11-2022,Onion,Hyderabad,Telangana,1584.42,112
15-11-2022,Rice,Hyderabad,Telangana,2772.25,135
15-11-2022,Tomato,Hyderabad,Telangana,1560.07,152
15-11-2022,Tomato,Nizamabad,Telangana,1343.87,154
15-11-2022,Tomato,Khammam,Telangana,1549.93,148
15-11-2022,Potato,Nizamabad,Telangana,1623.4,75
15-11-2022,Rice,Warangal,Telangana,2740.99,88
15-11-2022,Rice,Khammam,Telangana,2802.58,70
15-11-2022,Rice,Karimnagar,Telangana,2814.78,62
15-11-2022,Tomato,Adilabad,Telangana,1802.9,116
15-11-2022,Potato,Warangal,Telangana,1943.75,72
15-11-2022,Onion,Nizamabad,Telangana,1293.12,140
15-11-2022,Onion,Karimnagar,Telangana,1252.99,121
15-11-2022,Potato,Khammam,Telangana,1868.65,155
15-11-2022,Onion,Warangal,Telangana,1699.8,33
15-11-2022,Rice,Adilabad,Telangana,2742.75,78
15-11-2022,Potato,Karimnagar,Telangana,2370.07,20
15-11-2022,Potato,Hyderabad,Telangana,1628.81,124
15-11-2022,Onion,Khammam,Telangana,1386.3,137
15-11-2022,Tomato,Karimnagar,Telangana,1459.59,177
15-11-2022,Rice,Nizamabad,Telangana,2598.5,41
15-11-2022,Potato,Adilabad,Telangana,1894.97,101
15-11-2023,Rice,Khammam,Telangana,2519.33,103
15-11-2023,Tomato,Karimnagar,Telangana,1825.58,82
15-11-2023,Onion,Khammam,Telangana,1342.19,169
15-11-2023,Tomato,Khammam,Telangana,1580.57,169
15-11-2023,Rice,Nizamabad,Telangana,2710.28,124
15-11-2023,Onion,Nizamabad,Telangana,1246.19,177
15-11-2023,Onion,Adilabad,Telangana,1511.65,144
15-11-2023,Onion,Warangal,Telangana,1425.62,159
15-11-2023,Onion,Karimnagar,Telangana,1310.74,119
15-11-2023,Onion,Hyderabad,Telangana,1460.97,92
15-11-2023,Tomato,Warangal,Telangana,1666.24,104
15-11-2023,Potato,Karimnagar,Telangana,1709.36,104
15-11-2023,Tomato,Hyderabad,Telangana,1507.28,118
15-11-2023,Potato,Nizamabad,Telangana,1778.2,165
15-11-2023,Rice,Adilabad,Telangana,2693.64,166
15-11-2023,Tomato,Nizamabad,Telangana,1479.12,205
15-11-2023,Rice,Karimnagar,Telangana,2751.97,105
15-11-2023,Potato,Adilabad,Telangana,1888.58,84
15-11-2023,Rice,Warangal,Telangana,2287.89,220
15-11-2023,Tomato,Adilabad,Telangana,1761.86,79
15-11-2023,Potato,Hyderabad,Telangana,1657.87,117
15-11-2023,Rice,Hyderabad,Telangana,2757.72,125
15-12-2022,Tomato,Khammam,Telangana,1581.83,173
15-12-2022,Rice,Adilabad,Telangana,2766.6,139
15-12-2022,Onion,Karimnagar,Telangana,1600.81,116
15-12-2022,Potato,Khammam,Telangana,1635.69,202
15-12-2022,Onion,Nizamabad,Telangana,1581.99,156
15-12-2022,Tomato,Nizamabad,Telangana,1804.8,74
15-12-2022,Tomato,Karimnagar,Telangana,1803.46,77
15-12-2022,Tomato,Hyderabad,Telangana,1526.17,133
15-12-2022,Onion,Warangal,Telangana,1586.54,142
15-12-2022,Onion,Hyderabad,Telangana,1462.64,100
15-12-2022,Rice,Warangal,Telangana,2571.6,133
15-12-2022,Rice,Hyderabad,Telangana,2844.21,110
15-12-2022,Rice,Khammam,Telangana,2649.23,144
15-12-2022,Potato,Adilabad,Telangana,1758.38,177
15-12-2022,Tomato,Adilabad,Telangana,1768.1,124
15-12-2022,Potato,Warangal,Telangana,2045.54,136
15-12-2022,Potato,Karimnagar,Telangana,1888.65,135
15-12-2022,Rice,Nizamabad,Telangana,2775.4,113
15-12-2022,Potato,Hyderabad,Telangana,1995.99,91
15-12-2022,Potato,Nizamabad,Telangana,1861.24,103
15-12-2022,Rice,Karimnagar,Telangana,2779.54,150
15-12-2023,Rice,Adilabad,Telangana,2655.22,96
15-12-2023,Rice,Warangal,Telangana,2642.23,161
15-12-2023,Onion,Warangal,Telangana,1437.6,106
15-12-2023,Tomato,Hyderabad,Telangana,1405.92,202
15-12-2023,Onion,Nizamabad,Telangana,1731.18,179
15-12-2023,Potato,Nizamabad,Telangana,2040.86,125
15-12-2023,Onion,Adilabad,Telangana,1595.26,75
15-12-2023,Onion,Khammam,Telangana,1466.0,144
15-12-2023,Rice,Hyderabad,Telangana,2580.03,75
15-12-2023,Tomato,Adilabad,Telangana,1646.06,118
15-12-2023,Rice,Khammam,Telangana,2461.14,115
15-12-2023,Onion,Hyderabad,Telangana,1601.24,65
15-12-2023,Onion,Karimnagar,Telangana,1562.89,74
15-12-2023,Potato,Hyderabad,Telangana,2052.02,70
15-12-2023,Potato,Adilabad,Telangana,1914.68,128
15-12-2023,Potato,Karimnagar,Telangana,1839.66,96
15-12-2023,Tomato,Karimnagar,Telangana,1733.47,78
15-12-2023,Potato,Warangal,Telangana,1948.54,79
15-12-2023,Rice,Nizamabad,Telangana,2538.12,153
15-12-2023,Rice,Karimnagar,Telangana,2541.0,141
15-12-2023,Potato,Khammam,Telangana,2039.94,131
15-12-2023,Tomato,Warangal,Telangana,1920.26,86
15-12-2023,Tomato,Nizamabad,Telangana,1820.83,60
15-12-2023,Tomato,Khammam,Telangana,1845.62,106
16-01-2022,Rice,Warangal,Telangana,2840.59,110
16-01-2022,Potato,Karimnagar,Telangana,1918.76,165
16-01-2022,Potato,Warangal,Telangana,2029.5,167
16-01-2022,Rice,Khammam,Telangana,2764.47,136
16-01-2022,Onion,Warangal,Telangana,1444.74,197
16-01-2022,Tomato,Warangal,Telangana,1783.06,148
16-01-2022,Rice,Karimnagar,Telangana,2831.78,136
16-01-2022,Rice,Nizamabad,Telangana,3032.41,149
16-01-2022,Potato,Adilabad,Telangana,1890.57,117
16-01-2022,Onion,Karimnagar,Telangana,1653.56,53
16-01-2022,Potato,Khammam,Telangana,1773.04,170
16-01-2022,Rice,Adilabad,Telangana,2981.34,20
16-01-2022,Onion,Khammam,Telangana,1336.09,153
16-01-2022,Tomato,Adilabad,Telangana,1784.32,119
16-01-2022,Tomato,Khammam,Telangana,2097.58,78
16-01-2022,Potato,Nizamabad,Telangana,2155.1,130
16-01-2022,Tomato,Karimnagar,Telangana,1688.96,143
16-01-2022,Potato,Hyderabad,Telangana,1894.63,132
16-01-2022,Onion,Nizamabad,Telangana,1621.63,74
16-01-2022,Rice,Hyderabad,Telangana,2811.75,113
16-01-2022,Onion,Adilabad,Telangana,1575.44,155
16-01-2022,Tomato,Nizamabad,Telangana,1793.01,92
16-01-2022,Tomato,Hyderabad,Telangana,2083.34,95
16-01-2023,Potato,Warangal,Telangana,1927.8,127
16-01-2023,Tomato,Nizamabad,Telangana,1905.65,125
16-01-2023,Potato,Nizamabad,Telangana,2220.87,67
16-01-2023,Onion,Khammam,Telangana,1625.81,133
16-01-2023,Tomato,Karimnagar,Telangana,1688.12,132
16-01-2023,Onion,Nizamabad,Telangana,1793.31,56
16-01-2023,Onion,Adilabad,Telangana,1445.95,160
16-01-2023,Onion,Warangal,Telangana,1475.51,113
16-01-2023,Tomato,Khammam,Telangana,2059.52,94
16-01-2023,Tomato,Hyderabad,Telangana,1873.71,96
16-01-2023,Rice,Karimnagar,Telangana,2387.42,201
16-01-2023,Potato,Karimnagar,Telangana,1955.15,104
16-01-2023,Potato,Hyderabad,Telangana,1932.09,117
16-01-2023,Tomato,Warangal,Telangana,1903.35,79
16-01-2023,Rice,Hyderabad,Telangana,2978.55,77
16-01-2023,Potato,Adilabad,Telangana,2091.48,67
16-01-2023,Rice,Khammam,Telangana,2745.08,95
16-01-2023,Onion,Karimnagar,Telangana,1617.74,86
16-01-2023,Rice,Adilabad,Telangana,3109.97,50
16-01-2023,Onion,Hyderabad,Telangana,1461.92,126
16-01-2023,Potato,Khammam,Telangana,2273.05,35
16-01-2023,Rice,Warangal,Telangana,2883.17,87
16-01-2023,Tomato,Adilabad,Telangana,1822.18,63
16-01-2024,Tomato,Nizamabad,Telangana,2154.56,160
16-01-2024,Potato,Karimnagar,Telangana,1825.07,139
16-01-2024,Potato,Adilabad,Telangana,1973.56,90
16-01-2024,Rice,Karimnagar,Telangana,2650.86,98
16-01-2024,Onion,Adilabad,Telangana,1704.04,75
16-01-2024,Rice,Adilabad,Telangana,2683.64,126
16-01-2024,Tomato,Karimnagar,Telangana,1872.38,47
16-01-2024,Tomato,Hyderabad,Telangana,2164.05,97
16-01-2024,Potato,Nizamabad,Telangana,2036.4,193
16-01-2024,Rice,Hyderabad,Telangana,2571.28,144
16-01-2024,Rice,Warangal,Telangana,2600.92,119
16-01-2024,Onion,Karimnagar,Telangana,1527.05,161
16-01-2024,Onion,Nizamabad,Telangana,1522.34,161
16-01-2024,Onion,Hyderabad,Telangana,1492.59,101
16-01-2024,Rice,Nizamabad,Telangana,2979.95,57
16-01-2024,Potato,Hyderabad,Telangana,2176.3,94
16-01-2024,Rice,Khammam,Telangana,3025.5,43
16-01-2024,Tomato,Khammam,Telangana,1795.28,140
16-01-2024,Onion,Khammam,Telangana,1598.57,237
16-01-2024,Potato,Warangal,Telangana,2266.33,91
16-01-2024,Potato,Khammam,Telangana,1991.85,146
16-01-2024,Tomato,Adilabad,Telangana,1903.27,79
16-01-2024,Onion,Warangal,Telangana,1580.54,119
16-02-2022,Onion,Karimnagar,Telangana,1838.58,91
16-02-2022,Tomato,Hyderabad,Telangana,1921.01,91
16-02-2022,Potato,Khammam,Telangana,2182.37,118
16-02-2022,Rice,Nizamabad,Telangana,3115.84,53
16-02-2022,Potato,Warangal,Telangana,2080.33,138
16-02-2022,Tomato,Nizamabad,Telangana,2184.25,104
16-02-2022,Rice,Warangal,Telangana,3021.67,125
16-02-2022,Tomato,Karimnagar,Telangana,1933.22,168
16-02-2022,Rice,Adilabad,Telangana,3030.12,93
16-02-2022,Rice,Karimnagar,Telangana,2793.12,124
16-02-2022,Onion,Hyderabad,Telangana,1769.28,118
16-02-2022,Onion,Khammam,Telangana,1662.06,100
16-02-2022,Rice,Hyderabad,Telangana,2669.51,181
16-02-2022,Tomato,Khammam,Telangana,1836.94,94
16-02-2022,Potato,Nizamabad,Telangana,2178.64,144
16-02-2022,Tomato,Adilabad,Telangana,2150.08,73
16-02-2022,Tomato,Warangal,Telangana,1925.18,102
16-02-2022,Onion,Warangal,Telangana,1736.03,105
16-02-2022,Onion,Nizamabad,Telangana,1836.14,115
16-02-2022,Potato,Adilabad,Telangana,2128.23,82
16-02-2022,Potato,Karimnagar,Telangana,2379.51,85
16-02-2022,Onion,Adilabad,Telangana,1675.27,90
16-02-2022,Potato,Hyderabad,Telangana,1637.47,220
16-02-2023,Potato,Adilabad,Telangana,2174.87,96
16-02-2023,Tomato,Warangal,Telangana,2065.59,123
16-02-2023,Onion,Warangal,Telangana,1719.1,95
16-02-2023,Rice,Warangal,Telangana,2842.65,117
16-02-2023,Rice,Khammam,Telangana,2675.63,169
16-02-2023,Onion,Adilabad,Telangana,1694.25,72
16-02-2023,Tomato,Khammam,Telangana,1934.25,47
16-02-2023,Potato,Hyderabad,Telangana,1954.51,190
16-02-2023,Tomato,Adilabad,Telangana,1913.22,87
16-02-2023,Onion,Khammam,Telangana,1747.09,206
16-02-2023,Potato,Khammam,Telangana,1961.41,161
16-02-2023,Tomato,Nizamabad,Telangana,2135.92,116
16-02-2023,Potato,Karimnagar,Telangana,1971.94,171
16-02-2023,Onion,Hyderabad,Telangana,1599.79,113
16-02-2023,Tomato,Hyderabad,Telangana,1676.79,211
16-02-2023,Tomato,Karimnagar,Telangana,1915.84,170
16-02-2023,Rice,Adilabad,Telangana,2904.65,111
16-02-2023,Onion,Karimnagar,Telangana,1619.46,93
16-02-2023,Potato,Nizamabad,Telangana,2098.35,103
16-02-2023,Rice,Nizamabad,Telangana,2738.99,97
16-02-2023,Rice,Karimnagar,Telangana,2816.09,110
16-02-2023,Onion,Nizamabad,Telangana,1750.24,139
16-02-2023,Potato,Warangal,Telangana,2172.03,116
16-02-2023,Rice,Hyderabad,Telangana,2758.54,148
16-02-2024,Potato,Khammam,Telangana,1908.37,153
16-02-2024,Tomato,Khammam,Telangana,1809.27,144
16-02-2024,Rice,Khammam,Telangana,2749.49,116
16-02-2024,Rice,Warangal,Telangana,3042.99,126
16-02-2024,Potato,Adilabad,Telangana,1996.19,137
16-02-2024,Potato,Nizamabad,Telangana,1825.41,267
16-02-2024,Onion,Nizamabad,Telangana,1637.18,195
16-02-2024,Tomato,Hyderabad,Telangana,1875.11,84
16-02-2024,Onion,Hyderabad,Telangana,1868.65,25
16-02-2024,Onion,Khammam,Telangana,1618.79,125
16-02-2024,Tomato,Karimnagar,Telangana,1798.83,140
16-02-2024,Rice,Hyderabad,Telangana,2886.94,101
16-02-2024,Onion,Warangal,Telangana,1551.46,166
16-02-2024,Tomato,Warangal,Telangana,1877.59,137
16-02-2024,Rice,Nizamabad,Telangana,3012.59,57
16-02-2024,Potato,Warangal,Telangana,1929.99,162
16-02-2024,Rice,Adilabad,Telangana,2867.87,155
16-02-2024,Rice,Karimnagar,Telangana,3036.6,103
16-02-2024,Potato,Hyderabad,Telangana,2343.56,82
16-02-2024,Onion,Karimnagar,Telangana,1913.88,85
16-02-2024,Onion,Adilabad,Telangana,1775.7,102
16-02-2024,Potato,Karimnagar,Telangana,1897.31,157
16-03-2022,Tomato,Karimnagar,Telangana,1660.35,177
16-03-2022,Tomato,Khammam,Telangana,2195.58,83
16-03-2022,Rice,Nizamabad,Telangana,2997.21,146
16-03-2022,Potato,Khammam,Telangana,2299.47,134
16-03-2022,Rice,Khammam,Telangana,2835.26,196
16-03-2022,Onion,Adilabad,Telangana,1742.6,138
16-03-2022,Tomato,Nizamabad,Telangana,2150.61,100
16-03-2022,Potato,Karimnagar,Telangana,2138.95,68
16-03-2022,Rice,Warangal,Telangana,2795.28,148
16-03-2022,Onion,Khammam,Telangana,1710.53,171
16-03-2022,Tomato,Adilabad,Telangana,2043.27,99
16-03-2022,Onion,Nizamabad,Telangana,1828.24,120
16-03-2022,Rice,Hyderabad,Telangana,2879.51,152
16-03-2022,Potato,Nizamabad,Telangana,2088.92,108
16-03-2022,Onion,Hyderabad,Telangana,2081.22,89
16-03-2022,Rice,Karimnagar,Telangana,2930.99,179
16-03-2022,Tomato,Hyderabad,Telangana,1946.89,140
16-03-2022,Rice,Adilabad,Telangana,2837.97,204
16-03-2023,Tomato,Adilabad,Telangana,2246.77,75
16-03-2023,Potato,Nizamabad,Telangana,2262.78,171
16-03-2023,Rice,Khammam,Telangana,2866.77,139
16-03-2023,Potato,Khammam,Telangana,2282.82,57
16-03-2023,Tomato,Warangal,Telangana,1913.63,123
16-03-2023,Potato,Hyderabad,Telangana,1917.83,125
16-03-2023,Rice,Karimnagar,Telangana,2812.62,119
16-03-2023,Onion,Adilabad,Telangana,1810.57,132
16-03-2023,Rice,Adilabad,Telangana,3231.83,107
16-03-2023,Tomato,Khammam,Telangana,2083.35,134
16-03-2023,Rice,Warangal,Telangana,3084.53,107
16-03-2023,Tomato,Karimnagar,Telangana,2189.71,64
16-03-2023,Onion,Karimnagar,Telangana,1766.11,127
16-03-2023,Tomato,Nizamabad,Telangana,2056.06,71
16-03-2023,Onion,Nizamabad,Telangana,1848.99,108
16-03-2023,Rice,Nizamabad,Telangana,2743.14,129
16-03-2023,Potato,Karimnagar,Telangana,2349.21,62
16-03-2023,Onion,Hyderabad,Telangana,1726.3,75
16-03-2023,Potato,Warangal,Telangana,2191.79,64
16-03-2023,Tomato,Hyderabad,Telangana,2095.85,119
16-03-2023,Onion,Warangal,Telangana,1749.37,133
16-03-2023,Potato,Adilabad,Telangana,2230.12,128
16-03-2024,Rice,Khammam,Telangana,3161.73,71
16-03-2024,Potato,Khammam,Telangana,2310.83,99
16-03-2024,Potato,Nizamabad,Telangana,2189.53,108
16-03-2024,Rice,Adilabad,Telangana,2800.36,161
16-03-2024,Tomato,Karimnagar,Telangana,1814.8,124
16-03-2024,Potato,Warangal,Telangana,2352.69,97
16-03-2024,Tomato,Warangal,Telangana,1957.86,93
16-03-2024,Rice,Karimnagar,Telangana,2991.38,94
16-03-2024,Onion,Karimnagar,Telangana,1723.94,180
16-03-2024,Rice,Hyderabad,Telangana,2926.74,128
16-03-2024,Onion,Hyderabad,Telangana,1539.81,183
16-03-2024,Potato,Adilabad,Telangana,2050.54,168
16-03-2024,Tomato,Adilabad,Telangana,2104.89,111
16-03-2024,Rice,Nizamabad,Telangana,3155.35,114
16-03-2024,Tomato,Nizamabad,Telangana,1934.09,131
16-03-2024,Tomato,Hyderabad,Telangana,1788.64,108
16-03-2024,Potato,Hyderabad,Telangana,2119.57,124
16-03-2024,Onion,Warangal,Telangana,1969.4,114
16-03-2024,Onion,Adilabad,Telangana,1686.02,160
16-03-2024,Onion,Nizamabad,Telangana,1819.58,154
16-03-2024,Tomato,Khammam,Telangana,1981.92,125
16-03-2024,Onion,Khammam,Telangana,1811.3,105
16-03-2024,Potato,Karimnagar,Telangana,2151.9,33
16-04-2022,Onion,Karimnagar,Telangana,1593.47,208
16-04-2022,Potato,Hyderabad,Telangana,2169.53,90
16-04-2022,Rice,Adilabad,Telangana,2954.1,96
16-04-2022,Rice,Khammam,Telangana,3074.24,93
16-04-2022,Onion,Nizamabad,Telangana,1635.01,174
16-04-2022,Onion,Hyderabad,Telangana,1722.91,128
16-04-2022,Tomato,Warangal,Telangana,1992.9,55
16-04-2022,Rice,Warangal,Telangana,3221.31,44
16-04-2022,Tomato,Adilabad,Telangana,1961.51,61
16-04-2022,Rice,Nizamabad,Telangana,2907.44,112
16-04-2022,Tomato,Karimnagar,Telangana,2084.85,80
16-04-2022,Potato,Nizamabad,Telangana,2015.96,135
16-04-2022,Tomato,Khammam,Telangana,1882.12,162
16-04-2022,Rice,Karimnagar,Telangana,2827.47,133
16-04-2022,Tomato,Nizamabad,Telangana,2114.41,146
16-04-2022,Potato,Adilabad,Telangana,2276.01,36
16-04-2022,Potato,Karimnagar,Telangana,2118.83,168
16-04-2022,Potato,Warangal,Telangana,2068.13,100
16-04-2022,Onion,Warangal,Telangana,1604.05,177
16-04-2022,Tomato,Hyderabad,Telangana,2046.69,142
16-04-2022,Potato,Khammam,Telangana,2313.57,84
16-04-2022,Rice,Hyderabad,Telangana,2757.47,134
16-04-2022,Onion,Adilabad,Telangana,1744.2,152
16-04-2023,Onion,Nizamabad,Telangana,1955.26,160
16-04-2023,Potato,Nizamabad,Telangana,2233.18,80
16-04-2023,Rice,Karimnagar,Telangana,3052.93,20
16-04-2023,Tomato,Karimnagar,Telangana,2271.85,78
16-04-2023,Rice,Khammam,Telangana,3111.99,112
16-04-2023,Onion,Adilabad,Telangana,1984.57,52
16-04-2023,Tomato,Warangal,Telangana,1978.02,136
16-04-2023,Potato,Karimnagar,Telangana,2466.0,66
16-04-2023,Potato,Hyderabad,Telangana,2018.69,158
16-04-2023,Onion,Karimnagar,Telangana,1579.46,166
16-04-2023,Onion,Warangal,Telangana,2002.6,20
16-04-2023,Tomato,Hyderabad,Telangana,2163.12,68
16-04-2023,Rice,Warangal,Telangana,2903.58,161
16-04-2023,Rice,Nizamabad,Telangana,2851.44,135
16-04-2023,Rice,Adilabad,Telangana,2787.18,143
16-04-2023,Potato,Warangal,Telangana,2230.34,99
16-04-2023,Tomato,Nizamabad,Telangana,2016.78,82
16-04-2023,Tomato,Khammam,Telangana,1918.32,94
16-04-2023,Rice,Hyderabad,Telangana,3136.05,74
16-04-2023,Tomato,Adilabad,Telangana,2216.61,97
16-04-2023,Onion,Khammam,Telangana,1684.41,129
16-04-2024,Tomato,Nizamabad,Telangana,2205.18,65
16-04-2024,Potato,Khammam,Telangana,2034.46,148
16-04-2024,Onion,Hyderabad,Telangana,1748.22,132
16-04-2024,Tomato,Hyderabad,Telangana,1874.9,104
16-04-2024,Potato,Karimnagar,Telangana,2141.7,78
16-04-2024,Rice,Hyderabad,Telangana,2889.75,189
16-04-2024,Tomato,Karimnagar,Telangana,2133.46,72
16-04-2024,Onion,Nizamabad,Telangana,1858.32,163
16-04-2024,Potato,Warangal,Telangana,2091.29,137
16-04-2024,Rice,Adilabad,Telangana,3058.82,121
16-04-2024,Tomato,Adilabad,Telangana,1913.17,85
16-04-2024,Onion,Karimnagar,Telangana,1931.7,67
16-04-2024,Potato,Adilabad,Telangana,1854.42,205
16-04-2024,Onion,Warangal,Telangana,1614.41,64
16-04-2024,Tomato,Warangal,Telangana,1822.31,122
16-04-2024,Potato,Hyderabad,Telangana,2079.8,81
16-04-2024,Onion,Adilabad,Telangana,1744.24,115
16-04-2024,Potato,Nizamabad,Telangana,2151.54,104
16-04-2024,Onion,Khammam,Telangana,1660.12,124
16-04-2024,Rice,Nizamabad,Telangana,3151.19,102
16-04-2024,Rice,Warangal,Telangana,2864.58,138
16-04-2024,Tomato,Khammam,Telangana,2059.51,49
16-04-2024,Rice,Khammam,Telangana,2997.05,100
16-04-2024,Rice,Karimnagar,Telangana,2734.45,138
16-05-2022,Potato,Karimnagar,Telangana,2056.68,123
16-05-2022,Tomato,Warangal,Telangana,1978.25,158
16-05-2022,Potato,Adilabad,Telangana,2036.73,117
16-05-2022,Onion,Adilabad,Telangana,1729.55,149
16-05-2022,Tomato,Hyderabad,Telangana,1619.61,177
16-05-2022,Onion,Karimnagar,Telangana,1592.92,136
16-05-2022,Onion,Hyderabad,Telangana,1567.65,92
16-05-2022,Potato,Hyderabad,Telangana,2031.99,134
16-05-2022,Tomato,Adilabad,Telangana,1941.32,179
16-05-2022,Onion,Khammam,Telangana,1992.71,111
16-05-2022,Potato,Khammam,Telangana,2021.47,128
16-05-2022,Tomato,Khammam,Telangana,1795.2,157
16-05-2022,Rice,Adilabad,Telangana,2975.23,261
16-05-2022,Tomato,Nizamabad,Telangana,1713.43,219
16-05-2022,Onion,Warangal,Telangana,1705.56,127
16-05-2022,Rice,Nizamabad,Telangana,2997.41,122
16-05-2022,Tomato,Karimnagar,Telangana,2036.84,64
16-05-2022,Rice,Karimnagar,Telangana,2801.06,141
16-05-2022,Rice,Warangal,Telangana,2895.61,117
16-05-2022,Onion,Nizamabad,Telangana,1612.24,191
16-05-2022,Rice,Khammam,Telangana,2591.17,203
16-05-2023,Potato,Khammam,Telangana,1908.6,154
16-05-2023,Rice,Adilabad,Telangana,3058.14,78
16-05-2023,Tomato,Khammam,Telangana,2254.33,20
16-05-2023,Tomato,Adilabad,Telangana,1925.25,92
16-05-2023,Rice,Warangal,Telangana,3241.35,62
16-05-2023,Onion,Khammam,Telangana,1630.65,130
16-05-2023,Onion,Hyderabad,Telangana,1712.01,119
16-05-2023,Potato,Adilabad,Telangana,2237.31,116
16-05-2023,Tomato,Warangal,Telangana,2215.08,127
16-05-2023,Rice,Karimnagar,Telangana,3051.17,72
16-05-2023,Rice,Nizamabad,Telangana,2764.01,139
16-05-2023,Rice,Khammam,Telangana,2760.64,206
16-05-2023,Potato,Nizamabad,Telangana,2047.58,190
16-05-2023,Tomato,Nizamabad,Telangana,1782.23,133
16-05-2023,Rice,Hyderabad,Telangana,2943.68,95
16-05-2023,Onion,Warangal,Telangana,1784.59,84
16-05-2023,Potato,Karimnagar,Telangana,2009.13,179
16-05-2023,Potato,Hyderabad,Telangana,2128.72,135
16-05-2023,Onion,Karimnagar,Telangana,1786.31,125
16-05-2023,Tomato,Karimnagar,Telangana,2036.41,111
16-05-2023,Onion,Adilabad,Telangana,1774.87,69
16-05-2023,Tomato,Hyderabad,Telangana,1906.87,175
16-05-2023,Onion,Nizamabad,Telangana,1687.3,130
16-05-2023,Potato,Warangal,Telangana,2356.41,85
16-05-2024,Potato,Karimnagar,Telangana,2286.41,102
16-05-2024,Potato,Warangal,Telangana,2054.81,98
16-05-2024,Rice,Hyderabad,Telangana,3250.96,20
16-05-2024,Tomato,Hyderabad,Telangana,1869.15,119
16-05-2024,Rice,Karimnagar,Telangana,3035.72,31
16-05-2024,Onion,Khammam,Telangana,1644.56,114
16-05-2024,Tomato,Adilabad,Telangana,1880.95,99
16-05-2024,Tomato,Warangal,Telangana,1764.85,115
16-05-2024,Potato,Nizamabad,Telangana,2135.55,113
16-05-2024,Tomato,Khammam,Telangana,1785.14,120
16-05-2024,Onion,Adilabad,Telangana,1485.59,129
16-05-2024,Onion,Karimnagar,Telangana,1539.11,77
16-05-2024,Tomato,Nizamabad,Telangana,1869.45,143
16-05-2024,Onion,Warangal,Telangana,1679.07,68
16-05-2024,Potato,Adilabad,Telangana,2273.78,109
16-05-2024,Potato,Hyderabad,Telangana,2158.82,124
16-05-2024,Rice,Nizamabad,Telangana,2723.75,157
16-05-2024,Tomato,Karimnagar,Telangana,2026.73,130
16-05-2024,Onion,Nizamabad,Telangana,1633.63,156
16-05-2024,Rice,Adilabad,Telangana,2485.75,111
16-05-2024,Onion,Hyderabad,Telangana,1814.11,130
16-05-2024,Rice,Warangal,Telangana,2700.76,135
16-05-2024,Potato,Khammam,Telangana,1999.06,166
16-06-2022,Onion,Hyderabad,Telangana,1727.56,134
16-06-2022,Potato,Karimnagar,Telangana,1959.68,154
16-06-2022,Potato,Khammam,Telangana,1965.58,150
16-06-2022,Rice,Hyderabad,Telangana,2683.51,116
16-06-2022,Tomato,Nizamabad,Telangana,1713.19,160
16-06-2022,Onion,Nizamabad,Telangana,1873.54,116
16-06-2022,Rice,Nizamabad,Telangana,2687.86,119
16-06-2022,Tomato,Karimnagar,Telangana,1837.35,155
16-06-2022,Potato,Adilabad,Telangana,2050.34,37
16-06-2022,Tomato,Hyderabad,Telangana,1728.79,123
16-06-2022,Rice,Khammam,Telangana,2527.73,205
16-06-2022,Onion,Warangal,Telangana,1540.98,157
16-06-2022,Rice,Warangal,Telangana,2911.68,118
16-06-2022,Tomato,Adilabad,Telangana,1966.65,97
16-06-2022,Rice,Adilabad,Telangana,2846.24,152
16-06-2022,Potato,Nizamabad,Telangana,2216.86,91
16-06-2022,Potato,Warangal,Telangana,2008.74,127
16-06-2022,Tomato,Khammam,Telangana,1757.21,123
16-06-2022,Rice,Karimnagar,Telangana,2679.12,153
16-06-2022,Onion,Karimnagar,Telangana,1773.83,118
16-06-2022,Onion,Khammam,Telangana,1571.48,85
16-06-2022,Tomato,Warangal,Telangana,1835.06,146
16-06-2022,Onion,Adilabad,Telangana,1590.2,103
16-06-2023,Tomato,Hyderabad,Telangana,1517.28,165
16-06-2023,Rice,Khammam,Telangana,2838.29,48
16-06-2023,Onion,Hyderabad,Telangana,1764.5,144
16-06-2023,Onion,Karimnagar,Telangana,1640.25,143
16-06-2023,Onion,Nizamabad,Telangana,1699.21,123
16-06-2023,Onion,Khammam,Telangana,1516.42,123
16-06-2023,Potato,Warangal,Telangana,2019.7,128
16-06-2023,Potato,Nizamabad,Telangana,2152.8,141
16-06-2023,Onion,Warangal,Telangana,1228.81,182
16-06-2023,Potato,Hyderabad,Telangana,1981.08,153
16-06-2023,Tomato,Adilabad,Telangana,1959.85,155
16-06-2023,Potato,Karimnagar,Telangana,2200.58,93
16-06-2023,Potato,Adilabad,Telangana,2153.18,109
16-06-2023,Tomato,Karimnagar,Telangana,1805.49,97
16-06-2023,Potato,Khammam,Telangana,2025.8,183
16-06-2023,Rice,Nizamabad,Telangana,2851.77,117
16-06-2023,Tomato,Warangal,Telangana,1987.81,75
16-06-2023,Tomato,Nizamabad,Telangana,1901.94,113
16-06-2023,Tomato,Khammam,Telangana,1821.69,112
16-06-2023,Rice,Karimnagar,Telangana,2937.32,123
16-06-2023,Rice,Warangal,Telangana,2917.56,54
16-06-2023,Rice,Hyderabad,Telangana,2895.11,84
16-06-2023,Onion,Adilabad,Telangana,1596.81,86
16-06-2024,Onion,Karimnagar,Telangana,1364.54,193
16-06-2024,Onion,Khammam,Telangana,1717.47,113
16-06-2024,Onion,Nizamabad,Telangana,1836.93,67
16-06-2024,Potato,Warangal,Telangana,2073.08,56
16-06-2024,Potato,Hyderabad,Telangana,2075.47,89
16-06-2024,Tomato,Warangal,Telangana,1850.31,170
16-06-2024,Onion,Warangal,Telangana,1520.15,131
16-06-2024,Rice,Warangal,Telangana,2866.83,30
16-06-2024,Potato,Adilabad,Telangana,2246.64,20
16-06-2024,Tomato,Nizamabad,Telangana,1790.48,149
16-06-2024,Tomato,Adilabad,Telangana,1711.36,154
16-06-2024,Potato,Khammam,Telangana,1887.62,171
16-06-2024,Onion,Hyderabad,Telangana,1401.14,178
16-06-2024,Rice,Karimnagar,Telangana,2673.01,145
16-06-2024,Rice,Nizamabad,Telangana,2696.88,128
16-06-2024,Rice,Hyderabad,Telangana,2772.92,118
16-06-2024,Potato,Karimnagar,Telangana,2185.25,78
16-06-2024,Onion,Adilabad,Telangana,1690.41,167
16-06-2024,Tomato,Karimnagar,Telangana,2023.11,63
16-06-2024,Rice,Khammam,Telangana,2677.72,153
16-06-2024,Tomato,Hyderabad,Telangana,1706.5,128
16-07-2022,Potato,Adilabad,Telangana,1774.96,115
16-07-2022,Onion,Hyderabad,Telangana,1464.02,108
16-07-2022,Potato,Warangal,Telangana,1890.85,79
16-07-2022,Rice,Warangal,Telangana,2688.84,133
16-07-2022,Rice,Adilabad,Telangana,2791.11,82
16-07-2022,Rice,Khammam,Telangana,2630.22,126
16-07-2022,Rice,Hyderabad,Telangana,2519.53,104
16-07-2022,Onion,Khammam,Telangana,1634.81,55
16-07-2022,Tomato,Nizamabad,Telangana,1708.68,131
16-07-2022,Potato,Nizamabad,Telangana,2090.28,121
16-07-2022,Onion,Nizamabad,Telangana,1249.57,158
16-07-2022,Potato,Karimnagar,Telangana,1800.28,162
16-07-2022,Tomato,Hyderabad,Telangana,2039.71,67
16-07-2022,Potato,Hyderabad,Telangana,1744.57,145
16-07-2022,Tomato,Warangal,Telangana,1390.36,200
16-07-2022,Rice,Karimnagar,Telangana,2631.6,136
16-07-2022,Tomato,Adilabad,Telangana,1728.19,111
16-07-2022,Onion,Warangal,Telangana,1133.36,172
16-07-2022,Onion,Adilabad,Telangana,1308.74,110
16-07-2022,Tomato,Karimnagar,Telangana,1964.07,40
16-07-2022,Tomato,Khammam,Telangana,1763.7,89
16-07-2022,Onion,Karimnagar,Telangana,1331.87,120
16-07-2023,Onion,Adilabad,Telangana,1587.66,83
16-07-2023,Onion,Hyderabad,Telangana,1430.54,125
16-07-2023,Onion,Karimnagar,Telangana,1564.52,28
16-07-2023,Rice,Nizamabad,Telangana,2465.12,139
16-07-2023,Potato,Nizamabad,Telangana,1850.85,153
16-07-2023,Potato,Adilabad,Telangana,1964.32,103
16-07-2023,Tomato,Warangal,Telangana,1722.24,112
16-07-2023,Tomato,Nizamabad,Telangana,1840.78,105
16-07-2023,Tomato,Adilabad,Telangana,1467.02,147
16-07-2023,Rice,Hyderabad,Telangana,2644.33,168
16-07-2023,Rice,Khammam,Telangana,2814.78,91
16-07-2023,Rice,Karimnagar,Telangana,2790.52,153
16-07-2023,Tomato,Khammam,Telangana,1766.91,192
16-07-2023,Tomato,Hyderabad,Telangana,1526.78,145
16-07-2023,Onion,Nizamabad,Telangana,1741.47,99
16-07-2023,Potato,Warangal,Telangana,1753.1,130
16-07-2023,Potato,Karimnagar,Telangana,1958.74,165
16-07-2023,Onion,Khammam,Telangana,1595.77,70
16-07-2023,Rice,Adilabad,Telangana,2380.63,166
16-07-2023,Potato,Khammam,Telangana,1945.04,98
16-07-2023,Potato,Hyderabad,Telangana,1682.48,154
16-07-2023,Rice,Warangal,Telangana,2477.06,135
16-07-2023,Tomato,Karimnagar,Telangana,1675.51,121
16-07-2023,Onion,Warangal,Telangana,1829.38,101
16-08-2022,Rice,Khammam,Telangana,2460.53,162
16-08-2022,Onion,Nizamabad,Telangana,1346.06,191
16-08-2022,Tomato,Adilabad,Telangana,1471.47,151
16-08-2022,Onion,Hyderabad,Telangana,1521.8,107
16-08-2022,Rice,Adilabad,Telangana,2671.02,117
16-08-2022,Onion,Warangal,Telangana,1490.98,84
16-08-2022,Rice,Hyderabad,Telangana,2494.11,112
16-08-2022,Tomato,Nizamabad,Telangana,1517.56,64
16-08-2022,Tomato,Warangal,Telangana,1766.98,69
16-08-2022,Potato,Adilabad,Telangana,1855.35,198
16-08-2022,Potato,Warangal,Telangana,2008.71,132
16-08-2022,Tomato,Khammam,Telangana,1495.33,163
16-08-2022,Potato,Nizamabad,Telangana,1954.85,36
16-08-2022,Rice,Nizamabad,Telangana,2631.41,133
16-08-2022,Potato,Hyderabad,Telangana,1553.84,148
16-08-2022,Potato,Karimnagar,Telangana,1825.17,114
16-08-2022,Onion,Karimnagar,Telangana,1401.05,137
16-08-2022,Potato,Khammam,Telangana,1916.9,140
16-08-2022,Onion,Khammam,Telangana,1507.57,107
16-08-2022,Tomato,Hyderabad,Telangana,1570.2,98
16-08-2022,Onion,Adilabad,Telangana,1415.11,86
16-08-2023,Onion,Warangal,Telangana,1609.13,92
16-08-2023,Potato,Nizamabad,Telangana,1476.46,204
16-08-2023,Potato,Warangal,Telangana,1712.03,129
16-08-2023,Onion,Karimnagar,Telangana,1659.28,66
16-08-2023,Rice,Karimnagar,Telangana,2746.19,75
16-08-2023,Tomato,Warangal,Telangana,1640.14,53
16-08-2023,Rice,Khammam,Telangana,2538.47,109
16-08-2023,Tomato,Nizamabad,Telangana,1507.77,183
16-08-2023,Rice,Adilabad,Telangana,2365.32,132
16-08-2023,Tomato,Adilabad,Telangana,2023.04,94
16-08-2023,Potato,Hyderabad,Telangana,1610.24,182
16-08-2023,Tomato,Hyderabad,Telangana,1814.24,80
16-08-2023,Potato,Khammam,Telangana,1758.12,131
16-08-2023,Onion,Hyderabad,Telangana,1457.82,145
16-08-2023,Tomato,Khammam,Telangana,1438.36,124
16-08-2023,Potato,Adilabad,Telangana,1638.35,147
16-08-2023,Tomato,Karimnagar,Telangana,1364.67,230
16-08-2023,Onion,Nizamabad,Telangana,1488.11,55
16-08-2023,Onion,Khammam,Telangana,1585.89,93
16-08-2023,Rice,Hyderabad,Telangana,2576.55,104
16-09-2022,Potato,Adilabad,Telangana,1844.59,50
16-09-2022,Onion,Hyderabad,Telangana,1344.01,156
16-09-2022,Tomato,Nizamabad,Telangana,1280.49,151
16-09-2022,Tomato,Karimnagar,Telangana,1360.5,110
16-09-2022,Tomato,Adilabad,Telangana,1564.17,193
16-09-2022,Rice,Adilabad,Telangana,2412.82,173
16-09-2022,Tomato,Khammam,Telangana,1766.72,91
16-09-2022,Rice,Khammam,Telangana,2558.45,149
16-09-2022,Onion,Karimnagar,Telangana,1512.22,159
16-09-2022,Onion,Nizamabad,Telangana,1380.55,152
16-09-2022,Potato,Karimnagar,Telangana,1446.49,212
16-09-2022,Onion,Warangal,Telangana,1221.94,189
16-09-2022,Rice,Warangal,Telangana,2622.71,100
16-09-2022,Rice,Karimnagar,Telangana,2333.56,140
16-09-2022,Potato,Warangal,Telangana,1960.49,98
16-09-2022,Onion,Adilabad,Telangana,1536.73,107
16-09-2022,Tomato,Warangal,Telangana,1427.24,153
16-09-2022,Potato,Nizamabad,Telangana,1684.29,107
16-09-2022,Onion,Khammam,Telangana,1340.03,138
16-09-2022,Rice,Nizamabad,Telangana,2306.57,192
16-09-2022,Tomato,Hyderabad,Telangana,1410.0,140
16-09-2022,Potato,Khammam,Telangana,1871.32,128
16-09-2022,Potato,Hyderabad,Telangana,1919.6,59
16-09-2023,Tomato,Nizamabad,Telangana,1410.91,142
16-09-2023,Tomato,Adilabad,Telangana,1751.08,66
16-09-2023,Tomato,Hyderabad,Telangana,1472.91,121
16-09-2023,Rice,Adilabad,Telangana,2512.82,133
16-09-2023,Rice,Hyderabad,Telangana,2436.37,213
16-09-2023,Potato,Hyderabad,Telangana,1831.16,95
16-09-2023,Onion,Nizamabad,Telangana,1383.09,104
16-09-2023,Potato,Adilabad,Telangana,1660.06,156
16-09-2023,Onion,Khammam,Telangana,1522.58,84
16-09-2023,Potato,Nizamabad,Telangana,1546.99,120
16-09-2023,Onion,Adilabad,Telangana,1336.3,117
16-09-2023,Onion,Hyderabad,Telangana,1354.77,146
16-09-2023,Potato,Karimnagar,Telangana,1716.23,102
16-09-2023,Rice,Khammam,Telangana,2476.22,185
16-09-2023,Rice,Nizamabad,Telangana,2798.36,75
16-09-2023,Onion,Warangal,Telangana,1546.92,118
16-09-2023,Tomato,Khammam,Telangana,1780.46,146
16-09-2023,Tomato,Karimnagar,Telangana,1679.77,32
16-09-2023,Rice,Karimnagar,Telangana,2505.82,134
16-09-2023,Onion,Karimnagar,Telangana,1383.48,83
16-09-2023,Rice,Warangal,Telangana,2579.57,82
16-09-2023,Tomato,Warangal,Telangana,1434.96,166
16-10-2022,Tomato,Hyderabad,Telangana,1640.49,129
16-10-2022,Potato,Adilabad,Telangana,1898.46,90
16-10-2022,Onion,Karimnagar,Telangana,1487.83,81
16-10-2022,Tomato,Karimnagar,Telangana,1604.82,119
16-10-2022,Potato,Hyderabad,Telangana,1946.7,65
16-10-2022,Tomato,Khammam,Telangana,1361.72,161
16-10-2022,Onion,Nizamabad,Telangana,1390.37,140
16-10-2022,Onion,Hyderabad,Telangana,1485.09,119
16-10-2022,Potato,Karimnagar,Telangana,1447.35,96
16-10-2022,Rice,Hyderabad,Telangana,2337.84,157
16-10-2022,Rice,Khammam,Telangana,2354.71,130
16-10-2022,Rice,Warangal,Telangana,2588.95,135
16-10-2022,Tomato,Nizamabad,Telangana,1508.76,186
16-10-2022,Tomato,Adilabad,Telangana,1786.37,55
16-10-2022,Onion,Khammam,Telangana,1210.52,112
16-10-2022,Rice,Karimnagar,Telangana,2705.06,85
16-10-2022,Tomato,Warangal,Telangana,1436.86,105
16-10-2022,Potato,Warangal,Telangana,1892.26,123
16-10-2022,Rice,Nizamabad,Telangana,2795.12,85
16-10-2022,Potato,Nizamabad,Telangana,1830.02,82
16-10-2022,Rice,Adilabad,Telangana,2500.91,149
16-10-2023,Rice,Warangal,Telangana,2219.14,116
16-10-2023,Tomato,Warangal,Telangana,1738.67,68
16-10-2023,Rice,Khammam,Telangana,2571.93,138
16-10-2023,Onion,Karimnagar,Telangana,1379.52,74
16-10-2023,Onion,Khammam,Telangana,1473.13,129
16-10-2023,Onion,Nizamabad,Telangana,1298.63,130
16-10-2023,Tomato,Hyderabad,Telangana,1562.89,121
16-10-2023,Onion,Warangal,Telangana,1326.27,114
16-10-2023,Rice,Hyderabad,Telangana,2703.76,138
16-10-2023,Potato,Adilabad,Telangana,1799.44,129
16-10-2023,Onion,Adilabad,Telangana,1123.15,168
16-10-2023,Rice,Nizamabad,Telangana,2950.19,108
16-10-2023,Tomato,Karimnagar,Telangana,1467.57,100
16-10-2023,Potato,Warangal,Telangana,1833.11,63
16-10-2023,Rice,Adilabad,Telangana,2410.53,118
16-10-2023,Rice,Karimnagar,Telangana,2673.38,115
16-10-2023,Potato,Karimnagar,Telangana,1927.77,157
16-10-2023,Tomato,Adilabad,Telangana,1612.33,120
16-10-2023,Tomato,Nizamabad,Telangana,1603.87,103
16-10-2023,Tomato,Khammam,Telangana,1383.41,161
16-10-2023,Potato,Hyderabad,Telangana,1546.45,204
16-10-2023,Potato,Khammam,Telangana,1664.84,162
16-10-2023,Onion,Hyderabad,Telangana,1620.12,114
16-11-2022,Tomato,Adilabad,Telangana,1638.78,95
16-11-2022,Onion,Hyderabad,Telangana,1391.86,134
16-11-2022,Onion,Warangal,Telangana,1392.38,148
16-11-2022,Onion,Adilabad,Telangana,1276.85,131
16-11-2022,Onion,Karimnagar,Telangana,1511.56,74
16-11-2022,Rice,Hyderabad,Telangana,2860.6,53
16-11-2022,Tomato,Khammam,Telangana,1598.26,108
16-11-2022,Potato,Nizamabad,Telangana,1806.57,166
16-11-2022,Tomato,Nizamabad,Telangana,1651.75,152
16-11-2022,Onion,Nizamabad,Telangana,1309.65,125
16-11-2022,Tomato,Karimnagar,Telangana,1492.28,178
16-11-2022,Tomato,Warangal,Telangana,1460.88,102
16-11-2022,Potato,Warangal,Telangana,1674.71,120
16-11-2022,Onion,Khammam,Telangana,1658.15,116
16-11-2022,Rice,Karimnagar,Telangana,2651.42,102
16-11-2022,Potato,Adilabad,Telangana,1559.16,155
16-11-2022,Potato,Khammam,Telangana,1888.6,129
16-11-2022,Rice,Adilabad,Telangana,2421.15,109
16-11-2022,Rice,Nizamabad,Telangana,2488.6,184
16-11-2022,Potato,Hyderabad,Telangana,1704.11,111
16-11-2022,Tomato,Hyderabad,Telangana,1566.26,68
16-11-2022,Potato,Karimnagar,Telangana,1732.99,127
16-11-2022,Rice,Warangal,Telangana,2567.16,101
16-11-2023,Onion,Karimnagar,Telangana,1401.22,116
16-11-2023,Onion,Adilabad,Telangana,1173.91,167
16-11-2023,Rice,Nizamabad,Telangana,2823.51,157
16-11-2023,Tomato,Khammam,Telangana,1377.0,137
16-11-2023,Rice,Karimnagar,Telangana,2368.45,156
16-11-2023,Tomato,Nizamabad,Telangana,1410.16,186
16-11-2023,Rice,Hyderabad,Telangana,2459.0,134
16-11-2023,Rice,Warangal,Telangana,2734.0,68
16-11-2023,Tomato,Warangal,Telangana,1575.75,116
16-11-2023,Onion,Nizamabad,Telangana,1336.26,64
16-11-2023,Onion,Khammam,Telangana,1117.95,189
16-11-2023,Potato,Nizamabad,Telangana,1661.59,81
16-11-2023,Tomato,Hyderabad,Telangana,1547.49,102
16-11-2023,Onion,Warangal,Telangana,1376.4,80
16-11-2023,Onion,Hyderabad,Telangana,1435.31,116
16-11-2023,Tomato,Adilabad,Telangana,1939.45,65
16-11-2023,Potato,Hyderabad,Telangana,1831.5,143
16-11-2023,Rice,Khammam,Telangana,2610.06,144
16-11-2023,Potato,Adilabad,Telangana,1666.55,119
16-11-2023,Potato,Khammam,Telangana,1889.64,105
16-11-2023,Potato,Warangal,Telangana,1781.49,106
16-11-2023,Rice,Adilabad,Telangana,2681.28,151
16-11-2023,Tomato,Karimnagar,Telangana,1816.0,108
16-12-2022,Tomato,Adilabad,Telangana,1430.89,168
16-12-2022,Rice,Karimnagar,Telangana,2606.97,178
16-12-2022,Onion,Karimnagar,Telangana,1297.23,147
16-12-2022,Potato,Warangal,Telangana,1694.62,120
16-12-2022,Tomato,Khammam,Telangana,1755.33,66
16-12-2022,Tomato,Warangal,Telangana,1684.41,151
16-12-2022,Rice,Adilabad,Telangana,2705.42,48
16-12-2022,Onion,Warangal,Telangana,1413.34,76
16-12-2022,Rice,Nizamabad,Telangana,2794.77,123
16-12-2022,Potato,Hyderabad,Telangana,2065.84,98
16-12-2022,Potato,Adilabad,Telangana,1892.27,124
16-12-2022,Onion,Hyderabad,Telangana,1473.52,110
16-12-2022,Potato,Karimnagar,Telangana,2277.77,76
16-12-2022,Rice,Khammam,Telangana,2683.34,159
16-12-2022,Onion,Nizamabad,Telangana,1651.33,136
16-12-2022,Tomato,Hyderabad,Telangana,1611.42,156
16-12-2022,Onion,Khammam,Telangana,1427.47,96
16-12-2022,Rice,Hyderabad,Telangana,2914.59,112
16-12-2022,Tomato,Nizamabad,Telangana,1601.44,129
16-12-2022,Tomato,Karimnagar,Telangana,1690.51,80
16-12-2022,Onion,Adilabad,Telangana,1357.18,126
16-12-2023,Potato,Adilabad,Telangana,1845.3,106
16-12-2023,Potato,Karimnagar,Telangana,1684.46,225
16-12-2023,Rice,Khammam,Telangana,2655.6,78
16-12-2023,Rice,Warangal,Telangana,2427.42,167
16-12-2023,Potato,Warangal,Telangana,1827.45,159
16-12-2023,Rice,Karimnagar,Telangana,2651.06,108
16-12-2023,Potato,Hyderabad,Telangana,2008.09,75
16-12-2023,Rice,Hyderabad,Telangana,2720.2,99
16-12-2023,Tomato,Khammam,Telangana,1573.48,145
16-12-2023,Onion,Warangal,Telangana,1625.83,149
16-12-2023,Tomato,Warangal,Telangana,1638.93,151
16-12-2023,Onion,Nizamabad,Telangana,1405.46,148
16-12-2023,Tomato,Adilabad,Telangana,1467.58,164
16-12-2023,Onion,Hyderabad,Telangana,1342.84,158
16-12-2023,Onion,Adilabad,Telangana,1550.64,72
16-12-2023,Tomato,Hyderabad,Telangana,1690.39,111
16-12-2023,Potato,Nizamabad,Telangana,1915.87,135
16-12-2023,Onion,Karimnagar,Telangana,1316.62,196
16-12-2023,Onion,Khammam,Telangana,1457.86,39
16-12-2023,Tomato,Nizamabad,Telangana,1667.32,113
16-12-2023,Rice,Nizamabad,Telangana,2751.94,80
16-12-2023,Rice,Adilabad,Telangana,2832.81,117
16-12-2023,Tomato,Karimnagar,Telangana,1605.35,171
17-01-2022,Onion,Karimnagar,Telangana,1529.67,177
17-01-2022,Potato,Khammam,Telangana,1954.26,150
17-01-2022,Potato,Nizamabad,Telangana,2013.6,162
17-01-2022,Tomato,Hyderabad,Telangana,1689.47,119
17-01-2022,Potato,Karimnagar,Telangana,2108.45,90
17-01-2022,Rice,Karimnagar,Telangana,2720.99,117
17-01-2022,Rice,Nizamabad,Telangana,2860.11,152
17-01-2022,Tomato,Adilabad,Telangana,1634.82,139
17-01-2022,Onion,Hyderabad,Telangana,1630.29,97
17-01-2022,Tomato,Nizamabad,Telangana,1764.97,124
17-01-2022,Rice,Adilabad,Telangana,2546.78,170
17-01-2022,Tomato,Warangal,Telangana,1772.85,158
17-01-2022,Onion,Khammam,Telangana,1369.95,158
17-01-2022,Potato,Warangal,Telangana,1785.35,141
17-01-2022,Rice,Warangal,Telangana,2729.2,131
17-01-2022,Potato,Adilabad,Telangana,2020.86,213
17-01-2022,Onion,Nizamabad,Telangana,1521.5,159
17-01-2022,Tomato,Khammam,Telangana,1883.61,129
17-01-2022,Onion,Warangal,Telangana,1510.54,114
17-01-2023,Onion,Khammam,Telangana,1585.1,72
17-01-2023,Onion,Hyderabad,Telangana,1902.98,72
17-01-2023,Rice,Khammam,Telangana,2957.63,107
17-01-2023,Onion,Nizamabad,Telangana,1696.37,51
17-01-2023,Potato,Khammam,Telangana,2144.82,104
17-01-2023,Tomato,Adilabad,Telangana,1839.42,127
17-01-2023,Onion,Warangal,Telangana,1578.35,86
17-01-2023,Tomato,Hyderabad,Telangana,1598.86,222
17-01-2023,Tomato,Karimnagar,Telangana,1935.85,131
17-01-2023,Potato,Hyderabad,Telangana,1982.5,79
17-01-2023,Rice,Warangal,Telangana,2799.57,107
17-01-2023,Potato,Karimnagar,Telangana,2180.06,77
17-01-2023,Rice,Adilabad,Telangana,2886.21,90
17-01-2023,Potato,Adilabad,Telangana,1936.93,118
17-01-2023,Potato,Nizamabad,Telangana,1869.81,154
17-01-2023,Tomato,Nizamabad,Telangana,1732.49,69
17-01-2023,Onion,Karimnagar,Telangana,2065.44,20
17-01-2023,Rice,Nizamabad,Telangana,2643.05,152
17-01-2023,Tomato,Warangal,Telangana,1921.04,82
17-01-2023,Potato,Warangal,Telangana,2092.94,139
17-01-2023,Onion,Adilabad,Telangana,1572.38,143
17-01-2023,Rice,Hyderabad,Telangana,2862.19,94
17-01-2023,Tomato,Khammam,Telangana,1966.62,88
17-01-2024,Potato,Warangal,Telangana,2111.62,95
17-01-2024,Onion,Khammam,Telangana,1629.61,122
17-01-2024,Rice,Warangal,Telangana,2591.32,75
17-01-2024,Potato,Karimnagar,Telangana,1789.21,156
17-01-2024,Potato,Adilabad,Telangana,2220.83,22
17-01-2024,Tomato,Adilabad,Telangana,1820.28,76
17-01-2024,Potato,Nizamabad,Telangana,2008.95,46
17-01-2024,Rice,Adilabad,Telangana,2736.85,151
17-01-2024,Rice,Khammam,Telangana,2857.07,141
17-01-2024,Onion,Adilabad,Telangana,1643.94,129
17-01-2024,Onion,Nizamabad,Telangana,1448.01,166
17-01-2024,Tomato,Karimnagar,Telangana,2130.88,64
17-01-2024,Rice,Nizamabad,Telangana,2523.87,197
17-01-2024,Rice,Hyderabad,Telangana,2769.36,83
17-01-2024,Potato,Khammam,Telangana,1884.96,166
17-01-2024,Onion,Karimnagar,Telangana,1409.91,145
17-01-2024,Potato,Hyderabad,Telangana,1892.19,179
17-01-2024,Tomato,Hyderabad,Telangana,1882.54,97
17-01-2024,Onion,Hyderabad,Telangana,1716.63,165
17-01-2024,Tomato,Nizamabad,Telangana,1968.37,70
17-01-2024,Onion,Warangal,Telangana,1686.41,60
17-01-2024,Tomato,Warangal,Telangana,1752.95,171
17-01-2024,Rice,Karimnagar,Telangana,2696.98,219
17-02-2022,Potato,Khammam,Telangana,2188.48,46
17-02-2022,Tomato,Hyderabad,Telangana,1761.11,104
17-02-2022,Rice,Nizamabad,Telangana,2676.79,153
17-02-2022,Rice,Warangal,Telangana,2814.61,138
17-02-2022,Potato,Warangal,Telangana,1922.72,166
17-02-2022,Tomato,Karimnagar,Telangana,1798.92,154
17-02-2022,Rice,Hyderabad,Telangana,2915.82,140
17-02-2022,Tomato,Warangal,Telangana,1868.33,116
17-02-2022,Tomato,Adilabad,Telangana,1827.39,168
17-02-2022,Onion,Warangal,Telangana,1893.77,92
17-02-2022,Potato,Hyderabad,Telangana,1808.49,150
17-02-2022,Rice,Khammam,Telangana,2807.96,145
17-02-2022,Onion,Khammam,Telangana,1903.88,106
17-02-2022,Rice,Adilabad,Telangana,3015.08,145
17-02-2022,Onion,Hyderabad,Telangana,1764.99,106
17-02-2022,Onion,Karimnagar,Telangana,1373.74,153
17-02-2022,Tomato,Khammam,Telangana,1846.45,124
17-02-2022,Onion,Adilabad,Telangana,1477.07,167
17-02-2022,Potato,Adilabad,Telangana,2325.35,108
17-02-2022,Onion,Nizamabad,Telangana,1995.16,62
17-02-2023,Tomato,Adilabad,Telangana,1736.63,112
17-02-2023,Rice,Khammam,Telangana,3026.75,177
17-02-2023,Onion,Adilabad,Telangana,1772.32,111
17-02-2023,Onion,Karimnagar,Telangana,1671.47,132
17-02-2023,Onion,Khammam,Telangana,1531.46,149
17-02-2023,Potato,Khammam,Telangana,2105.31,114
17-02-2023,Tomato,Khammam,Telangana,2088.29,20
17-02-2023,Potato,Nizamabad,Telangana,2099.99,94
17-02-2023,Tomato,Karimnagar,Telangana,1842.79,83
17-02-2023,Tomato,Nizamabad,Telangana,1825.39,140
17-02-2023,Potato,Hyderabad,Telangana,2144.59,77
17-02-2023,Onion,Hyderabad,Telangana,1311.73,207
17-02-2023,Onion,Warangal,Telangana,1733.8,160
17-02-2023,Rice,Nizamabad,Telangana,2896.2,81
17-02-2023,Potato,Adilabad,Telangana,1993.77,89
17-02-2023,Rice,Warangal,Telangana,2861.88,110
17-02-2023,Rice,Hyderabad,Telangana,3005.67,74
17-02-2023,Potato,Karimnagar,Telangana,2041.89,172
17-02-2023,Rice,Karimnagar,Telangana,2742.43,171
17-02-2023,Rice,Adilabad,Telangana,2531.24,197
17-02-2024,Potato,Hyderabad,Telangana,2005.19,100
17-02-2024,Potato,Warangal,Telangana,2055.71,60
17-02-2024,Rice,Warangal,Telangana,3052.62,96
17-02-2024,Tomato,Karimnagar,Telangana,1973.42,85
17-02-2024,Tomato,Warangal,Telangana,1932.85,96
17-02-2024,Tomato,Khammam,Telangana,2111.04,93
17-02-2024,Rice,Adilabad,Telangana,3024.47,70
17-02-2024,Tomato,Adilabad,Telangana,1642.98,160
17-02-2024,Onion,Hyderabad,Telangana,1700.79,156
17-02-2024,Potato,Karimnagar,Telangana,1777.36,190
17-02-2024,Rice,Khammam,Telangana,3013.82,126
17-02-2024,Onion,Khammam,Telangana,1630.68,64
17-02-2024,Onion,Warangal,Telangana,1616.92,143
17-02-2024,Tomato,Nizamabad,Telangana,1774.21,80
17-02-2024,Onion,Nizamabad,Telangana,1572.46,83
17-02-2024,Rice,Nizamabad,Telangana,2921.14,42
17-02-2024,Tomato,Hyderabad,Telangana,1968.81,110
17-02-2024,Rice,Hyderabad,Telangana,2946.14,160
17-02-2024,Onion,Karimnagar,Telangana,1740.24,140
17-02-2024,Potato,Khammam,Telangana,2033.61,95
17-03-2022,Tomato,Karimnagar,Telangana,2039.72,96
17-03-2022,Tomato,Khammam,Telangana,2041.4,83
17-03-2022,Rice,Adilabad,Telangana,3118.18,116
17-03-2022,Tomato,Adilabad,Telangana,1928.09,146
17-03-2022,Rice,Khammam,Telangana,2805.76,142
17-03-2022,Rice,Karimnagar,Telangana,2879.15,129
17-03-2022,Potato,Hyderabad,Telangana,2121.09,112
17-03-2022,Tomato,Nizamabad,Telangana,2079.02,81
17-03-2022,Onion,Adilabad,Telangana,1893.73,68
17-03-2022,Onion,Karimnagar,Telangana,1835.09,87
17-03-2022,Potato,Warangal,Telangana,2422.44,101
17-03-2022,Tomato,Hyderabad,Telangana,1973.8,130
17-03-2022,Tomato,Warangal,Telangana,2245.66,49
17-03-2022,Potato,Karimnagar,Telangana,2082.89,125
17-03-2022,Rice,Hyderabad,Telangana,3083.16,100
17-03-2022,Rice,Nizamabad,Telangana,2879.96,90
17-03-2022,Onion,Warangal,Telangana,2131.22,62
17-03-2022,Onion,Khammam,Telangana,1825.92,114
17-03-2022,Potato,Khammam,Telangana,2018.58,94
17-03-2022,Potato,Adilabad,Telangana,2113.63,145
17-03-2023,Onion,Hyderabad,Telangana,1797.82,80
17-03-2023,Potato,Karimnagar,Telangana,1983.91,80
17-03-2023,Onion,Warangal,Telangana,1509.25,204
17-03-2023,Potato,Hyderabad,Telangana,2146.34,164
17-03-2023,Potato,Adilabad,Telangana,1986.68,168
17-03-2023,Rice,Karimnagar,Telangana,3141.16,87
17-03-2023,Rice,Adilabad,Telangana,3241.45,128
17-03-2023,Rice,Hyderabad,Telangana,2897.42,212
17-03-2023,Tomato,Warangal,Telangana,1861.98,147
17-03-2023,Tomato,Hyderabad,Telangana,1686.52,221
17-03-2023,Potato,Warangal,Telangana,1970.09,118
17-03-2023,Rice,Nizamabad,Telangana,2753.43,162
17-03-2023,Tomato,Karimnagar,Telangana,2082.52,72
17-03-2023,Tomato,Adilabad,Telangana,1921.12,121
17-03-2023,Onion,Khammam,Telangana,1730.7,67
17-03-2023,Potato,Nizamabad,Telangana,2293.86,51
17-03-2023,Potato,Khammam,Telangana,2013.16,199
17-03-2023,Onion,Nizamabad,Telangana,1651.65,164
17-03-2023,Onion,Adilabad,Telangana,1814.71,99
17-03-2023,Onion,Karimnagar,Telangana,1615.15,131
17-03-2023,Rice,Khammam,Telangana,3038.05,94
17-03-2023,Rice,Warangal,Telangana,2801.97,150
17-03-2023,Tomato,Nizamabad,Telangana,1966.53,124
17-03-2023,Tomato,Khammam,Telangana,2144.8,92
17-03-2024,Onion,Nizamabad,Telangana,1847.08,103
17-03-2024,Tomato,Karimnagar,Telangana,2017.07,112
17-03-2024,Rice,Khammam,Telangana,2889.1,76
17-03-2024,Onion,Hyderabad,Telangana,1807.62,129
17-03-2024,Potato,Khammam,Telangana,2224.32,150
17-03-2024,Rice,Nizamabad,Telangana,2918.54,52
17-03-2024,Potato,Nizamabad,Telangana,2056.32,183
17-03-2024,Onion,Warangal,Telangana,1642.78,166
17-03-2024,Tomato,Warangal,Telangana,1695.3,199
17-03-2024,Tomato,Adilabad,Telangana,1761.53,175
17-03-2024,Rice,Warangal,Telangana,3074.39,168
17-03-2024,Rice,Hyderabad,Telangana,2837.64,151
17-03-2024,Potato,Hyderabad,Telangana,2197.14,198
17-03-2024,Rice,Adilabad,Telangana,3028.26,56
17-03-2024,Rice,Karimnagar,Telangana,2952.95,121
17-03-2024,Potato,Warangal,Telangana,1965.92,149
17-03-2024,Onion,Khammam,Telangana,1797.8,123
17-03-2024,Tomato,Khammam,Telangana,2029.42,123
17-03-2024,Potato,Karimnagar,Telangana,2104.22,84
17-04-2022,Potato,Adilabad,Telangana,2031.39,190
17-04-2022,Onion,Karimnagar,Telangana,1680.77,159
17-04-2022,Rice,Karimnagar,Telangana,2836.41,150
17-04-2022,Tomato,Warangal,Telangana,1902.8,89
17-04-2022,Tomato,Hyderabad,Telangana,1955.75,158
17-04-2022,Onion,Nizamabad,Telangana,1374.47,204
17-04-2022,Potato,Warangal,Telangana,2128.23,88
17-04-2022,Rice,Adilabad,Telangana,3009.95,76
17-04-2022,Onion,Warangal,Telangana,1828.81,126
17-04-2022,Rice,Khammam,Telangana,3032.69,79
17-04-2022,Tomato,Khammam,Telangana,2021.59,110
17-04-2022,Onion,Hyderabad,Telangana,1672.38,114
17-04-2022,Rice,Hyderabad,Telangana,2850.98,250
17-04-2022,Potato,Nizamabad,Telangana,1999.65,187
17-04-2022,Potato,Khammam,Telangana,2086.05,135
17-04-2022,Onion,Adilabad,Telangana,1676.03,96
17-04-2022,Rice,Warangal,Telangana,2983.61,47
17-04-2022,Tomato,Nizamabad,Telangana,1882.77,161
17-04-2022,Potato,Karimnagar,Telangana,2291.45,78
17-04-2022,Tomato,Adilabad,Telangana,1921.53,168
17-04-2022,Potato,Hyderabad,Telangana,2209.98,127
17-04-2022,Rice,Nizamabad,Telangana,2847.97,123
17-04-2023,Potato,Adilabad,Telangana,2325.31,88
17-04-2023,Rice,Nizamabad,Telangana,2851.17,159
17-04-2023,Onion,Hyderabad,Telangana,1749.66,115
17-04-2023,Tomato,Warangal,Telangana,2018.56,121
17-04-2023,Potato,Nizamabad,Telangana,2135.74,124
17-04-2023,Onion,Khammam,Telangana,1680.25,104
17-04-2023,Onion,Warangal,Telangana,1938.92,94
17-04-2023,Onion,Karimnagar,Telangana,1872.95,151
17-04-2023,Tomato,Karimnagar,Telangana,2027.87,47
17-04-2023,Potato,Khammam,Telangana,2188.74,108
17-04-2023,Rice,Adilabad,Telangana,2770.69,110
17-04-2023,Tomato,Hyderabad,Telangana,1889.69,146
17-04-2023,Tomato,Nizamabad,Telangana,1945.78,114
17-04-2023,Rice,Hyderabad,Telangana,3009.89,130
17-04-2023,Rice,Warangal,Telangana,2682.12,204
17-04-2023,Potato,Karimnagar,Telangana,2224.28,145
17-04-2023,Onion,Adilabad,Telangana,1736.45,156
17-04-2023,Potato,Warangal,Telangana,2224.59,102
17-04-2023,Tomato,Khammam,Telangana,2013.78,62
17-04-2023,Rice,Karimnagar,Telangana,2730.16,148
17-04-2023,Rice,Khammam,Telangana,2823.48,148
17-04-2024,Potato,Nizamabad,Telangana,2145.14,170
17-04-2024,Potato,Khammam,Telangana,2232.38,103
17-04-2024,Onion,Warangal,Telangana,1694.06,180
17-04-2024,Tomato,Warangal,Telangana,1856.54,91
17-04-2024,Tomato,Hyderabad,Telangana,1786.02,184
17-04-2024,Potato,Warangal,Telangana,2265.66,92
17-04-2024,Potato,Karimnagar,Telangana,2263.07,93
17-04-2024,Rice,Hyderabad,Telangana,2902.04,127
17-04-2024,Tomato,Nizamabad,Telangana,2045.24,149
17-04-2024,Tomato,Karimnagar,Telangana,2080.7,103
17-04-2024,Rice,Khammam,Telangana,3122.53,61
17-04-2024,Rice,Nizamabad,Telangana,2894.55,127
17-04-2024,Onion,Hyderabad,Telangana,1889.84,134
17-04-2024,Tomato,Khammam,Telangana,1876.73,138
17-04-2024,Onion,Khammam,Telangana,2081.61,20
17-04-2024,Onion,Nizamabad,Telangana,1852.59,20
17-04-2024,Tomato,Adilabad,Telangana,2011.46,60
17-04-2024,Rice,Warangal,Telangana,2693.55,134
17-04-2024,Onion,Karimnagar,Telangana,1836.59,125
17-04-2024,Onion,Adilabad,Telangana,2015.74,49
17-04-2024,Potato,Adilabad,Telangana,2257.05,159
17-04-2024,Rice,Karimnagar,Telangana,2853.78,121
17-05-2022,Onion,Warangal,Telangana,1694.22,129
17-05-2022,Potato,Nizamabad,Telangana,2493.26,62
17-05-2022,Onion,Adilabad,Telangana,1556.26,123
17-05-2022,Potato,Adilabad,Telangana,2006.75,133
17-05-2022,Rice,Warangal,Telangana,2961.41,88
17-05-2022,Onion,Khammam,Telangana,1743.4,46
17-05-2022,Rice,Karimnagar,Telangana,2693.17,118
17-05-2022,Onion,Nizamabad,Telangana,1793.27,145
17-05-2022,Potato,Karimnagar,Telangana,2074.47,179
17-05-2022,Onion,Karimnagar,Telangana,1565.57,139
17-05-2022,Rice,Hyderabad,Telangana,2684.38,141
17-05-2022,Potato,Hyderabad,Telangana,2192.64,85
17-05-2022,Tomato,Hyderabad,Telangana,1812.76,166
17-05-2022,Tomato,Karimnagar,Telangana,1814.3,76
17-05-2022,Tomato,Adilabad,Telangana,2109.52,79
17-05-2022,Rice,Adilabad,Telangana,2684.91,175
17-05-2022,Tomato,Khammam,Telangana,2156.47,70
17-05-2022,Tomato,Nizamabad,Telangana,2294.46,94
17-05-2022,Rice,Khammam,Telangana,2870.6,139
17-05-2022,Tomato,Warangal,Telangana,1921.21,123
17-05-2022,Rice,Nizamabad,Telangana,3020.82,60
17-05-2022,Potato,Warangal,Telangana,2147.4,137
17-05-2023,Tomato,Nizamabad,Telangana,1994.05,105
17-05-2023,Potato,Warangal,Telangana,2059.08,184
17-05-2023,Rice,Karimnagar,Telangana,2851.07,118
17-05-2023,Onion,Adilabad,Telangana,1516.88,183
17-05-2023,Tomato,Adilabad,Telangana,1964.79,96
17-05-2023,Potato,Adilabad,Telangana,2159.01,131
17-05-2023,Tomato,Karimnagar,Telangana,1930.94,185
17-05-2023,Rice,Warangal,Telangana,2994.27,89
17-05-2023,Onion,Karimnagar,Telangana,2033.25,66
17-05-2023,Rice,Nizamabad,Telangana,3080.46,54
17-05-2023,Rice,Adilabad,Telangana,2978.83,156
17-05-2023,Potato,Karimnagar,Telangana,2272.56,58
17-05-2023,Tomato,Warangal,Telangana,1757.05,133
17-05-2023,Tomato,Khammam,Telangana,1851.36,98
17-05-2023,Potato,Nizamabad,Telangana,1943.84,146
17-05-2023,Onion,Khammam,Telangana,1662.41,106
17-05-2023,Onion,Hyderabad,Telangana,1692.31,99
17-05-2023,Potato,Khammam,Telangana,2127.45,103
17-05-2023,Potato,Hyderabad,Telangana,2266.18,41
17-05-2023,Rice,Khammam,Telangana,2796.56,161
17-05-2023,Tomato,Hyderabad,Telangana,1821.9,122
17-05-2023,Onion,Nizamabad,Telangana,1790.49,78
17-05-2024,Rice,Khammam,Telangana,2983.84,121
17-05-2024,Tomato,Nizamabad,Telangana,1995.05,104
17-05-2024,Onion,Nizamabad,Telangana,1558.54,139
17-05-2024,Rice,Adilabad,Telangana,3020.26,46
17-05-2024,Onion,Adilabad,Telangana,1463.73,133
17-05-2024,Rice,Hyderabad,Telangana,2927.66,137
17-05-2024,Potato,Nizamabad,Telangana,2075.06,106
17-05-2024,Potato,Warangal,Telangana,2150.32,172
17-05-2024,Rice,Nizamabad,Telangana,2697.78,164
17-05-2024,Potato,Khammam,Telangana,2067.98,100
17-05-2024,Potato,Karimnagar,Telangana,1850.0,222
17-05-2024,Onion,Hyderabad,Telangana,1575.11,91
17-05-2024,Onion,Warangal,Telangana,1907.4,82
17-05-2024,Tomato,Warangal,Telangana,1926.45,203
17-05-2024,Tomato,Adilabad,Telangana,1593.21,80
17-05-2024,Onion,Karimnagar,Telangana,1797.38,76
17-05-2024,Tomato,Hyderabad,Telangana,1645.16,151
17-05-2024,Potato,Adilabad,Telangana,2074.91,137
17-05-2024,Onion,Khammam,Telangana,1437.65,167
17-05-2024,Rice,Karimnagar,Telangana,2959.79,130
17-05-2024,Potato,Hyderabad,Telangana,2013.58,119
17-05-2024,Tomato,Khammam,Telangana,1845.26,145
17-05-2024,Rice,Warangal,Telangana,3021.72,118
17-06-2022,Onion,Warangal,Telangana,1363.75,165
17-06-2022,Onion,Adilabad,Telangana,1566.81,132
17-06-2022,Onion,Karimnagar,Telangana,1413.15,121
17-06-2022,Potato,Warangal,Telangana,1878.94,162
17-06-2022,Potato,Nizamabad,Telangana,1906.65,132
17-06-2022,Rice,Khammam,Telangana,3016.1,92
17-06-2022,Onion,Hyderabad,Telangana,1437.55,127
17-06-2022,Tomato,Hyderabad,Telangana,1717.09,159
17-06-2022,Rice,Nizamabad,Telangana,2681.98,159
17-06-2022,Onion,Khammam,Telangana,1575.71,109
17-06-2022,Potato,Adilabad,Telangana,1938.47,121
17-06-2022,Tomato,Khammam,Telangana,1727.64,98
17-06-2022,Potato,Hyderabad,Telangana,2078.8,146
17-06-2022,Tomato,Karimnagar,Telangana,1855.33,122
17-06-2022,Rice,Hyderabad,Telangana,2651.4,95
17-06-2022,Rice,Karimnagar,Telangana,2774.92,159
17-06-2022,Tomato,Nizamabad,Telangana,1825.0,97
17-06-2022,Potato,Khammam,Telangana,2180.11,68
17-06-2022,Potato,Karimnagar,Telangana,2028.46,132
17-06-2022,Onion,Nizamabad,Telangana,1690.66,72
17-06-2022,Tomato,Warangal,Telangana,1773.9,105
17-06-2022,Rice,Warangal,Telangana,2387.73,184
17-06-2022,Tomato,Adilabad,Telangana,1750.25,140
17-06-2023,Tomato,Adilabad,Telangana,1916.44,65
17-06-2023,Potato,Karimnagar,Telangana,1972.27,102
17-06-2023,Rice,Karimnagar,Telangana,2523.8,135
17-06-2023,Rice,Adilabad,Telangana,2870.4,129
17-06-2023,Onion,Warangal,Telangana,1514.88,138
17-06-2023,Tomato,Karimnagar,Telangana,1737.8,148
17-06-2023,Tomato,Warangal,Telangana,1743.8,136
17-06-2023,Onion,Karimnagar,Telangana,1786.69,125
17-06-2023,Potato,Hyderabad,Telangana,2314.7,66
17-06-2023,Potato,Nizamabad,Telangana,2103.7,53
17-06-2023,Potato,Warangal,Telangana,2019.87,122
17-06-2023,Onion,Adilabad,Telangana,1478.32,90
17-06-2023,Onion,Hyderabad,Telangana,1491.25,113
17-06-2023,Onion,Khammam,Telangana,1548.41,161
17-06-2023,Rice,Hyderabad,Telangana,2498.56,182
17-06-2023,Onion,Nizamabad,Telangana,1624.84,181
17-06-2023,Rice,Nizamabad,Telangana,2782.22,122
17-06-2023,Rice,Warangal,Telangana,3010.73,132
17-06-2023,Tomato,Hyderabad,Telangana,1708.37,105
17-06-2023,Tomato,Nizamabad,Telangana,2007.83,71
17-06-2023,Potato,Adilabad,Telangana,1772.14,123
17-06-2023,Tomato,Khammam,Telangana,1967.28,31
17-06-2023,Rice,Khammam,Telangana,2856.16,149
17-06-2023,Potato,Khammam,Telangana,1957.49,121
17-06-2024,Onion,Khammam,Telangana,1619.0,98
17-06-2024,Onion,Nizamabad,Telangana,1767.64,88
17-06-2024,Onion,Hyderabad,Telangana,1699.84,120
17-06-2024,Potato,Hyderabad,Telangana,2043.54,132
17-06-2024,Rice,Hyderabad,Telangana,2931.3,83
17-06-2024,Rice,Nizamabad,Telangana,2875.55,128
17-06-2024,Tomato,Karimnagar,Telangana,1879.37,129
17-06-2024,Potato,Karimnagar,Telangana,1908.28,124
17-06-2024,Rice,Warangal,Telangana,2890.28,101
17-06-2024,Onion,Warangal,Telangana,1359.35,178
17-06-2024,Tomato,Hyderabad,Telangana,1739.88,107
17-06-2024,Tomato,Nizamabad,Telangana,1760.88,138
17-06-2024,Tomato,Adilabad,Telangana,1905.46,43
17-06-2024,Tomato,Khammam,Telangana,1908.02,166
17-06-2024,Potato,Warangal,Telangana,2033.42,103
17-06-2024,Rice,Khammam,Telangana,2832.71,144
17-06-2024,Onion,Adilabad,Telangana,1648.09,110
17-06-2024,Rice,Adilabad,Telangana,2789.21,166
17-06-2024,Potato,Khammam,Telangana,2002.54,138
17-06-2024,Potato,Nizamabad,Telangana,1990.42,89
17-06-2024,Tomato,Warangal,Telangana,2008.26,81
17-06-2024,Rice,Karimnagar,Telangana,2658.87,39
17-06-2024,Onion,Karimnagar,Telangana,1563.04,111
17-07-2022,Onion,Adilabad,Telangana,1341.71,188
17-07-2022,Rice,Khammam,Telangana,2924.95,80
17-07-2022,Tomato,Nizamabad,Telangana,1721.85,108
17-07-2022,Potato,Nizamabad,Telangana,2069.05,29
17-07-2022,Rice,Karimnagar,Telangana,2372.52,221
17-07-2022,Potato,Hyderabad,Telangana,2066.64,108
17-07-2022,Tomato,Adilabad,Telangana,1782.81,126
17-07-2022,Onion,Warangal,Telangana,1347.28,169
17-07-2022,Rice,Hyderabad,Telangana,2680.31,154
17-07-2022,Rice,Warangal,Telangana,2674.2,141
17-07-2022,Potato,Karimnagar,Telangana,1846.5,174
17-07-2022,Onion,Hyderabad,Telangana,1640.55,106
17-07-2022,Onion,Karimnagar,Telangana,1480.33,146
17-07-2022,Potato,Adilabad,Telangana,2102.17,84
17-07-2022,Tomato,Karimnagar,Telangana,1880.01,37
17-07-2022,Rice,Adilabad,Telangana,2843.16,124
17-07-2022,Potato,Warangal,Telangana,1998.01,103
17-07-2022,Onion,Khammam,Telangana,1676.97,89
17-07-2022,Tomato,Warangal,Telangana,1617.16,127
17-07-2022,Potato,Khammam,Telangana,2059.37,52
17-07-2022,Onion,Nizamabad,Telangana,1472.98,104
17-07-2023,Potato,Warangal,Telangana,2042.93,66
17-07-2023,Rice,Warangal,Telangana,2839.86,160
17-07-2023,Tomato,Adilabad,Telangana,1719.33,108
17-07-2023,Potato,Karimnagar,Telangana,1838.92,153
17-07-2023,Onion,Warangal,Telangana,1657.66,91
17-07-2023,Onion,Karimnagar,Telangana,1674.29,104
17-07-2023,Potato,Nizamabad,Telangana,1819.79,130
17-07-2023,Onion,Khammam,Telangana,1407.99,91
17-07-2023,Rice,Hyderabad,Telangana,2760.88,140
17-07-2023,Onion,Hyderabad,Telangana,1559.46,100
17-07-2023,Tomato,Khammam,Telangana,1906.15,122
17-07-2023,Rice,Karimnagar,Telangana,2683.28,138
17-07-2023,Potato,Adilabad,Telangana,1942.86,91
17-07-2023,Tomato,Karimnagar,Telangana,1338.14,116
17-07-2023,Rice,Khammam,Telangana,2727.37,56
17-07-2023,Onion,Adilabad,Telangana,1439.56,145
17-07-2023,Potato,Khammam,Telangana,2264.82,99
17-07-2023,Rice,Nizamabad,Telangana,2871.63,68
17-07-2023,Tomato,Nizamabad,Telangana,1656.56,164
17-07-2023,Tomato,Hyderabad,Telangana,1443.03,185
17-07-2023,Rice,Adilabad,Telangana,2498.07,159
17-07-2023,Tomato,Warangal,Telangana,1734.86,123
17-08-2022,Potato,Warangal,Telangana,1974.32,121
17-08-2022,Onion,Adilabad,Telangana,1618.0,134
17-08-2022,Tomato,Nizamabad,Telangana,1734.71,31
17-08-2022,Rice,Karimnagar,Telangana,2490.58,185
17-08-2022,Rice,Warangal,Telangana,2750.62,121
17-08-2022,Tomato,Karimnagar,Telangana,1556.72,178
17-08-2022,Onion,Hyderabad,Telangana,1619.51,20
17-08-2022,Rice,Hyderabad,Telangana,2529.3,139
17-08-2022,Onion,Warangal,Telangana,1318.67,105
17-08-2022,Onion,Nizamabad,Telangana,1517.67,95
17-08-2022,Onion,Karimnagar,Telangana,1421.32,113
17-08-2022,Potato,Adilabad,Telangana,1855.27,40
17-08-2022,Onion,Khammam,Telangana,1168.14,203
17-08-2022,Potato,Hyderabad,Telangana,1708.12,99
17-08-2022,Tomato,Warangal,Telangana,1498.39,155
17-08-2022,Potato,Karimnagar,Telangana,2085.65,112
17-08-2022,Potato,Nizamabad,Telangana,1933.91,115
17-08-2022,Potato,Khammam,Telangana,1760.08,184
17-08-2022,Tomato,Khammam,Telangana,1242.59,180
17-08-2022,Tomato,Adilabad,Telangana,1563.17,151
17-08-2022,Tomato,Hyderabad,Telangana,1504.65,115
17-08-2022,Rice,Adilabad,Telangana,2693.82,74
17-08-2023,Rice,Adilabad,Telangana,2644.41,171
17-08-2023,Potato,Adilabad,Telangana,1809.43,181
17-08-2023,Onion,Adilabad,Telangana,1564.96,137
17-08-2023,Tomato,Karimnagar,Telangana,1482.8,149
17-08-2023,Onion,Hyderabad,Telangana,1519.59,123
17-08-2023,Potato,Karimnagar,Telangana,1890.29,133
17-08-2023,Onion,Nizamabad,Telangana,1521.38,131
17-08-2023,Tomato,Warangal,Telangana,1640.09,115
17-08-2023,Potato,Warangal,Telangana,1840.61,116
17-08-2023,Potato,Hyderabad,Telangana,1891.82,110
17-08-2023,Onion,Karimnagar,Telangana,1515.05,107
17-08-2023,Tomato,Hyderabad,Telangana,1671.93,80
17-08-2023,Rice,Hyderabad,Telangana,2796.81,77
17-08-2023,Tomato,Khammam,Telangana,1533.32,185
17-08-2023,Tomato,Adilabad,Telangana,1592.9,68
17-08-2023,Tomato,Nizamabad,Telangana,1473.68,177
17-08-2023,Rice,Nizamabad,Telangana,2588.64,177
17-08-2023,Onion,Khammam,Telangana,1627.04,106
17-08-2023,Rice,Khammam,Telangana,2508.41,103
17-08-2023,Potato,Nizamabad,Telangana,1858.86,150
17-08-2023,Rice,Warangal,Telangana,2530.56,127
17-08-2023,Rice,Karimnagar,Telangana,2542.67,101
17-08-2023,Potato,Khammam,Telangana,1881.84,104
17-09-2022,Potato,Nizamabad,Telangana,1699.71,148
17-09-2022,Tomato,Karimnagar,Telangana,1479.64,101
17-09-2022,Onion,Nizamabad,Telangana,1514.67,85
17-09-2022,Rice,Warangal,Telangana,2834.63,101
17-09-2022,Rice,Hyderabad,Telangana,2821.14,58
17-09-2022,Tomato,Khammam,Telangana,1442.13,108
17-09-2022,Potato,Warangal,Telangana,1801.41,64
17-09-2022,Tomato,Adilabad,Telangana,1535.85,111
17-09-2022,Onion,Khammam,Telangana,1411.84,118
17-09-2022,Onion,Warangal,Telangana,1558.35,53
17-09-2022,Potato,Adilabad,Telangana,1831.35,120
17-09-2022,Potato,Khammam,Telangana,1689.26,69
17-09-2022,Rice,Adilabad,Telangana,2397.32,118
17-09-2022,Rice,Nizamabad,Telangana,2592.33,120
17-09-2022,Tomato,Warangal,Telangana,1480.39,97
17-09-2022,Potato,Karimnagar,Telangana,1971.63,96
17-09-2022,Onion,Adilabad,Telangana,1639.64,72
17-09-2022,Potato,Hyderabad,Telangana,1652.4,121
17-09-2022,Onion,Hyderabad,Telangana,1276.71,117
17-09-2022,Tomato,Hyderabad,Telangana,1650.58,123
17-09-2022,Tomato,Nizamabad,Telangana,1384.53,145
17-09-2022,Onion,Karimnagar,Telangana,1251.11,117
17-09-2023,Rice,Karimnagar,Telangana,2657.38,106
17-09-2023,Onion,Adilabad,Telangana,1317.17,75
17-09-2023,Onion,Hyderabad,Telangana,1230.86,160
17-09-2023,Tomato,Karimnagar,Telangana,1669.94,97
17-09-2023,Rice,Khammam,Telangana,2208.02,158
17-09-2023,Onion,Karimnagar,Telangana,1590.71,22
17-09-2023,Rice,Nizamabad,Telangana,2534.4,91
17-09-2023,Potato,Hyderabad,Telangana,1873.98,106
17-09-2023,Onion,Nizamabad,Telangana,1402.12,113
17-09-2023,Tomato,Hyderabad,Telangana,1361.7,129
17-09-2023,Onion,Khammam,Telangana,1700.45,81
17-09-2023,Potato,Adilabad,Telangana,1647.6,158
17-09-2023,Rice,Hyderabad,Telangana,2623.34,75
17-09-2023,Potato,Warangal,Telangana,1656.74,106
17-09-2023,Rice,Warangal,Telangana,2655.73,72
17-09-2023,Tomato,Khammam,Telangana,1670.3,88
17-09-2023,Potato,Khammam,Telangana,1896.32,58
17-09-2023,Tomato,Nizamabad,Telangana,1502.5,164
17-10-2022,Onion,Hyderabad,Telangana,1327.66,143
17-10-2022,Tomato,Adilabad,Telangana,1614.21,76
17-10-2022,Rice,Nizamabad,Telangana,2391.09,133
17-10-2022,Rice,Khammam,Telangana,2525.07,112
17-10-2022,Rice,Warangal,Telangana,2347.81,181
17-10-2022,Tomato,Nizamabad,Telangana,1607.21,129
17-10-2022,Tomato,Khammam,Telangana,1474.05,110
17-10-2022,Potato,Adilabad,Telangana,1666.35,153
17-10-2022,Tomato,Karimnagar,Telangana,1381.71,192
17-10-2022,Rice,Hyderabad,Telangana,2590.94,184
17-10-2022,Potato,Hyderabad,Telangana,1727.44,117
17-10-2022,Onion,Karimnagar,Telangana,1521.13,75
17-10-2022,Onion,Adilabad,Telangana,1272.35,182
17-10-2022,Potato,Warangal,Telangana,1595.9,191
17-10-2022,Potato,Nizamabad,Telangana,2086.83,96
17-10-2022,Tomato,Hyderabad,Telangana,1824.1,60
17-10-2022,Potato,Khammam,Telangana,1681.57,165
17-10-2022,Tomato,Warangal,Telangana,1632.09,103
17-10-2022,Onion,Khammam,Telangana,1238.46,174
17-10-2022,Potato,Karimnagar,Telangana,1502.38,218
17-10-2022,Rice,Karimnagar,Telangana,2457.27,96
17-10-2022,Rice,Adilabad,Telangana,2546.42,189
17-10-2022,Onion,Warangal,Telangana,1442.96,96
17-10-2023,Tomato,Nizamabad,Telangana,1416.0,178
17-10-2023,Onion,Warangal,Telangana,1581.56,92
17-10-2023,Potato,Adilabad,Telangana,1410.02,192
17-10-2023,Tomato,Adilabad,Telangana,1666.52,113
17-10-2023,Potato,Hyderabad,Telangana,1684.43,211
17-10-2023,Rice,Hyderabad,Telangana,2515.95,141
17-10-2023,Potato,Nizamabad,Telangana,1881.08,50
17-10-2023,Rice,Adilabad,Telangana,2687.0,138
17-10-2023,Onion,Khammam,Telangana,1102.56,177
17-10-2023,Tomato,Hyderabad,Telangana,1537.82,163
17-10-2023,Tomato,Khammam,Telangana,1688.08,95
17-10-2023,Onion,Hyderabad,Telangana,1319.57,124
17-10-2023,Potato,Karimnagar,Telangana,2115.77,114
17-10-2023,Tomato,Warangal,Telangana,1306.47,138
17-10-2023,Onion,Karimnagar,Telangana,1301.93,71
17-10-2023,Rice,Warangal,Telangana,2736.76,91
17-10-2023,Potato,Warangal,Telangana,1694.45,164
17-10-2023,Potato,Khammam,Telangana,1562.12,169
17-10-2023,Rice,Karimnagar,Telangana,2361.01,148
17-11-2022,Tomato,Hyderabad,Telangana,1848.39,106
17-11-2022,Potato,Hyderabad,Telangana,1889.32,94
17-11-2022,Rice,Karimnagar,Telangana,2539.84,92
17-11-2022,Rice,Nizamabad,Telangana,2920.2,41
17-11-2022,Potato,Nizamabad,Telangana,1961.06,114
17-11-2022,Rice,Warangal,Telangana,2631.7,137
17-11-2022,Tomato,Adilabad,Telangana,1803.0,51
17-11-2022,Potato,Karimnagar,Telangana,1796.81,42
17-11-2022,Tomato,Warangal,Telangana,1647.88,189
17-11-2022,Onion,Adilabad,Telangana,1643.9,114
17-11-2022,Potato,Warangal,Telangana,1848.65,156
17-11-2022,Rice,Khammam,Telangana,2745.17,66
17-11-2022,Potato,Khammam,Telangana,1656.01,161
17-11-2022,Onion,Hyderabad,Telangana,1336.47,119
17-11-2022,Potato,Adilabad,Telangana,1753.9,146
17-11-2022,Onion,Warangal,Telangana,1466.9,50
17-11-2022,Onion,Karimnagar,Telangana,1296.56,103
17-11-2022,Onion,Khammam,Telangana,1464.4,149
17-11-2022,Tomato,Khammam,Telangana,1572.36,117
17-11-2022,Rice,Hyderabad,Telangana,2616.43,111
17-11-2022,Onion,Nizamabad,Telangana,1711.9,34
17-11-2023,Onion,Hyderabad,Telangana,1264.61,220
17-11-2023,Tomato,Adilabad,Telangana,1655.27,89
17-11-2023,Rice,Karimnagar,Telangana,2799.28,173
17-11-2023,Tomato,Khammam,Telangana,1727.47,91
17-11-2023,Potato,Karimnagar,Telangana,2011.45,140
17-11-2023,Onion,Nizamabad,Telangana,1192.63,202
17-11-2023,Rice,Hyderabad,Telangana,2697.92,96
17-11-2023,Potato,Nizamabad,Telangana,1912.98,83
17-11-2023,Onion,Karimnagar,Telangana,1495.99,69
17-11-2023,Rice,Warangal,Telangana,2866.04,36
17-11-2023,Rice,Nizamabad,Telangana,2585.57,123
17-11-2023,Potato,Adilabad,Telangana,1956.98,20
17-11-2023,Onion,Warangal,Telangana,1530.53,109
17-11-2023,Potato,Warangal,Telangana,1732.34,167
17-11-2023,Rice,Khammam,Telangana,2654.14,89
17-11-2023,Tomato,Karimnagar,Telangana,1488.38,181
17-11-2023,Rice,Adilabad,Telangana,2563.52,91
17-11-2023,Tomato,Hyderabad,Telangana,1839.51,113
17-11-2023,Potato,Khammam,Telangana,1904.04,115
17-11-2023,Onion,Adilabad,Telangana,1554.16,139
17-11-2023,Tomato,Nizamabad,Telangana,1628.13,118
17-11-2023,Onion,Khammam,Telangana,1431.64,125
17-12-2022,Tomato,Warangal,Telangana,1781.11,142
17-12-2022,Potato,Hyderabad,Telangana,2116.16,57
17-12-2022,Rice,Karimnagar,Telangana,2892.05,117
17-12-2022,Onion,Karimnagar,Telangana,1222.49,178
17-12-2022,Potato,Warangal,Telangana,1762.56,110
17-12-2022,Potato,Nizamabad,Telangana,1827.89,111
17-12-2022,Rice,Adilabad,Telangana,2742.8,141
17-12-2022,Potato,Khammam,Telangana,1880.93,128
17-12-2022,Onion,Warangal,Telangana,1505.17,126
17-12-2022,Tomato,Karimnagar,Telangana,1579.06,103
17-12-2022,Potato,Adilabad,Telangana,1897.63,146
17-12-2022,Tomato,Nizamabad,Telangana,1784.6,96
17-12-2022,Tomato,Adilabad,Telangana,1782.53,110
17-12-2022,Potato,Karimnagar,Telangana,2003.03,99
17-12-2022,Onion,Nizamabad,Telangana,1452.64,135
17-12-2022,Rice,Hyderabad,Telangana,2677.22,89
17-12-2022,Tomato,Hyderabad,Telangana,1876.81,99
17-12-2022,Tomato,Khammam,Telangana,1693.91,60
17-12-2022,Onion,Adilabad,Telangana,1683.99,76
17-12-2022,Onion,Khammam,Telangana,1794.46,56
17-12-2023,Tomato,Karimnagar,Telangana,1959.45,70
17-12-2023,Rice,Nizamabad,Telangana,2878.18,33
17-12-2023,Tomato,Nizamabad,Telangana,1584.84,137
17-12-2023,Potato,Warangal,Telangana,2003.73,64
17-12-2023,Tomato,Warangal,Telangana,1499.83,103
17-12-2023,Potato,Karimnagar,Telangana,2049.72,92
17-12-2023,Tomato,Khammam,Telangana,1782.31,66
17-12-2023,Rice,Warangal,Telangana,2794.13,63
17-12-2023,Rice,Karimnagar,Telangana,2735.55,130
17-12-2023,Onion,Nizamabad,Telangana,1857.18,79
17-12-2023,Potato,Nizamabad,Telangana,1972.3,39
17-12-2023,Onion,Khammam,Telangana,1354.94,197
17-12-2023,Rice,Khammam,Telangana,2749.95,56
17-12-2023,Potato,Adilabad,Telangana,2036.83,98
17-12-2023,Onion,Hyderabad,Telangana,1550.13,132
17-12-2023,Tomato,Adilabad,Telangana,1866.26,103
17-12-2023,Potato,Hyderabad,Telangana,1705.22,201
17-12-2023,Onion,Karimnagar,Telangana,1684.78,118
17-12-2023,Onion,Adilabad,Telangana,1313.43,156
17-12-2023,Potato,Khammam,Telangana,1906.46,101
17-12-2023,Rice,Hyderabad,Telangana,2637.1,138
17-12-2023,Onion,Warangal,Telangana,1481.15,164
17-12-2023,Tomato,Hyderabad,Telangana,1782.82,132
17-12-2023,Rice,Adilabad,Telangana,2723.82,155
18-01-2022,Potato,Karimnagar,Telangana,2025.89,126
18-01-2022,Onion,Adilabad,Telangana,1772.94,115
18-01-2022,Onion,Karimnagar,Telangana,1859.55,127
18-01-2022,Potato,Nizamabad,Telangana,2072.72,76
18-01-2022,Tomato,Karimnagar,Telangana,1817.71,136
18-01-2022,Tomato,Hyderabad,Telangana,1607.2,152
18-01-2022,Rice,Hyderabad,Telangana,2731.57,198
18-01-2022,Tomato,Adilabad,Telangana,1869.13,118
18-01-2022,Tomato,Khammam,Telangana,2024.06,94
18-01-2022,Rice,Nizamabad,Telangana,2880.54,98
18-01-2022,Rice,Khammam,Telangana,2788.28,114
18-01-2022,Rice,Adilabad,Telangana,3081.64,55
18-01-2022,Potato,Khammam,Telangana,1919.59,96
18-01-2022,Rice,Warangal,Telangana,2691.97,112
18-01-2022,Onion,Warangal,Telangana,1784.13,120
18-01-2022,Potato,Warangal,Telangana,2156.03,100
18-01-2022,Onion,Hyderabad,Telangana,1459.48,185
18-01-2022,Onion,Nizamabad,Telangana,1536.92,71
18-01-2022,Tomato,Warangal,Telangana,1911.08,95
18-01-2023,Tomato,Nizamabad,Telangana,1618.29,183
18-01-2023,Rice,Karimnagar,Telangana,2770.4,119
18-01-2023,Tomato,Warangal,Telangana,1840.72,84
18-01-2023,Tomato,Hyderabad,Telangana,1643.32,165
18-01-2023,Onion,Hyderabad,Telangana,1533.2,162
18-01-2023,Potato,Hyderabad,Telangana,1938.44,92
18-01-2023,Onion,Karimnagar,Telangana,1481.61,142
18-01-2023,Tomato,Khammam,Telangana,1808.46,97
18-01-2023,Tomato,Adilabad,Telangana,1771.49,125
18-01-2023,Potato,Khammam,Telangana,1865.41,136
18-01-2023,Potato,Nizamabad,Telangana,2168.91,143
18-01-2023,Rice,Khammam,Telangana,2778.15,145
18-01-2023,Tomato,Karimnagar,Telangana,2117.45,96
18-01-2023,Onion,Warangal,Telangana,1743.79,121
18-01-2023,Rice,Hyderabad,Telangana,2841.72,119
18-01-2023,Potato,Warangal,Telangana,2075.64,79
18-01-2023,Potato,Adilabad,Telangana,2164.86,97
18-01-2023,Potato,Karimnagar,Telangana,1997.57,154
18-01-2023,Onion,Khammam,Telangana,1473.0,157
18-01-2023,Onion,Adilabad,Telangana,1431.74,200
18-01-2023,Onion,Nizamabad,Telangana,1555.28,105
18-01-2024,Onion,Khammam,Telangana,1601.48,80
18-01-2024,Potato,Hyderabad,Telangana,2193.81,20
18-01-2024,Tomato,Warangal,Telangana,1786.66,71
18-01-2024,Rice,Hyderabad,Telangana,2854.45,177
18-01-2024,Onion,Karimnagar,Telangana,1609.14,88
18-01-2024,Tomato,Adilabad,Telangana,1844.42,91
18-01-2024,Potato,Nizamabad,Telangana,1941.41,88
18-01-2024,Rice,Karimnagar,Telangana,2992.36,104
18-01-2024,Tomato,Hyderabad,Telangana,1936.43,181
18-01-2024,Onion,Hyderabad,Telangana,1692.16,159
18-01-2024,Onion,Warangal,Telangana,1550.32,116
18-01-2024,Rice,Adilabad,Telangana,2649.4,145
18-01-2024,Tomato,Khammam,Telangana,1930.38,118
18-01-2024,Potato,Karimnagar,Telangana,2354.17,26
18-01-2024,Potato,Warangal,Telangana,1994.08,161
18-01-2024,Tomato,Nizamabad,Telangana,1811.04,91
18-01-2024,Rice,Warangal,Telangana,2995.18,66
18-01-2024,Onion,Nizamabad,Telangana,1475.6,148
18-01-2024,Tomato,Karimnagar,Telangana,1786.19,115
18-01-2024,Rice,Nizamabad,Telangana,2662.3,149
18-01-2024,Potato,Adilabad,Telangana,1918.02,122
18-01-2024,Rice,Khammam,Telangana,2905.53,99
18-02-2022,Potato,Karimnagar,Telangana,2098.77,140
18-02-2022,Onion,Adilabad,Telangana,1673.71,129
18-02-2022,Rice,Warangal,Telangana,2793.01,127
18-02-2022,Potato,Hyderabad,Telangana,2025.63,190
18-02-2022,Potato,Khammam,Telangana,2182.65,57
18-02-2022,Onion,Karimnagar,Telangana,2039.19,93
18-02-2022,Onion,Nizamabad,Telangana,1632.97,113
18-02-2022,Onion,Khammam,Telangana,1527.35,142
18-02-2022,Tomato,Warangal,Telangana,2120.92,109
18-02-2022,Rice,Nizamabad,Telangana,2797.43,163
18-02-2022,Tomato,Karimnagar,Telangana,1993.0,97
18-02-2022,Onion,Warangal,Telangana,1579.08,176
18-02-2022,Rice,Khammam,Telangana,3140.43,107
18-02-2022,Tomato,Adilabad,Telangana,1861.54,69
18-02-2022,Tomato,Khammam,Telangana,1846.03,87
18-02-2022,Potato,Nizamabad,Telangana,1949.51,207
18-02-2022,Potato,Warangal,Telangana,2249.33,59
18-02-2022,Tomato,Hyderabad,Telangana,1916.41,131
18-02-2022,Tomato,Nizamabad,Telangana,1840.88,114
18-02-2022,Potato,Adilabad,Telangana,2451.09,106
18-02-2022,Onion,Hyderabad,Telangana,1746.55,59
18-02-2022,Rice,Adilabad,Telangana,2699.06,170
18-02-2022,Rice,Hyderabad,Telangana,2921.71,135
18-02-2023,Rice,Nizamabad,Telangana,2617.53,165
18-02-2023,Tomato,Khammam,Telangana,2006.27,74
18-02-2023,Onion,Karimnagar,Telangana,1661.8,141
18-02-2023,Potato,Khammam,Telangana,2085.92,184
18-02-2023,Potato,Warangal,Telangana,2004.43,76
18-02-2023,Tomato,Karimnagar,Telangana,1777.76,134
18-02-2023,Onion,Nizamabad,Telangana,1713.16,109
18-02-2023,Rice,Karimnagar,Telangana,2989.42,166
18-02-2023,Tomato,Nizamabad,Telangana,2070.35,62
18-02-2023,Rice,Khammam,Telangana,3022.82,161
18-02-2023,Onion,Warangal,Telangana,1660.21,80
18-02-2023,Onion,Adilabad,Telangana,1765.59,41
18-02-2023,Potato,Adilabad,Telangana,2286.04,76
18-02-2023,Tomato,Warangal,Telangana,1878.83,176
18-02-2023,Tomato,Adilabad,Telangana,1970.99,52
18-02-2023,Onion,Khammam,Telangana,1608.45,155
18-02-2023,Rice,Hyderabad,Telangana,2674.18,127
18-02-2023,Potato,Hyderabad,Telangana,2257.7,67
18-02-2023,Onion,Hyderabad,Telangana,1691.84,90
18-02-2023,Rice,Adilabad,Telangana,2764.3,197
18-02-2023,Tomato,Hyderabad,Telangana,1718.34,183
18-02-2023,Rice,Warangal,Telangana,2992.08,140
18-02-2024,Rice,Nizamabad,Telangana,2920.17,75
18-02-2024,Potato,Nizamabad,Telangana,2214.05,61
18-02-2024,Onion,Karimnagar,Telangana,1849.18,99
18-02-2024,Potato,Warangal,Telangana,2091.23,50
18-02-2024,Rice,Karimnagar,Telangana,3038.86,81
18-02-2024,Tomato,Karimnagar,Telangana,2247.26,125
18-02-2024,Tomato,Nizamabad,Telangana,2117.81,123
18-02-2024,Rice,Hyderabad,Telangana,3295.32,126
18-02-2024,Rice,Warangal,Telangana,2824.14,121
18-02-2024,Potato,Hyderabad,Telangana,2152.43,137
18-02-2024,Potato,Adilabad,Telangana,2138.63,80
18-02-2024,Tomato,Hyderabad,Telangana,1738.7,156
18-02-2024,Potato,Karimnagar,Telangana,2139.66,107
18-02-2024,Onion,Warangal,Telangana,1642.16,197
18-02-2024,Potato,Khammam,Telangana,1969.32,227
18-02-2024,Onion,Hyderabad,Telangana,1752.72,100
18-02-2024,Tomato,Adilabad,Telangana,1855.17,130
18-02-2024,Onion,Nizamabad,Telangana,1692.95,127
18-02-2024,Tomato,Khammam,Telangana,1982.37,100
18-02-2024,Onion,Khammam,Telangana,1911.37,58
18-02-2024,Rice,Khammam,Telangana,3045.66,112
18-02-2024,Onion,Adilabad,Telangana,1746.73,135
18-03-2022,Tomato,Warangal,Telangana,1948.7,83
18-03-2022,Onion,Karimnagar,Telangana,1726.46,185
18-03-2022,Onion,Hyderabad,Telangana,1725.08,153
18-03-2022,Rice,Nizamabad,Telangana,3144.05,96
18-03-2022,Potato,Warangal,Telangana,2300.13,50
18-03-2022,Rice,Hyderabad,Telangana,2958.31,121
18-03-2022,Rice,Karimnagar,Telangana,2956.81,98
18-03-2022,Rice,Khammam,Telangana,3123.45,72
18-03-2022,Onion,Nizamabad,Telangana,1475.92,136
18-03-2022,Tomato,Karimnagar,Telangana,1799.36,170
18-03-2022,Tomato,Hyderabad,Telangana,2037.02,92
18-03-2022,Onion,Adilabad,Telangana,1713.43,105
18-03-2022,Tomato,Adilabad,Telangana,1944.22,159
18-03-2022,Potato,Nizamabad,Telangana,2156.24,98
18-03-2022,Potato,Khammam,Telangana,1988.11,131
18-03-2022,Potato,Adilabad,Telangana,2275.67,77
18-03-2022,Potato,Hyderabad,Telangana,2382.66,47
18-03-2022,Rice,Adilabad,Telangana,2966.97,166
18-03-2022,Rice,Warangal,Telangana,2737.19,125
18-03-2022,Tomato,Nizamabad,Telangana,2043.79,113
18-03-2023,Onion,Karimnagar,Telangana,1787.1,146
18-03-2023,Potato,Khammam,Telangana,2147.62,124
18-03-2023,Rice,Adilabad,Telangana,3038.69,63
18-03-2023,Potato,Nizamabad,Telangana,1952.24,130
18-03-2023,Tomato,Hyderabad,Telangana,2118.45,100
18-03-2023,Tomato,Karimnagar,Telangana,2087.55,86
18-03-2023,Rice,Khammam,Telangana,2877.76,166
18-03-2023,Rice,Warangal,Telangana,3100.06,128
18-03-2023,Rice,Karimnagar,Telangana,3112.09,74
18-03-2023,Potato,Adilabad,Telangana,2219.65,176
18-03-2023,Potato,Karimnagar,Telangana,2291.09,105
18-03-2023,Onion,Khammam,Telangana,1626.79,103
18-03-2023,Onion,Nizamabad,Telangana,1956.28,99
18-03-2023,Onion,Warangal,Telangana,1681.44,177
18-03-2023,Tomato,Adilabad,Telangana,2102.87,72
18-03-2023,Potato,Hyderabad,Telangana,2308.48,82
18-03-2023,Rice,Nizamabad,Telangana,2979.73,126
18-03-2023,Onion,Hyderabad,Telangana,1606.5,198
18-03-2023,Potato,Warangal,Telangana,1997.5,140
18-03-2023,Tomato,Khammam,Telangana,2090.46,98
18-03-2023,Onion,Adilabad,Telangana,1887.56,130
18-03-2023,Rice,Hyderabad,Telangana,3050.66,86
18-03-2024,Rice,Hyderabad,Telangana,2850.94,142
18-03-2024,Rice,Nizamabad,Telangana,3232.21,53
18-03-2024,Tomato,Warangal,Telangana,1982.37,97
18-03-2024,Tomato,Nizamabad,Telangana,2028.59,107
18-03-2024,Rice,Adilabad,Telangana,3011.1,127
18-03-2024,Tomato,Khammam,Telangana,1937.9,132
18-03-2024,Rice,Warangal,Telangana,2939.4,167
18-03-2024,Potato,Hyderabad,Telangana,2015.61,154
18-03-2024,Onion,Khammam,Telangana,1840.61,155
18-03-2024,Rice,Karimnagar,Telangana,3163.1,69
18-03-2024,Tomato,Hyderabad,Telangana,2353.19,112
18-03-2024,Onion,Hyderabad,Telangana,1615.55,180
18-03-2024,Potato,Warangal,Telangana,2073.14,137
18-03-2024,Potato,Nizamabad,Telangana,2195.67,80
18-03-2024,Onion,Warangal,Telangana,1650.82,148
18-03-2024,Tomato,Karimnagar,Telangana,1986.53,134
18-03-2024,Rice,Khammam,Telangana,2931.31,109
18-03-2024,Potato,Khammam,Telangana,2261.98,119
18-03-2024,Onion,Nizamabad,Telangana,1755.35,139
18-03-2024,Tomato,Adilabad,Telangana,1975.34,127
18-03-2024,Onion,Adilabad,Telangana,1733.33,76
18-03-2024,Potato,Adilabad,Telangana,2276.37,119
18-04-2022,Tomato,Karimnagar,Telangana,1839.52,69
18-04-2022,Onion,Warangal,Telangana,1634.96,142
18-04-2022,Potato,Hyderabad,Telangana,2112.72,137
18-04-2022,Onion,Adilabad,Telangana,1704.11,140
18-04-2022,Tomato,Adilabad,Telangana,2146.96,95
18-04-2022,Potato,Khammam,Telangana,2072.91,105
18-04-2022,Tomato,Nizamabad,Telangana,1688.27,99
18-04-2022,Tomato,Khammam,Telangana,1559.11,211
18-04-2022,Rice,Nizamabad,Telangana,2958.01,100
18-04-2022,Rice,Hyderabad,Telangana,2913.77,144
18-04-2022,Potato,Karimnagar,Telangana,2427.47,79
18-04-2022,Rice,Karimnagar,Telangana,3250.88,91
18-04-2022,Rice,Khammam,Telangana,2862.49,172
18-04-2022,Potato,Nizamabad,Telangana,2097.87,123
18-04-2022,Rice,Warangal,Telangana,2756.26,101
18-04-2022,Onion,Nizamabad,Telangana,1624.87,136
18-04-2022,Rice,Adilabad,Telangana,2900.32,122
18-04-2022,Onion,Karimnagar,Telangana,2013.9,78
18-04-2022,Potato,Adilabad,Telangana,2264.53,124
18-04-2022,Tomato,Hyderabad,Telangana,2069.77,107
18-04-2022,Onion,Khammam,Telangana,2106.76,20
18-04-2022,Onion,Hyderabad,Telangana,1687.88,157
18-04-2022,Potato,Warangal,Telangana,2151.98,86
18-04-2023,Rice,Khammam,Telangana,3089.52,64
18-04-2023,Potato,Karimnagar,Telangana,2141.01,116
18-04-2023,Onion,Warangal,Telangana,1857.59,135
18-04-2023,Onion,Adilabad,Telangana,1616.73,112
18-04-2023,Tomato,Karimnagar,Telangana,1994.81,134
18-04-2023,Onion,Khammam,Telangana,1836.38,120
18-04-2023,Rice,Karimnagar,Telangana,2876.51,72
18-04-2023,Potato,Warangal,Telangana,2224.36,110
18-04-2023,Tomato,Hyderabad,Telangana,1678.28,193
18-04-2023,Tomato,Adilabad,Telangana,1754.84,112
18-04-2023,Rice,Adilabad,Telangana,2980.14,141
18-04-2023,Tomato,Nizamabad,Telangana,1959.77,121
18-04-2023,Onion,Hyderabad,Telangana,1757.77,154
18-04-2023,Potato,Khammam,Telangana,2212.57,122
18-04-2023,Tomato,Warangal,Telangana,2117.1,20
18-04-2023,Onion,Karimnagar,Telangana,1879.14,101
18-04-2023,Potato,Hyderabad,Telangana,2080.07,128
18-04-2023,Potato,Adilabad,Telangana,1862.36,98
18-04-2023,Onion,Nizamabad,Telangana,1859.12,88
18-04-2023,Rice,Hyderabad,Telangana,2829.21,73
18-04-2023,Potato,Nizamabad,Telangana,2147.33,171
18-04-2023,Rice,Warangal,Telangana,3129.33,99
18-04-2023,Rice,Nizamabad,Telangana,3120.28,139
18-04-2023,Tomato,Khammam,Telangana,1863.67,163
18-04-2024,Rice,Adilabad,Telangana,3012.73,181
18-04-2024,Potato,Warangal,Telangana,2186.8,107
18-04-2024,Onion,Khammam,Telangana,1958.45,52
18-04-2024,Potato,Khammam,Telangana,2193.86,97
18-04-2024,Tomato,Warangal,Telangana,1621.07,159
18-04-2024,Rice,Karimnagar,Telangana,2896.48,109
18-04-2024,Rice,Hyderabad,Telangana,2816.28,224
18-04-2024,Tomato,Khammam,Telangana,1828.82,108
18-04-2024,Onion,Nizamabad,Telangana,1832.98,107
18-04-2024,Rice,Warangal,Telangana,2758.54,153
18-04-2024,Rice,Khammam,Telangana,2925.27,68
18-04-2024,Tomato,Hyderabad,Telangana,2038.3,168
18-04-2024,Potato,Adilabad,Telangana,2051.38,124
18-04-2024,Onion,Warangal,Telangana,1574.53,144
18-04-2024,Tomato,Adilabad,Telangana,1885.08,164
18-04-2024,Potato,Nizamabad,Telangana,2136.38,141
18-04-2024,Tomato,Karimnagar,Telangana,1918.21,61
18-04-2024,Onion,Adilabad,Telangana,1801.36,81
18-04-2024,Potato,Hyderabad,Telangana,2223.83,104
18-04-2024,Tomato,Nizamabad,Telangana,2134.92,152
18-04-2024,Potato,Karimnagar,Telangana,2123.62,126
18-05-2022,Onion,Khammam,Telangana,1689.41,114
18-05-2022,Rice,Adilabad,Telangana,2577.29,177
18-05-2022,Rice,Nizamabad,Telangana,2828.16,151
18-05-2022,Onion,Hyderabad,Telangana,1778.51,93
18-05-2022,Potato,Khammam,Telangana,2276.69,74
18-05-2022,Tomato,Warangal,Telangana,1913.19,95
18-05-2022,Rice,Hyderabad,Telangana,2569.1,101
18-05-2022,Rice,Warangal,Telangana,3105.75,44
18-05-2022,Potato,Nizamabad,Telangana,2336.81,97
18-05-2022,Tomato,Khammam,Telangana,2116.76,116
18-05-2022,Onion,Karimnagar,Telangana,1962.02,103
18-05-2022,Onion,Warangal,Telangana,1644.98,69
18-05-2022,Onion,Adilabad,Telangana,1837.66,102
18-05-2022,Potato,Adilabad,Telangana,2058.33,183
18-05-2022,Potato,Karimnagar,Telangana,2204.23,94
18-05-2022,Onion,Nizamabad,Telangana,1759.31,81
18-05-2022,Rice,Karimnagar,Telangana,2575.16,166
18-05-2022,Tomato,Hyderabad,Telangana,2036.57,80
18-05-2022,Tomato,Nizamabad,Telangana,2009.53,67
18-05-2022,Potato,Hyderabad,Telangana,2401.81,82
18-05-2022,Tomato,Karimnagar,Telangana,2104.14,90
18-05-2022,Rice,Khammam,Telangana,2975.08,118
18-05-2023,Potato,Karimnagar,Telangana,2221.82,133
18-05-2023,Rice,Hyderabad,Telangana,2840.44,139
18-05-2023,Tomato,Warangal,Telangana,1695.97,116
18-05-2023,Onion,Adilabad,Telangana,1867.35,76
18-05-2023,Onion,Hyderabad,Telangana,1629.66,122
18-05-2023,Onion,Nizamabad,Telangana,1794.23,66
18-05-2023,Potato,Khammam,Telangana,1737.45,170
18-05-2023,Rice,Khammam,Telangana,2986.66,93
18-05-2023,Rice,Adilabad,Telangana,2979.46,109
18-05-2023,Tomato,Khammam,Telangana,1879.52,104
18-05-2023,Rice,Karimnagar,Telangana,2746.04,162
18-05-2023,Tomato,Karimnagar,Telangana,1958.68,76
18-05-2023,Tomato,Adilabad,Telangana,1714.59,167
18-05-2023,Potato,Warangal,Telangana,1995.33,182
18-05-2023,Tomato,Nizamabad,Telangana,2021.55,140
18-05-2023,Potato,Adilabad,Telangana,1927.03,92
18-05-2023,Onion,Karimnagar,Telangana,1733.09,132
18-05-2023,Rice,Nizamabad,Telangana,3089.15,103
18-05-2023,Onion,Warangal,Telangana,1724.6,156
18-05-2023,Onion,Khammam,Telangana,1724.78,196
18-05-2023,Potato,Nizamabad,Telangana,2126.32,190
18-05-2024,Rice,Nizamabad,Telangana,2867.08,95
18-05-2024,Onion,Warangal,Telangana,1648.03,114
18-05-2024,Potato,Nizamabad,Telangana,2269.13,55
18-05-2024,Onion,Adilabad,Telangana,1727.53,160
18-05-2024,Tomato,Khammam,Telangana,2247.57,80
18-05-2024,Tomato,Warangal,Telangana,1747.17,147
18-05-2024,Tomato,Hyderabad,Telangana,1856.52,77
18-05-2024,Rice,Khammam,Telangana,2981.72,72
18-05-2024,Rice,Adilabad,Telangana,2722.1,154
18-05-2024,Onion,Nizamabad,Telangana,1648.06,179
18-05-2024,Potato,Hyderabad,Telangana,2196.32,84
18-05-2024,Onion,Karimnagar,Telangana,1723.04,97
18-05-2024,Potato,Karimnagar,Telangana,2108.47,139
18-05-2024,Tomato,Karimnagar,Telangana,1844.47,99
18-05-2024,Onion,Khammam,Telangana,1615.94,214
18-05-2024,Rice,Warangal,Telangana,2899.48,128
18-05-2024,Potato,Warangal,Telangana,1980.72,177
18-05-2024,Rice,Karimnagar,Telangana,2847.22,65
18-05-2024,Onion,Hyderabad,Telangana,1681.58,148
18-05-2024,Tomato,Adilabad,Telangana,1658.62,180
18-05-2024,Rice,Hyderabad,Telangana,2865.05,76
18-05-2024,Tomato,Nizamabad,Telangana,1879.31,93
18-05-2024,Potato,Adilabad,Telangana,2255.59,112
18-05-2024,Potato,Khammam,Telangana,2341.11,20
18-06-2022,Rice,Hyderabad,Telangana,2934.51,83
18-06-2022,Tomato,Hyderabad,Telangana,1838.84,86
18-06-2022,Potato,Karimnagar,Telangana,2108.64,61
18-06-2022,Onion,Karimnagar,Telangana,1478.95,137
18-06-2022,Potato,Nizamabad,Telangana,1955.03,103
18-06-2022,Tomato,Adilabad,Telangana,1673.94,175
18-06-2022,Onion,Warangal,Telangana,1619.92,158
18-06-2022,Rice,Warangal,Telangana,2909.05,163
18-06-2022,Rice,Karimnagar,Telangana,2711.82,104
18-06-2022,Tomato,Karimnagar,Telangana,1551.47,169
18-06-2022,Potato,Khammam,Telangana,2213.66,82
18-06-2022,Onion,Khammam,Telangana,1895.06,87
18-06-2022,Rice,Nizamabad,Telangana,2939.61,117
18-06-2022,Onion,Adilabad,Telangana,1772.93,132
18-06-2022,Potato,Hyderabad,Telangana,2112.76,80
18-06-2022,Potato,Adilabad,Telangana,2255.68,78
18-06-2022,Potato,Warangal,Telangana,2125.74,40
18-06-2022,Onion,Hyderabad,Telangana,1545.56,81
18-06-2022,Tomato,Khammam,Telangana,1590.99,102
18-06-2022,Onion,Nizamabad,Telangana,1765.79,98
18-06-2022,Rice,Adilabad,Telangana,3087.73,108
18-06-2022,Tomato,Warangal,Telangana,1987.29,124
18-06-2022,Tomato,Nizamabad,Telangana,1932.85,143
18-06-2023,Onion,Khammam,Telangana,1786.27,82
18-06-2023,Potato,Nizamabad,Telangana,2118.48,110
18-06-2023,Rice,Hyderabad,Telangana,2583.87,173
18-06-2023,Rice,Adilabad,Telangana,3068.78,67
18-06-2023,Rice,Nizamabad,Telangana,3059.24,89
18-06-2023,Tomato,Adilabad,Telangana,1885.45,108
18-06-2023,Onion,Karimnagar,Telangana,1468.56,154
18-06-2023,Onion,Hyderabad,Telangana,1348.48,117
18-06-2023,Potato,Warangal,Telangana,2205.61,107
18-06-2023,Tomato,Hyderabad,Telangana,2052.7,68
18-06-2023,Potato,Karimnagar,Telangana,1782.28,141
18-06-2023,Potato,Hyderabad,Telangana,2217.04,48
18-06-2023,Rice,Khammam,Telangana,3062.23,82
18-06-2023,Onion,Adilabad,Telangana,1690.76,133
18-06-2023,Potato,Adilabad,Telangana,1929.35,153
18-06-2023,Tomato,Karimnagar,Telangana,2061.25,94
18-06-2023,Tomato,Warangal,Telangana,1771.0,86
18-06-2023,Potato,Khammam,Telangana,2044.89,50
18-06-2023,Tomato,Nizamabad,Telangana,1819.45,86
18-06-2023,Rice,Warangal,Telangana,2618.36,118
18-06-2023,Rice,Karimnagar,Telangana,2837.16,155
18-06-2024,Onion,Hyderabad,Telangana,1597.14,151
18-06-2024,Potato,Khammam,Telangana,1908.14,120
18-06-2024,Tomato,Nizamabad,Telangana,1486.56,191
18-06-2024,Potato,Warangal,Telangana,2085.96,67
18-06-2024,Tomato,Warangal,Telangana,1752.76,133
18-06-2024,Rice,Warangal,Telangana,2748.0,154
18-06-2024,Potato,Karimnagar,Telangana,1925.2,124
18-06-2024,Potato,Adilabad,Telangana,2044.7,68
18-06-2024,Tomato,Karimnagar,Telangana,1995.44,44
18-06-2024,Onion,Nizamabad,Telangana,1821.83,74
18-06-2024,Rice,Karimnagar,Telangana,2855.41,103
18-06-2024,Rice,Nizamabad,Telangana,2749.17,123
18-06-2024,Potato,Hyderabad,Telangana,1729.64,180
18-06-2024,Tomato,Hyderabad,Telangana,1722.62,163
18-06-2024,Onion,Adilabad,Telangana,1368.52,159
18-06-2024,Tomato,Adilabad,Telangana,1950.8,121
18-06-2024,Onion,Warangal,Telangana,1615.6,130
18-06-2024,Rice,Hyderabad,Telangana,2888.52,100
18-06-2024,Potato,Nizamabad,Telangana,2012.9,151
18-06-2024,Onion,Khammam,Telangana,1550.29,146
18-06-2024,Rice,Khammam,Telangana,2909.4,132
18-06-2024,Onion,Karimnagar,Telangana,1673.45,97
18-06-2024,Rice,Adilabad,Telangana,2986.86,83
18-07-2022,Tomato,Adilabad,Telangana,1600.25,145
18-07-2022,Rice,Hyderabad,Telangana,2896.58,51
18-07-2022,Onion,Nizamabad,Telangana,1301.81,149
18-07-2022,Potato,Warangal,Telangana,1932.75,142
18-07-2022,Onion,Adilabad,Telangana,1644.61,126
18-07-2022,Tomato,Khammam,Telangana,1706.96,57
18-07-2022,Potato,Adilabad,Telangana,1942.87,96
18-07-2022,Potato,Khammam,Telangana,1960.52,125
18-07-2022,Tomato,Warangal,Telangana,1675.56,137
18-07-2022,Rice,Karimnagar,Telangana,2699.24,105
18-07-2022,Rice,Nizamabad,Telangana,3013.92,122
18-07-2022,Tomato,Hyderabad,Telangana,2007.73,51
18-07-2022,Onion,Warangal,Telangana,1451.98,116
18-07-2022,Rice,Warangal,Telangana,2649.08,94
18-07-2022,Potato,Karimnagar,Telangana,2207.29,23
18-07-2022,Onion,Karimnagar,Telangana,1427.29,160
18-07-2022,Rice,Adilabad,Telangana,2814.2,81
18-07-2022,Onion,Khammam,Telangana,1508.21,150
18-07-2022,Potato,Nizamabad,Telangana,1759.9,76
18-07-2022,Onion,Hyderabad,Telangana,1874.54,43
18-07-2022,Rice,Khammam,Telangana,2761.25,130
18-07-2022,Tomato,Nizamabad,Telangana,1430.29,243
18-07-2023,Tomato,Karimnagar,Telangana,1632.65,128
18-07-2023,Potato,Khammam,Telangana,2107.39,140
18-07-2023,Potato,Nizamabad,Telangana,1895.46,134
18-07-2023,Tomato,Warangal,Telangana,1743.03,115
18-07-2023,Rice,Karimnagar,Telangana,2702.37,136
18-07-2023,Rice,Khammam,Telangana,2664.81,143
18-07-2023,Potato,Warangal,Telangana,1876.05,138
18-07-2023,Tomato,Nizamabad,Telangana,1730.31,106
18-07-2023,Onion,Karimnagar,Telangana,1454.98,115
18-07-2023,Rice,Nizamabad,Telangana,2720.49,94
18-07-2023,Tomato,Adilabad,Telangana,1344.57,138
18-07-2023,Onion,Nizamabad,Telangana,1518.78,97
18-07-2023,Tomato,Khammam,Telangana,1692.06,113
18-07-2023,Onion,Adilabad,Telangana,1436.18,90
18-07-2023,Tomato,Hyderabad,Telangana,1592.75,132
18-07-2023,Potato,Adilabad,Telangana,1916.68,120
18-07-2023,Potato,Karimnagar,Telangana,1964.77,90
18-07-2023,Rice,Adilabad,Telangana,2864.77,83
18-07-2023,Onion,Hyderabad,Telangana,1349.42,217
18-07-2023,Rice,Hyderabad,Telangana,2766.02,124
18-07-2023,Rice,Warangal,Telangana,2730.19,117
18-07-2023,Onion,Khammam,Telangana,1412.03,125
18-07-2023,Onion,Warangal,Telangana,1510.09,142
18-08-2022,Onion,Khammam,Telangana,1538.97,122
18-08-2022,Rice,Adilabad,Telangana,2741.95,43
18-08-2022,Onion,Adilabad,Telangana,1372.4,177
18-08-2022,Potato,Adilabad,Telangana,1959.5,29
18-08-2022,Onion,Karimnagar,Telangana,1484.57,85
18-08-2022,Potato,Hyderabad,Telangana,1903.08,105
18-08-2022,Rice,Karimnagar,Telangana,2466.11,113
18-08-2022,Rice,Khammam,Telangana,2584.71,136
18-08-2022,Potato,Warangal,Telangana,1875.42,94
18-08-2022,Tomato,Warangal,Telangana,1840.34,20
18-08-2022,Potato,Nizamabad,Telangana,1694.41,204
18-08-2022,Onion,Hyderabad,Telangana,1326.87,101
18-08-2022,Potato,Karimnagar,Telangana,1866.78,105
18-08-2022,Tomato,Nizamabad,Telangana,1566.69,107
18-08-2022,Onion,Warangal,Telangana,1480.54,113
18-08-2022,Onion,Nizamabad,Telangana,1665.11,59
18-08-2022,Rice,Hyderabad,Telangana,2474.01,99
18-08-2022,Rice,Warangal,Telangana,2836.61,27
18-08-2022,Tomato,Karimnagar,Telangana,1512.02,158
18-08-2022,Tomato,Hyderabad,Telangana,1518.72,97
18-08-2022,Potato,Khammam,Telangana,1820.14,124
18-08-2022,Tomato,Khammam,Telangana,1455.72,150
18-08-2023,Tomato,Hyderabad,Telangana,1456.26,142
18-08-2023,Rice,Nizamabad,Telangana,2577.48,97
18-08-2023,Potato,Nizamabad,Telangana,1754.36,96
18-08-2023,Tomato,Karimnagar,Telangana,1764.03,36
18-08-2023,Onion,Karimnagar,Telangana,1327.69,76
18-08-2023,Rice,Warangal,Telangana,2503.38,118
18-08-2023,Rice,Khammam,Telangana,2549.52,135
18-08-2023,Onion,Nizamabad,Telangana,1451.09,188
18-08-2023,Tomato,Khammam,Telangana,1514.06,96
18-08-2023,Onion,Hyderabad,Telangana,1419.94,221
18-08-2023,Rice,Karimnagar,Telangana,2680.2,139
18-08-2023,Onion,Warangal,Telangana,1317.17,152
18-08-2023,Tomato,Adilabad,Telangana,1852.48,129
18-08-2023,Potato,Karimnagar,Telangana,1760.26,108
18-08-2023,Potato,Adilabad,Telangana,1729.21,146
18-08-2023,Potato,Khammam,Telangana,1926.82,161
18-08-2023,Onion,Khammam,Telangana,1695.9,99
18-08-2023,Rice,Hyderabad,Telangana,2518.45,169
18-08-2023,Onion,Adilabad,Telangana,1523.99,100
18-08-2023,Potato,Warangal,Telangana,1845.39,88
18-08-2023,Tomato,Warangal,Telangana,1997.87,74
18-08-2023,Rice,Adilabad,Telangana,2680.98,35
18-09-2022,Tomato,Karimnagar,Telangana,1599.1,95
18-09-2022,Rice,Nizamabad,Telangana,2525.47,104
18-09-2022,Rice,Hyderabad,Telangana,2749.95,115
18-09-2022,Rice,Karimnagar,Telangana,2562.12,78
18-09-2022,Rice,Adilabad,Telangana,2464.67,110
18-09-2022,Tomato,Nizamabad,Telangana,1484.93,170
18-09-2022,Onion,Hyderabad,Telangana,1418.46,135
18-09-2022,Potato,Khammam,Telangana,1904.45,137
18-09-2022,Potato,Adilabad,Telangana,1716.29,193
18-09-2022,Onion,Khammam,Telangana,1502.16,101
18-09-2022,Tomato,Warangal,Telangana,1625.05,137
18-09-2022,Tomato,Hyderabad,Telangana,1764.78,53
18-09-2022,Tomato,Adilabad,Telangana,1721.47,161
18-09-2022,Onion,Karimnagar,Telangana,1110.36,114
18-09-2022,Rice,Khammam,Telangana,2469.06,159
18-09-2022,Potato,Warangal,Telangana,1728.88,168
18-09-2022,Potato,Hyderabad,Telangana,1714.41,182
18-09-2022,Onion,Nizamabad,Telangana,1240.36,86
18-09-2022,Potato,Nizamabad,Telangana,1741.93,153
18-09-2022,Tomato,Khammam,Telangana,1752.16,113
18-09-2022,Rice,Warangal,Telangana,2489.0,95
18-09-2022,Potato,Karimnagar,Telangana,1677.19,136
18-09-2022,Onion,Warangal,Telangana,1215.42,132
18-09-2023,Rice,Warangal,Telangana,2566.7,163
18-09-2023,Tomato,Karimnagar,Telangana,2071.46,20
18-09-2023,Onion,Khammam,Telangana,1210.78,124
18-09-2023,Potato,Nizamabad,Telangana,2036.82,92
18-09-2023,Tomato,Adilabad,Telangana,1730.9,97
18-09-2023,Onion,Adilabad,Telangana,1136.31,197
18-09-2023,Tomato,Khammam,Telangana,1762.04,49
18-09-2023,Tomato,Nizamabad,Telangana,1504.24,130
18-09-2023,Rice,Adilabad,Telangana,2543.02,100
18-09-2023,Onion,Nizamabad,Telangana,1461.75,118
18-09-2023,Potato,Karimnagar,Telangana,1791.82,104
18-09-2023,Potato,Adilabad,Telangana,1886.11,61
18-09-2023,Rice,Karimnagar,Telangana,2272.34,183
18-09-2023,Potato,Warangal,Telangana,1808.43,113
18-09-2023,Rice,Hyderabad,Telangana,2575.94,120
18-09-2023,Onion,Warangal,Telangana,1414.94,83
18-09-2023,Onion,Hyderabad,Telangana,1412.84,163
18-09-2023,Tomato,Warangal,Telangana,1590.44,65
18-09-2023,Tomato,Hyderabad,Telangana,1639.6,133
18-09-2023,Potato,Khammam,Telangana,1831.39,89
18-09-2023,Rice,Nizamabad,Telangana,2562.17,165
18-09-2023,Onion,Karimnagar,Telangana,1386.19,121
18-09-2023,Rice,Khammam,Telangana,2573.51,145
18-10-2022,Rice,Hyderabad,Telangana,2679.57,105
18-10-2022,Tomato,Warangal,Telangana,1530.92,81
18-10-2022,Tomato,Hyderabad,Telangana,1491.94,133
18-10-2022,Onion,Nizamabad,Telangana,1303.29,161
18-10-2022,Potato,Karimnagar,Telangana,2016.37,96
18-10-2022,Potato,Nizamabad,Telangana,1779.34,178
18-10-2022,Potato,Hyderabad,Telangana,1835.76,68
18-10-2022,Rice,Adilabad,Telangana,2362.53,87
18-10-2022,Tomato,Adilabad,Telangana,1282.67,178
18-10-2022,Onion,Hyderabad,Telangana,1326.51,139
18-10-2022,Onion,Karimnagar,Telangana,1425.49,72
18-10-2022,Onion,Adilabad,Telangana,1213.67,73
18-10-2022,Onion,Khammam,Telangana,1406.5,141
18-10-2022,Onion,Warangal,Telangana,1215.14,129
18-10-2022,Potato,Khammam,Telangana,2013.46,124
18-10-2022,Potato,Warangal,Telangana,1641.27,145
18-10-2022,Tomato,Nizamabad,Telangana,1842.56,80
18-10-2022,Rice,Khammam,Telangana,2684.31,123
18-10-2022,Rice,Warangal,Telangana,2708.39,89
18-10-2022,Potato,Adilabad,Telangana,1837.23,142
18-10-2022,Tomato,Karimnagar,Telangana,1484.67,131
18-10-2023,Potato,Warangal,Telangana,1758.81,57
18-10-2023,Rice,Hyderabad,Telangana,2736.61,127
18-10-2023,Potato,Hyderabad,Telangana,1905.46,64
18-10-2023,Tomato,Hyderabad,Telangana,1669.91,118
18-10-2023,Potato,Nizamabad,Telangana,1538.98,138
18-10-2023,Potato,Adilabad,Telangana,1754.96,149
18-10-2023,Rice,Karimnagar,Telangana,2614.63,125
18-10-2023,Rice,Nizamabad,Telangana,2337.24,188
18-10-2023,Potato,Khammam,Telangana,1895.23,82
18-10-2023,Tomato,Warangal,Telangana,1627.8,73
18-10-2023,Rice,Khammam,Telangana,2485.36,84
18-10-2023,Tomato,Khammam,Telangana,1637.93,120
18-10-2023,Tomato,Adilabad,Telangana,1499.08,123
18-10-2023,Onion,Khammam,Telangana,1360.14,77
18-10-2023,Rice,Warangal,Telangana,2403.63,158
18-10-2023,Potato,Karimnagar,Telangana,1865.67,128
18-10-2023,Tomato,Karimnagar,Telangana,1768.81,99
18-10-2023,Onion,Karimnagar,Telangana,1306.91,183
18-10-2023,Tomato,Nizamabad,Telangana,1655.23,162
18-10-2023,Onion,Warangal,Telangana,1607.79,85
18-10-2023,Onion,Hyderabad,Telangana,1421.38,139
18-11-2022,Tomato,Nizamabad,Telangana,1403.86,208
18-11-2022,Onion,Karimnagar,Telangana,1456.98,52
18-11-2022,Tomato,Adilabad,Telangana,1610.23,130
18-11-2022,Rice,Adilabad,Telangana,2493.98,133
18-11-2022,Potato,Hyderabad,Telangana,1853.9,55
18-11-2022,Potato,Nizamabad,Telangana,1797.93,90
18-11-2022,Rice,Khammam,Telangana,2864.33,32
18-11-2022,Rice,Karimnagar,Telangana,2606.49,177
18-11-2022,Onion,Adilabad,Telangana,1206.29,146
18-11-2022,Potato,Karimnagar,Telangana,1870.82,186
18-11-2022,Onion,Khammam,Telangana,1463.01,113
18-11-2022,Rice,Nizamabad,Telangana,2672.1,169
18-11-2022,Onion,Warangal,Telangana,1274.79,73
18-11-2022,Onion,Nizamabad,Telangana,1557.45,59
18-11-2022,Onion,Hyderabad,Telangana,1517.87,98
18-11-2022,Rice,Warangal,Telangana,2622.72,111
18-11-2022,Potato,Adilabad,Telangana,1893.22,120
18-11-2022,Potato,Warangal,Telangana,1822.76,108
18-11-2022,Tomato,Warangal,Telangana,1809.35,68
18-11-2022,Tomato,Khammam,Telangana,1523.16,146
18-11-2022,Tomato,Karimnagar,Telangana,1754.43,96
18-11-2022,Potato,Khammam,Telangana,1932.95,64
18-11-2022,Tomato,Hyderabad,Telangana,1464.21,109
18-11-2023,Rice,Adilabad,Telangana,2590.99,137
18-11-2023,Onion,Warangal,Telangana,1335.41,125
18-11-2023,Potato,Khammam,Telangana,1910.06,105
18-11-2023,Rice,Karimnagar,Telangana,2637.37,105
18-11-2023,Potato,Warangal,Telangana,1726.26,120
18-11-2023,Onion,Hyderabad,Telangana,1521.45,38
18-11-2023,Rice,Hyderabad,Telangana,2562.31,75
18-11-2023,Potato,Nizamabad,Telangana,1789.43,94
18-11-2023,Onion,Karimnagar,Telangana,1558.91,87
18-11-2023,Rice,Nizamabad,Telangana,2556.63,142
18-11-2023,Onion,Nizamabad,Telangana,1305.06,112
18-11-2023,Potato,Adilabad,Telangana,1969.16,57
18-11-2023,Potato,Hyderabad,Telangana,1953.95,121
18-11-2023,Rice,Warangal,Telangana,2658.66,124
18-11-2023,Onion,Khammam,Telangana,1276.99,144
18-11-2023,Tomato,Hyderabad,Telangana,1538.96,65
18-11-2023,Tomato,Khammam,Telangana,1736.35,136
18-11-2023,Tomato,Karimnagar,Telangana,1454.28,79
18-11-2023,Tomato,Adilabad,Telangana,1528.75,133
18-11-2023,Tomato,Warangal,Telangana,1821.71,67
18-11-2023,Onion,Adilabad,Telangana,1440.0,140
18-11-2023,Tomato,Nizamabad,Telangana,1660.41,31
18-11-2023,Potato,Karimnagar,Telangana,1911.56,159
18-12-2022,Potato,Khammam,Telangana,1957.71,67
18-12-2022,Rice,Adilabad,Telangana,2935.18,61
18-12-2022,Potato,Nizamabad,Telangana,1991.21,74
18-12-2022,Onion,Adilabad,Telangana,1445.44,155
18-12-2022,Tomato,Warangal,Telangana,1666.8,106
18-12-2022,Onion,Hyderabad,Telangana,1617.38,143
18-12-2022,Rice,Karimnagar,Telangana,2628.84,91
18-12-2022,Potato,Adilabad,Telangana,2090.12,118
18-12-2022,Potato,Warangal,Telangana,2079.93,71
18-12-2022,Tomato,Karimnagar,Telangana,1874.68,81
18-12-2022,Tomato,Hyderabad,Telangana,1601.25,91
18-12-2022,Onion,Nizamabad,Telangana,1511.4,119
18-12-2022,Onion,Khammam,Telangana,1693.93,74
18-12-2022,Tomato,Adilabad,Telangana,1667.05,143
18-12-2022,Rice,Khammam,Telangana,2697.07,167
18-12-2022,Rice,Nizamabad,Telangana,3118.37,39
18-12-2022,Tomato,Khammam,Telangana,1541.4,135
18-12-2022,Onion,Karimnagar,Telangana,1258.22,156
18-12-2022,Onion,Warangal,Telangana,1655.37,98
18-12-2022,Rice,Warangal,Telangana,2710.64,103
18-12-2022,Rice,Hyderabad,Telangana,2757.6,83
18-12-2023,Onion,Karimnagar,Telangana,1396.85,107
18-12-2023,Potato,Adilabad,Telangana,1713.73,151
18-12-2023,Tomato,Warangal,Telangana,2027.64,77
18-12-2023,Tomato,Adilabad,Telangana,1682.52,132
18-12-2023,Tomato,Karimnagar,Telangana,1718.88,149
18-12-2023,Rice,Khammam,Telangana,2596.28,140
18-12-2023,Rice,Nizamabad,Telangana,2804.93,93
18-12-2023,Rice,Adilabad,Telangana,2617.2,139
18-12-2023,Rice,Hyderabad,Telangana,2689.95,138
18-12-2023,Rice,Karimnagar,Telangana,2851.04,75
18-12-2023,Onion,Khammam,Telangana,1394.78,158
18-12-2023,Potato,Karimnagar,Telangana,1787.97,117
18-12-2023,Tomato,Hyderabad,Telangana,1574.3,154
18-12-2023,Tomato,Khammam,Telangana,1729.84,180
18-12-2023,Onion,Nizamabad,Telangana,1352.5,149
18-12-2023,Rice,Warangal,Telangana,2831.8,178
18-12-2023,Tomato,Nizamabad,Telangana,1819.36,73
18-12-2023,Onion,Warangal,Telangana,1220.29,163
18-12-2023,Potato,Nizamabad,Telangana,1676.37,202
18-12-2023,Potato,Warangal,Telangana,2115.25,85
18-12-2023,Potato,Khammam,Telangana,1532.5,162
18-12-2023,Onion,Hyderabad,Telangana,1573.57,85
19-01-2022,Potato,Adilabad,Telangana,1919.28,145
19-01-2022,Tomato,Hyderabad,Telangana,1569.82,128
19-01-2022,Rice,Karimnagar,Telangana,2999.39,32
19-01-2022,Tomato,Warangal,Telangana,1926.01,74
19-01-2022,Rice,Warangal,Telangana,2677.78,100
19-01-2022,Potato,Khammam,Telangana,2024.35,74
19-01-2022,Potato,Karimnagar,Telangana,2233.67,111
19-01-2022,Rice,Hyderabad,Telangana,2772.03,100
19-01-2022,Tomato,Nizamabad,Telangana,1969.06,117
19-01-2022,Potato,Nizamabad,Telangana,2209.2,111
19-01-2022,Tomato,Adilabad,Telangana,1980.62,121
19-01-2022,Tomato,Khammam,Telangana,1876.29,109
19-01-2022,Onion,Adilabad,Telangana,1808.26,116
19-01-2022,Rice,Nizamabad,Telangana,2997.9,116
19-01-2022,Rice,Adilabad,Telangana,2558.3,170
19-01-2022,Potato,Hyderabad,Telangana,2081.6,68
19-01-2022,Onion,Hyderabad,Telangana,1594.78,92
19-01-2022,Onion,Warangal,Telangana,1641.52,161
19-01-2022,Tomato,Karimnagar,Telangana,1893.39,106
19-01-2022,Rice,Khammam,Telangana,2832.64,163
19-01-2022,Onion,Nizamabad,Telangana,1756.01,121
19-01-2023,Onion,Khammam,Telangana,1776.66,100
19-01-2023,Rice,Karimnagar,Telangana,2999.8,50
19-01-2023,Potato,Khammam,Telangana,1976.41,115
19-01-2023,Onion,Karimnagar,Telangana,1651.51,75
19-01-2023,Rice,Warangal,Telangana,2979.31,71
19-01-2023,Potato,Adilabad,Telangana,2080.8,138
19-01-2023,Tomato,Warangal,Telangana,1979.12,80
19-01-2023,Tomato,Khammam,Telangana,1693.38,161
19-01-2023,Potato,Nizamabad,Telangana,2111.96,89
19-01-2023,Onion,Adilabad,Telangana,1568.83,147
19-01-2023,Potato,Karimnagar,Telangana,2128.67,86
19-01-2023,Tomato,Karimnagar,Telangana,1868.87,98
19-01-2023,Tomato,Nizamabad,Telangana,1712.5,165
19-01-2023,Potato,Warangal,Telangana,2095.26,110
19-01-2023,Potato,Hyderabad,Telangana,2006.14,65
19-01-2023,Rice,Hyderabad,Telangana,2739.85,146
19-01-2023,Onion,Warangal,Telangana,1378.68,106
19-01-2023,Tomato,Adilabad,Telangana,1754.61,157
19-01-2023,Onion,Hyderabad,Telangana,1577.23,127
19-01-2023,Onion,Nizamabad,Telangana,1772.89,106
19-01-2023,Tomato,Hyderabad,Telangana,2037.48,118
19-01-2023,Rice,Khammam,Telangana,2852.37,173
19-01-2023,Rice,Adilabad,Telangana,3094.55,77
19-01-2023,Rice,Nizamabad,Telangana,2862.6,140
19-01-2024,Onion,Nizamabad,Telangana,1686.13,81
19-01-2024,Rice,Karimnagar,Telangana,2806.06,157
19-01-2024,Tomato,Karimnagar,Telangana,1616.37,155
19-01-2024,Onion,Adilabad,Telangana,1553.97,97
19-01-2024,Rice,Adilabad,Telangana,3114.45,74
19-01-2024,Onion,Karimnagar,Telangana,1345.47,209
19-01-2024,Tomato,Hyderabad,Telangana,1801.99,202
19-01-2024,Potato,Warangal,Telangana,2119.62,127
19-01-2024,Rice,Hyderabad,Telangana,2795.39,94
19-01-2024,Potato,Karimnagar,Telangana,2301.82,85
19-01-2024,Rice,Nizamabad,Telangana,2738.88,165
19-01-2024,Onion,Warangal,Telangana,1677.31,147
19-01-2024,Tomato,Adilabad,Telangana,1951.45,60
19-01-2024,Onion,Hyderabad,Telangana,1572.63,106
19-01-2024,Rice,Warangal,Telangana,2887.38,97
19-01-2024,Onion,Khammam,Telangana,1530.0,134
19-01-2024,Tomato,Warangal,Telangana,1573.52,187
19-01-2024,Tomato,Nizamabad,Telangana,1743.91,91
19-01-2024,Rice,Khammam,Telangana,2474.23,154
19-01-2024,Potato,Nizamabad,Telangana,2153.68,53
19-01-2024,Potato,Hyderabad,Telangana,1991.05,121
19-01-2024,Potato,Khammam,Telangana,2156.81,129
19-01-2024,Tomato,Khammam,Telangana,1466.98,213
19-02-2022,Rice,Hyderabad,Telangana,3190.36,81
19-02-2022,Onion,Khammam,Telangana,1804.13,95
19-02-2022,Onion,Nizamabad,Telangana,1924.18,55
19-02-2022,Tomato,Nizamabad,Telangana,2277.33,32
19-02-2022,Rice,Adilabad,Telangana,2885.24,90
19-02-2022,Potato,Adilabad,Telangana,2352.24,122
19-02-2022,Tomato,Karimnagar,Telangana,1808.67,157
19-02-2022,Tomato,Khammam,Telangana,2101.97,91
19-02-2022,Rice,Khammam,Telangana,2902.14,143
19-02-2022,Potato,Nizamabad,Telangana,2275.51,20
19-02-2022,Tomato,Hyderabad,Telangana,1881.24,120
19-02-2022,Rice,Nizamabad,Telangana,2924.16,79
19-02-2022,Onion,Warangal,Telangana,1758.53,64
19-02-2022,Onion,Adilabad,Telangana,1698.89,161
19-02-2022,Potato,Karimnagar,Telangana,2255.85,121
19-02-2022,Potato,Hyderabad,Telangana,2281.02,81
19-02-2022,Potato,Warangal,Telangana,2090.65,135
19-02-2022,Tomato,Adilabad,Telangana,1841.41,124
19-02-2022,Rice,Warangal,Telangana,2733.29,202
19-02-2022,Onion,Hyderabad,Telangana,1720.47,92
19-02-2022,Tomato,Warangal,Telangana,1829.94,142
19-02-2022,Onion,Karimnagar,Telangana,1744.53,143
19-02-2022,Rice,Karimnagar,Telangana,2940.4,97
19-02-2022,Potato,Khammam,Telangana,2229.1,83
19-02-2023,Rice,Karimnagar,Telangana,2912.56,136
19-02-2023,Onion,Khammam,Telangana,1917.85,33
19-02-2023,Tomato,Hyderabad,Telangana,1909.58,103
19-02-2023,Tomato,Karimnagar,Telangana,1843.46,124
19-02-2023,Potato,Karimnagar,Telangana,2161.31,149
19-02-2023,Rice,Warangal,Telangana,2761.93,169
19-02-2023,Rice,Nizamabad,Telangana,3135.04,66
19-02-2023,Potato,Warangal,Telangana,1955.87,123
19-02-2023,Potato,Nizamabad,Telangana,2098.21,191
19-02-2023,Tomato,Nizamabad,Telangana,1767.6,153
19-02-2023,Rice,Khammam,Telangana,2745.8,151
19-02-2023,Tomato,Adilabad,Telangana,1791.02,140
19-02-2023,Onion,Nizamabad,Telangana,1791.92,107
19-02-2023,Rice,Adilabad,Telangana,2819.04,98
19-02-2023,Rice,Hyderabad,Telangana,2764.17,119
19-02-2023,Onion,Warangal,Telangana,1740.18,103
19-02-2023,Potato,Khammam,Telangana,1858.05,151
19-02-2023,Tomato,Warangal,Telangana,1887.86,102
19-02-2023,Onion,Karimnagar,Telangana,1728.4,106
19-02-2023,Potato,Hyderabad,Telangana,2010.87,162
19-02-2023,Onion,Hyderabad,Telangana,1726.22,220
19-02-2023,Potato,Adilabad,Telangana,2339.64,107
19-02-2024,Potato,Adilabad,Telangana,2117.27,113
19-02-2024,Onion,Adilabad,Telangana,1581.65,121
19-02-2024,Rice,Adilabad,Telangana,3017.83,99
19-02-2024,Onion,Nizamabad,Telangana,1824.75,59
19-02-2024,Onion,Karimnagar,Telangana,1557.14,156
19-02-2024,Rice,Hyderabad,Telangana,2781.06,108
19-02-2024,Potato,Khammam,Telangana,2076.33,96
19-02-2024,Tomato,Karimnagar,Telangana,1789.77,112
19-02-2024,Tomato,Khammam,Telangana,2072.8,126
19-02-2024,Rice,Nizamabad,Telangana,2951.14,109
19-02-2024,Onion,Hyderabad,Telangana,1773.25,97
19-02-2024,Rice,Karimnagar,Telangana,2831.91,96
19-02-2024,Tomato,Nizamabad,Telangana,1709.05,226
19-02-2024,Potato,Warangal,Telangana,2371.62,72
19-02-2024,Potato,Hyderabad,Telangana,2024.83,146
19-02-2024,Onion,Khammam,Telangana,1829.42,20
19-02-2024,Tomato,Adilabad,Telangana,2083.03,115
19-02-2024,Potato,Karimnagar,Telangana,2066.91,196
19-02-2024,Tomato,Hyderabad,Telangana,1758.86,179
19-02-2024,Potato,Nizamabad,Telangana,2167.65,133
19-03-2022,Onion,Hyderabad,Telangana,1789.85,93
19-03-2022,Onion,Nizamabad,Telangana,1791.49,98
19-03-2022,Rice,Warangal,Telangana,3163.6,119
19-03-2022,Rice,Hyderabad,Telangana,2994.27,57
19-03-2022,Rice,Adilabad,Telangana,3226.99,56
19-03-2022,Potato,Hyderabad,Telangana,1945.55,186
19-03-2022,Potato,Warangal,Telangana,2105.93,111
19-03-2022,Onion,Karimnagar,Telangana,1635.1,99
19-03-2022,Onion,Warangal,Telangana,1846.12,50
19-03-2022,Tomato,Karimnagar,Telangana,1773.74,92
19-03-2022,Potato,Adilabad,Telangana,2142.76,63
19-03-2022,Tomato,Adilabad,Telangana,1922.47,108
19-03-2022,Tomato,Warangal,Telangana,2166.95,96
19-03-2022,Onion,Adilabad,Telangana,1636.63,121
19-03-2022,Rice,Khammam,Telangana,3119.03,76
19-03-2022,Potato,Khammam,Telangana,2330.81,87
19-03-2022,Tomato,Khammam,Telangana,1953.7,172
19-03-2022,Tomato,Nizamabad,Telangana,1785.9,117
19-03-2022,Potato,Nizamabad,Telangana,1925.68,149
19-03-2023,Potato,Khammam,Telangana,2223.75,104
19-03-2023,Onion,Adilabad,Telangana,1513.2,150
19-03-2023,Tomato,Karimnagar,Telangana,1766.64,118
19-03-2023,Rice,Adilabad,Telangana,3049.36,65
19-03-2023,Potato,Hyderabad,Telangana,2024.93,124
19-03-2023,Rice,Hyderabad,Telangana,3223.75,109
19-03-2023,Potato,Nizamabad,Telangana,2103.96,152
19-03-2023,Onion,Warangal,Telangana,1903.92,93
19-03-2023,Potato,Warangal,Telangana,2142.36,61
19-03-2023,Potato,Adilabad,Telangana,2173.22,110
19-03-2023,Potato,Karimnagar,Telangana,2321.14,71
19-03-2023,Tomato,Nizamabad,Telangana,1928.08,96
19-03-2023,Rice,Warangal,Telangana,3056.95,59
19-03-2023,Onion,Khammam,Telangana,1773.76,42
19-03-2023,Rice,Khammam,Telangana,2882.58,114
19-03-2023,Tomato,Khammam,Telangana,2100.23,61
19-03-2023,Tomato,Hyderabad,Telangana,2121.62,147
19-03-2023,Onion,Hyderabad,Telangana,1720.85,167
19-03-2023,Onion,Nizamabad,Telangana,1883.55,93
19-03-2023,Rice,Nizamabad,Telangana,2660.27,166
19-03-2023,Onion,Karimnagar,Telangana,1680.09,69
19-03-2023,Tomato,Adilabad,Telangana,1780.67,141
19-03-2023,Rice,Karimnagar,Telangana,2872.43,105
19-03-2024,Onion,Khammam,Telangana,1604.49,131
19-03-2024,Tomato,Warangal,Telangana,1913.76,153
19-03-2024,Onion,Adilabad,Telangana,1929.8,125
19-03-2024,Rice,Warangal,Telangana,3024.62,102
19-03-2024,Potato,Nizamabad,Telangana,2341.31,35
19-03-2024,Potato,Khammam,Telangana,2171.91,96
19-03-2024,Potato,Hyderabad,Telangana,2132.62,147
19-03-2024,Tomato,Karimnagar,Telangana,1871.98,131
19-03-2024,Tomato,Hyderabad,Telangana,1842.61,131
19-03-2024,Potato,Warangal,Telangana,2032.53,92
19-03-2024,Onion,Warangal,Telangana,1709.45,121
19-03-2024,Potato,Karimnagar,Telangana,2453.84,63
19-03-2024,Rice,Adilabad,Telangana,2752.56,99
19-03-2024,Tomato,Nizamabad,Telangana,1856.35,118
19-03-2024,Tomato,Khammam,Telangana,1986.58,109
19-03-2024,Onion,Nizamabad,Telangana,1671.45,100
19-03-2024,Onion,Karimnagar,Telangana,1748.55,74
19-03-2024,Rice,Khammam,Telangana,2937.0,134
19-03-2024,Rice,Karimnagar,Telangana,2921.78,97
19-03-2024,Onion,Hyderabad,Telangana,1819.59,98
19-03-2024,Rice,Hyderabad,Telangana,2981.66,74
19-03-2024,Tomato,Adilabad,Telangana,1895.31,134
19-03-2024,Potato,Adilabad,Telangana,2263.68,113
19-04-2022,Rice,Hyderabad,Telangana,2844.52,95
19-04-2022,Onion,Warangal,Telangana,1811.45,123
19-04-2022,Onion,Khammam,Telangana,1774.82,78
19-04-2022,Rice,Khammam,Telangana,2854.59,167
19-04-2022,Potato,Warangal,Telangana,2299.27,154
19-04-2022,Tomato,Khammam,Telangana,1780.35,151
19-04-2022,Rice,Nizamabad,Telangana,3039.61,127
19-04-2022,Potato,Hyderabad,Telangana,2235.21,103
19-04-2022,Onion,Karimnagar,Telangana,1986.01,95
19-04-2022,Tomato,Warangal,Telangana,1733.28,109
19-04-2022,Potato,Adilabad,Telangana,2029.37,134
19-04-2022,Onion,Hyderabad,Telangana,1676.05,113
19-04-2022,Potato,Khammam,Telangana,2050.53,149
19-04-2022,Tomato,Hyderabad,Telangana,1985.33,89
19-04-2022,Tomato,Adilabad,Telangana,1888.03,168
19-04-2022,Potato,Karimnagar,Telangana,2079.21,152
19-04-2022,Rice,Adilabad,Telangana,3117.23,28
19-04-2022,Onion,Adilabad,Telangana,1677.72,66
19-04-2022,Rice,Karimnagar,Telangana,2767.4,65
19-04-2022,Potato,Nizamabad,Telangana,2081.69,167
19-04-2023,Onion,Khammam,Telangana,1807.28,90
19-04-2023,Rice,Adilabad,Telangana,2990.97,112
19-04-2023,Onion,Hyderabad,Telangana,1355.66,136
19-04-2023,Potato,Karimnagar,Telangana,1893.58,139
19-04-2023,Potato,Nizamabad,Telangana,2451.87,62
19-04-2023,Tomato,Karimnagar,Telangana,1954.86,115
19-04-2023,Tomato,Khammam,Telangana,2101.5,145
19-04-2023,Potato,Hyderabad,Telangana,2169.3,131
19-04-2023,Rice,Warangal,Telangana,3214.11,68
19-04-2023,Rice,Hyderabad,Telangana,3068.97,87
19-04-2023,Onion,Adilabad,Telangana,1729.43,73
19-04-2023,Rice,Khammam,Telangana,2978.45,96
19-04-2023,Rice,Nizamabad,Telangana,2935.43,142
19-04-2023,Tomato,Nizamabad,Telangana,2140.47,102
19-04-2023,Tomato,Warangal,Telangana,1795.62,129
19-04-2023,Onion,Warangal,Telangana,1964.35,76
19-04-2023,Potato,Khammam,Telangana,2110.98,146
19-04-2023,Tomato,Adilabad,Telangana,2066.06,26
19-04-2023,Onion,Nizamabad,Telangana,1632.45,149
19-04-2023,Tomato,Hyderabad,Telangana,1992.71,58
19-04-2023,Potato,Adilabad,Telangana,2163.97,97
19-04-2023,Rice,Karimnagar,Telangana,2828.53,128
19-04-2024,Rice,Nizamabad,Telangana,2865.49,140
19-04-2024,Potato,Karimnagar,Telangana,2142.2,147
19-04-2024,Onion,Karimnagar,Telangana,1695.36,117
19-04-2024,Potato,Adilabad,Telangana,2179.29,90
19-04-2024,Onion,Nizamabad,Telangana,1766.89,53
19-04-2024,Tomato,Karimnagar,Telangana,2024.21,88
19-04-2024,Onion,Hyderabad,Telangana,1495.35,141
19-04-2024,Potato,Khammam,Telangana,1947.24,172
19-04-2024,Onion,Khammam,Telangana,2002.82,121
19-04-2024,Onion,Adilabad,Telangana,1880.04,143
19-04-2024,Rice,Adilabad,Telangana,2899.35,117
19-04-2024,Tomato,Warangal,Telangana,2025.1,166
19-04-2024,Tomato,Hyderabad,Telangana,1820.94,159
19-04-2024,Rice,Khammam,Telangana,2845.87,74
19-04-2024,Rice,Hyderabad,Telangana,2886.5,120
19-04-2024,Rice,Karimnagar,Telangana,3219.31,88
19-04-2024,Potato,Hyderabad,Telangana,2001.2,187
19-04-2024,Potato,Nizamabad,Telangana,2084.26,102
19-04-2024,Tomato,Nizamabad,Telangana,1887.96,142
19-04-2024,Tomato,Adilabad,Telangana,2091.32,98
19-04-2024,Potato,Warangal,Telangana,2180.08,160
19-04-2024,Tomato,Khammam,Telangana,1828.92,142
19-04-2024,Onion,Warangal,Telangana,1725.77,149
19-05-2022,Tomato,Adilabad,Telangana,1980.37,103
19-05-2022,Rice,Adilabad,Telangana,2481.92,175
19-05-2022,Tomato,Warangal,Telangana,1995.12,144
19-05-2022,Rice,Warangal,Telangana,2899.79,104
19-05-2022,Potato,Adilabad,Telangana,1972.06,147
19-05-2022,Tomato,Hyderabad,Telangana,1812.63,127
19-05-2022,Potato,Karimnagar,Telangana,1831.4,170
19-05-2022,Onion,Warangal,Telangana,1974.76,31
19-05-2022,Potato,Khammam,Telangana,1997.55,138
19-05-2022,Onion,Adilabad,Telangana,1553.47,173
19-05-2022,Rice,Khammam,Telangana,2874.45,164
19-05-2022,Rice,Karimnagar,Telangana,2638.05,140
19-05-2022,Onion,Karimnagar,Telangana,1636.79,103
19-05-2022,Potato,Hyderabad,Telangana,2057.61,180
19-05-2022,Onion,Nizamabad,Telangana,1495.16,217
19-05-2022,Onion,Hyderabad,Telangana,1617.68,97
19-05-2022,Rice,Hyderabad,Telangana,3080.49,72
19-05-2022,Potato,Warangal,Telangana,2186.77,90
19-05-2022,Rice,Nizamabad,Telangana,2946.76,67
19-05-2022,Onion,Khammam,Telangana,1732.94,98
19-05-2022,Tomato,Nizamabad,Telangana,2046.07,127
19-05-2022,Potato,Nizamabad,Telangana,2220.64,107
19-05-2022,Tomato,Karimnagar,Telangana,1851.82,158
19-05-2023,Onion,Hyderabad,Telangana,1838.46,63
19-05-2023,Tomato,Nizamabad,Telangana,1943.43,116
19-05-2023,Rice,Hyderabad,Telangana,2793.31,128
19-05-2023,Rice,Warangal,Telangana,2938.56,125
19-05-2023,Onion,Warangal,Telangana,1783.71,147
19-05-2023,Potato,Khammam,Telangana,2082.68,106
19-05-2023,Potato,Nizamabad,Telangana,2109.68,86
19-05-2023,Onion,Karimnagar,Telangana,1708.97,116
19-05-2023,Rice,Adilabad,Telangana,2668.53,154
19-05-2023,Onion,Nizamabad,Telangana,1667.4,185
19-05-2023,Tomato,Hyderabad,Telangana,1904.88,155
19-05-2023,Potato,Warangal,Telangana,2185.62,150
19-05-2023,Rice,Nizamabad,Telangana,2936.94,100
19-05-2023,Rice,Karimnagar,Telangana,3007.61,136
19-05-2023,Onion,Adilabad,Telangana,1432.34,126
19-05-2023,Rice,Khammam,Telangana,2785.97,171
19-05-2023,Potato,Karimnagar,Telangana,2126.1,107
19-05-2023,Tomato,Warangal,Telangana,1806.69,116
19-05-2023,Tomato,Khammam,Telangana,1663.52,144
19-05-2023,Potato,Adilabad,Telangana,2182.77,144
19-05-2023,Tomato,Adilabad,Telangana,1724.86,160
19-05-2023,Tomato,Karimnagar,Telangana,1985.37,106
19-05-2024,Tomato,Hyderabad,Telangana,2025.43,158
19-05-2024,Onion,Adilabad,Telangana,1575.05,140
19-05-2024,Onion,Khammam,Telangana,1813.25,48
19-05-2024,Rice,Khammam,Telangana,3003.23,141
19-05-2024,Onion,Warangal,Telangana,1915.69,82
19-05-2024,Tomato,Khammam,Telangana,1839.76,139
19-05-2024,Rice,Warangal,Telangana,2736.79,117
19-05-2024,Rice,Karimnagar,Telangana,2940.56,98
19-05-2024,Potato,Adilabad,Telangana,2086.12,164
19-05-2024,Tomato,Warangal,Telangana,1880.91,118
19-05-2024,Tomato,Nizamabad,Telangana,2102.52,98
19-05-2024,Onion,Karimnagar,Telangana,1621.67,139
19-05-2024,Tomato,Adilabad,Telangana,1755.57,103
19-05-2024,Onion,Nizamabad,Telangana,1657.97,161
19-05-2024,Rice,Adilabad,Telangana,2658.62,149
19-05-2024,Potato,Khammam,Telangana,2050.7,151
19-05-2024,Potato,Warangal,Telangana,2008.29,161
19-05-2024,Rice,Hyderabad,Telangana,2833.34,166
19-05-2024,Potato,Hyderabad,Telangana,2050.77,77
19-05-2024,Tomato,Karimnagar,Telangana,2016.65,106
19-05-2024,Potato,Karimnagar,Telangana,2164.54,125
19-06-2022,Onion,Nizamabad,Telangana,1612.89,30
19-06-2022,Potato,Hyderabad,Telangana,1928.04,135
19-06-2022,Potato,Adilabad,Telangana,2187.56,70
19-06-2022,Potato,Warangal,Telangana,2187.94,54
19-06-2022,Onion,Adilabad,Telangana,1609.5,100
19-06-2022,Potato,Khammam,Telangana,1884.66,91
19-06-2022,Rice,Nizamabad,Telangana,2933.7,115
19-06-2022,Potato,Nizamabad,Telangana,1846.55,200
19-06-2022,Onion,Karimnagar,Telangana,1603.96,71
19-06-2022,Rice,Karimnagar,Telangana,2787.28,110
19-06-2022,Rice,Khammam,Telangana,2915.72,192
19-06-2022,Tomato,Warangal,Telangana,1729.96,70
19-06-2022,Tomato,Khammam,Telangana,1828.75,90
19-06-2022,Rice,Adilabad,Telangana,2746.6,82
19-06-2022,Rice,Hyderabad,Telangana,2783.23,118
19-06-2022,Onion,Khammam,Telangana,1391.62,206
19-06-2022,Tomato,Adilabad,Telangana,1806.61,121
19-06-2022,Rice,Warangal,Telangana,2684.78,140
19-06-2022,Tomato,Karimnagar,Telangana,1741.35,106
19-06-2022,Tomato,Hyderabad,Telangana,1706.41,136
19-06-2022,Potato,Karimnagar,Telangana,2043.09,129
19-06-2023,Rice,Nizamabad,Telangana,2740.4,97
19-06-2023,Onion,Nizamabad,Telangana,1569.69,151
19-06-2023,Rice,Hyderabad,Telangana,2833.6,131
19-06-2023,Potato,Nizamabad,Telangana,1917.9,92
19-06-2023,Rice,Karimnagar,Telangana,2852.07,104
19-06-2023,Tomato,Warangal,Telangana,1911.54,141
19-06-2023,Onion,Adilabad,Telangana,1512.56,151
19-06-2023,Tomato,Khammam,Telangana,1963.19,89
19-06-2023,Rice,Warangal,Telangana,2974.22,111
19-06-2023,Potato,Karimnagar,Telangana,1885.8,156
19-06-2023,Onion,Karimnagar,Telangana,1548.5,96
19-06-2023,Potato,Khammam,Telangana,1917.81,146
19-06-2023,Onion,Khammam,Telangana,1706.4,127
19-06-2023,Tomato,Hyderabad,Telangana,1885.64,101
19-06-2023,Tomato,Karimnagar,Telangana,1880.33,85
19-06-2023,Potato,Adilabad,Telangana,2117.79,49
19-06-2023,Rice,Adilabad,Telangana,2852.99,100
19-06-2023,Tomato,Adilabad,Telangana,1747.76,128
19-06-2023,Onion,Warangal,Telangana,1788.34,121
19-06-2023,Onion,Hyderabad,Telangana,1634.33,133
19-06-2023,Potato,Hyderabad,Telangana,1813.3,142
19-06-2023,Tomato,Nizamabad,Telangana,1684.45,141
19-06-2023,Rice,Khammam,Telangana,3072.88,87
19-07-2022,Potato,Karimnagar,Telangana,2109.05,69
19-07-2022,Tomato,Adilabad,Telangana,1824.74,98
19-07-2022,Tomato,Hyderabad,Telangana,1862.49,115
19-07-2022,Onion,Adilabad,Telangana,1630.55,26
19-07-2022,Onion,Karimnagar,Telangana,1600.94,50
19-07-2022,Tomato,Karimnagar,Telangana,1617.23,185
19-07-2022,Tomato,Warangal,Telangana,1814.5,94
19-07-2022,Rice,Warangal,Telangana,2840.76,128
19-07-2022,Potato,Nizamabad,Telangana,2002.02,72
19-07-2022,Onion,Nizamabad,Telangana,1429.64,116
19-07-2022,Rice,Nizamabad,Telangana,2358.37,128
19-07-2022,Potato,Adilabad,Telangana,2126.98,60
19-07-2022,Tomato,Khammam,Telangana,1656.52,159
19-07-2022,Onion,Khammam,Telangana,1668.21,91
19-07-2022,Rice,Karimnagar,Telangana,2901.05,65
19-07-2022,Onion,Hyderabad,Telangana,1460.87,139
19-07-2022,Rice,Khammam,Telangana,2682.67,152
19-07-2022,Potato,Hyderabad,Telangana,1962.4,112
19-07-2022,Potato,Warangal,Telangana,2031.15,56
19-07-2022,Onion,Warangal,Telangana,1234.24,181
19-07-2022,Rice,Adilabad,Telangana,2757.09,100
19-07-2022,Rice,Hyderabad,Telangana,2836.91,80
19-07-2022,Tomato,Nizamabad,Telangana,1586.03,140
19-07-2023,Tomato,Hyderabad,Telangana,1749.41,117
19-07-2023,Potato,Adilabad,Telangana,1863.05,130
19-07-2023,Rice,Warangal,Telangana,2450.79,179
19-07-2023,Tomato,Warangal,Telangana,1696.21,183
19-07-2023,Rice,Khammam,Telangana,2676.94,123
19-07-2023,Tomato,Adilabad,Telangana,1553.98,126
19-07-2023,Tomato,Nizamabad,Telangana,1607.66,120
19-07-2023,Potato,Hyderabad,Telangana,1692.87,137
19-07-2023,Onion,Nizamabad,Telangana,1516.88,226
19-07-2023,Onion,Warangal,Telangana,1527.12,131
19-07-2023,Potato,Khammam,Telangana,1709.24,179
19-07-2023,Potato,Karimnagar,Telangana,1697.52,136
19-07-2023,Potato,Warangal,Telangana,2137.42,113
19-07-2023,Onion,Khammam,Telangana,1572.37,95
19-07-2023,Rice,Hyderabad,Telangana,2426.92,141
19-07-2023,Rice,Nizamabad,Telangana,2574.46,193
19-07-2023,Tomato,Karimnagar,Telangana,1580.28,183
19-07-2023,Potato,Nizamabad,Telangana,1906.45,61
19-07-2023,Onion,Adilabad,Telangana,1544.28,154
19-07-2023,Onion,Hyderabad,Telangana,1454.07,95
19-07-2023,Onion,Karimnagar,Telangana,1654.77,84
19-08-2022,Tomato,Hyderabad,Telangana,1462.32,198
19-08-2022,Potato,Khammam,Telangana,1791.64,101
19-08-2022,Potato,Hyderabad,Telangana,1967.75,95
19-08-2022,Onion,Nizamabad,Telangana,1505.59,61
19-08-2022,Rice,Warangal,Telangana,2547.79,108
19-08-2022,Onion,Hyderabad,Telangana,1391.24,97
19-08-2022,Tomato,Adilabad,Telangana,1579.22,135
19-08-2022,Tomato,Khammam,Telangana,1523.13,174
19-08-2022,Rice,Nizamabad,Telangana,2522.58,164
19-08-2022,Potato,Warangal,Telangana,2020.19,71
19-08-2022,Potato,Adilabad,Telangana,1814.37,71
19-08-2022,Potato,Karimnagar,Telangana,1942.1,103
19-08-2022,Tomato,Karimnagar,Telangana,1589.6,149
19-08-2022,Rice,Hyderabad,Telangana,2501.06,161
19-08-2022,Rice,Khammam,Telangana,2659.5,114
19-08-2022,Onion,Adilabad,Telangana,1570.22,126
19-08-2022,Rice,Adilabad,Telangana,2319.37,177
19-08-2022,Potato,Nizamabad,Telangana,1664.54,205
19-08-2022,Onion,Khammam,Telangana,1298.75,158
19-08-2022,Tomato,Nizamabad,Telangana,1663.45,169
19-08-2022,Onion,Karimnagar,Telangana,1417.42,96
19-08-2022,Tomato,Warangal,Telangana,1628.6,137
19-08-2022,Rice,Karimnagar,Telangana,2558.26,105
19-08-2023,Potato,Khammam,Telangana,2051.08,111
19-08-2023,Tomato,Hyderabad,Telangana,1446.01,124
19-08-2023,Potato,Nizamabad,Telangana,1838.81,76
19-08-2023,Onion,Nizamabad,Telangana,1627.71,81
19-08-2023,Rice,Nizamabad,Telangana,2260.93,151
19-08-2023,Potato,Warangal,Telangana,1834.8,113
19-08-2023,Potato,Adilabad,Telangana,1398.0,153
19-08-2023,Tomato,Warangal,Telangana,1566.34,180
19-08-2023,Onion,Khammam,Telangana,1567.79,151
19-08-2023,Tomato,Karimnagar,Telangana,1588.1,109
19-08-2023,Onion,Warangal,Telangana,1532.98,87
19-08-2023,Potato,Karimnagar,Telangana,1796.31,129
19-08-2023,Rice,Warangal,Telangana,2450.5,133
19-08-2023,Rice,Hyderabad,Telangana,2526.98,122
19-08-2023,Tomato,Nizamabad,Telangana,1490.76,111
19-08-2023,Onion,Karimnagar,Telangana,1455.38,86
19-08-2023,Rice,Khammam,Telangana,2962.94,115
19-08-2023,Tomato,Khammam,Telangana,1570.03,135
19-08-2023,Rice,Karimnagar,Telangana,2847.87,110
19-08-2023,Potato,Hyderabad,Telangana,1641.98,183
19-08-2023,Onion,Adilabad,Telangana,1468.46,68
19-08-2023,Onion,Hyderabad,Telangana,1281.96,99
19-08-2023,Tomato,Adilabad,Telangana,1650.19,86
19-09-2022,Rice,Adilabad,Telangana,2339.09,133
19-09-2022,Potato,Hyderabad,Telangana,1652.32,147
19-09-2022,Tomato,Karimnagar,Telangana,1513.71,158
19-09-2022,Onion,Karimnagar,Telangana,1467.31,118
19-09-2022,Tomato,Adilabad,Telangana,1749.41,158
19-09-2022,Potato,Karimnagar,Telangana,1748.8,70
19-09-2022,Onion,Warangal,Telangana,1435.83,83
19-09-2022,Tomato,Hyderabad,Telangana,1687.27,93
19-09-2022,Potato,Khammam,Telangana,1483.87,187
19-09-2022,Rice,Karimnagar,Telangana,2482.81,181
19-09-2022,Rice,Hyderabad,Telangana,2421.26,83
19-09-2022,Onion,Hyderabad,Telangana,1547.24,125
19-09-2022,Onion,Khammam,Telangana,1403.42,76
19-09-2022,Tomato,Warangal,Telangana,1729.74,138
19-09-2022,Rice,Warangal,Telangana,2612.64,152
19-09-2022,Potato,Nizamabad,Telangana,1957.72,88
19-09-2022,Rice,Nizamabad,Telangana,2662.64,105
19-09-2022,Onion,Nizamabad,Telangana,1529.55,105
19-09-2022,Potato,Adilabad,Telangana,1881.37,138
19-09-2022,Rice,Khammam,Telangana,2541.45,88
19-09-2022,Potato,Warangal,Telangana,1672.98,127
19-09-2022,Tomato,Khammam,Telangana,1554.3,126
19-09-2023,Rice,Khammam,Telangana,2822.26,105
19-09-2023,Potato,Warangal,Telangana,1883.85,86
19-09-2023,Onion,Adilabad,Telangana,1336.31,144
19-09-2023,Potato,Adilabad,Telangana,1981.77,59
19-09-2023,Tomato,Warangal,Telangana,1494.75,108
19-09-2023,Rice,Nizamabad,Telangana,2636.08,92
19-09-2023,Onion,Warangal,Telangana,1165.64,179
19-09-2023,Potato,Nizamabad,Telangana,1729.7,164
19-09-2023,Tomato,Khammam,Telangana,1561.82,84
19-09-2023,Tomato,Karimnagar,Telangana,1540.66,141
19-09-2023,Onion,Karimnagar,Telangana,1371.1,140
19-09-2023,Potato,Khammam,Telangana,1483.56,132
19-09-2023,Tomato,Hyderabad,Telangana,1769.68,40
19-09-2023,Tomato,Nizamabad,Telangana,1665.33,90
19-09-2023,Rice,Hyderabad,Telangana,2350.04,170
19-09-2023,Potato,Hyderabad,Telangana,1754.3,140
19-09-2023,Onion,Nizamabad,Telangana,1169.11,169
19-09-2023,Rice,Karimnagar,Telangana,2712.74,62
19-09-2023,Onion,Khammam,Telangana,1373.42,99
19-09-2023,Rice,Adilabad,Telangana,2523.59,103
19-09-2023,Onion,Hyderabad,Telangana,1199.58,163
19-09-2023,Rice,Warangal,Telangana,2647.04,138
19-10-2022,Rice,Karimnagar,Telangana,2654.26,116
19-10-2022,Potato,Warangal,Telangana,1829.3,78
19-10-2022,Potato,Hyderabad,Telangana,1840.88,103
19-10-2022,Rice,Hyderabad,Telangana,2699.18,143
19-10-2022,Tomato,Khammam,Telangana,1873.58,124
19-10-2022,Onion,Hyderabad,Telangana,1314.25,62
19-10-2022,Tomato,Karimnagar,Telangana,1566.56,86
19-10-2022,Onion,Adilabad,Telangana,1649.21,26
19-10-2022,Rice,Khammam,Telangana,2647.52,54
19-10-2022,Onion,Khammam,Telangana,1397.05,94
19-10-2022,Potato,Nizamabad,Telangana,1992.45,60
19-10-2022,Tomato,Adilabad,Telangana,1725.07,58
19-10-2022,Rice,Nizamabad,Telangana,2781.38,37
19-10-2022,Rice,Warangal,Telangana,2715.79,114
19-10-2022,Onion,Nizamabad,Telangana,1333.25,175
19-10-2022,Tomato,Hyderabad,Telangana,1791.24,145
19-10-2022,Onion,Warangal,Telangana,1412.13,108
19-10-2022,Rice,Adilabad,Telangana,2726.77,124
19-10-2022,Potato,Adilabad,Telangana,1807.45,129
19-10-2022,Tomato,Nizamabad,Telangana,1457.9,199
19-10-2022,Tomato,Warangal,Telangana,1536.91,133
19-10-2022,Potato,Khammam,Telangana,1956.05,100
19-10-2023,Rice,Hyderabad,Telangana,2781.47,68
19-10-2023,Tomato,Karimnagar,Telangana,1521.71,153
19-10-2023,Potato,Nizamabad,Telangana,1693.08,84
19-10-2023,Rice,Warangal,Telangana,2534.04,126
19-10-2023,Potato,Adilabad,Telangana,1837.9,105
19-10-2023,Potato,Khammam,Telangana,1830.15,105
19-10-2023,Rice,Adilabad,Telangana,2454.16,152
19-10-2023,Tomato,Warangal,Telangana,1449.62,107
19-10-2023,Tomato,Hyderabad,Telangana,1525.69,175
19-10-2023,Onion,Nizamabad,Telangana,1345.53,163
19-10-2023,Potato,Warangal,Telangana,1727.3,170
19-10-2023,Potato,Karimnagar,Telangana,2013.07,95
19-10-2023,Rice,Nizamabad,Telangana,2457.62,158
19-10-2023,Onion,Adilabad,Telangana,1297.34,163
19-10-2023,Tomato,Adilabad,Telangana,1712.06,97
19-10-2023,Tomato,Khammam,Telangana,1608.31,129
19-10-2023,Rice,Khammam,Telangana,2869.81,20
19-10-2023,Onion,Karimnagar,Telangana,1279.96,125
19-10-2023,Onion,Warangal,Telangana,1006.64,184
19-10-2023,Potato,Hyderabad,Telangana,1409.7,154
19-10-2023,Onion,Khammam,Telangana,1483.22,59
19-10-2023,Rice,Karimnagar,Telangana,2626.22,114
19-10-2023,Onion,Hyderabad,Telangana,1467.06,101
19-11-2022,Tomato,Karimnagar,Telangana,1437.94,121
19-11-2022,Onion,Hyderabad,Telangana,1608.28,64
19-11-2022,Potato,Karimnagar,Telangana,1631.3,150
19-11-2022,Tomato,Adilabad,Telangana,1607.98,111
19-11-2022,Tomato,Hyderabad,Telangana,1612.38,110
19-11-2022,Tomato,Warangal,Telangana,1698.73,99
19-11-2022,Rice,Warangal,Telangana,2709.39,136
19-11-2022,Potato,Adilabad,Telangana,1723.55,189
19-11-2022,Potato,Khammam,Telangana,1919.75,96
19-11-2022,Rice,Karimnagar,Telangana,2684.14,145
19-11-2022,Onion,Khammam,Telangana,1554.42,102
19-11-2022,Potato,Warangal,Telangana,1743.03,149
19-11-2022,Rice,Adilabad,Telangana,2864.73,71
19-11-2022,Potato,Nizamabad,Telangana,1961.23,86
19-11-2022,Onion,Karimnagar,Telangana,1410.34,127
19-11-2022,Onion,Nizamabad,Telangana,1438.3,133
19-11-2022,Tomato,Khammam,Telangana,1674.94,183
19-11-2022,Rice,Hyderabad,Telangana,2507.01,72
19-11-2022,Rice,Khammam,Telangana,2377.2,146
19-11-2022,Tomato,Nizamabad,Telangana,1567.14,124
19-11-2022,Onion,Warangal,Telangana,1331.37,119
19-11-2023,Tomato,Karimnagar,Telangana,1578.25,61
19-11-2023,Rice,Adilabad,Telangana,2236.51,199
19-11-2023,Tomato,Hyderabad,Telangana,1483.99,178
19-11-2023,Rice,Hyderabad,Telangana,2783.01,72
19-11-2023,Potato,Hyderabad,Telangana,1782.99,176
19-11-2023,Potato,Warangal,Telangana,1650.5,147
19-11-2023,Onion,Khammam,Telangana,1292.67,187
19-11-2023,Tomato,Adilabad,Telangana,1684.15,125
19-11-2023,Tomato,Nizamabad,Telangana,1811.76,76
19-11-2023,Onion,Warangal,Telangana,1365.41,130
19-11-2023,Onion,Karimnagar,Telangana,1173.88,172
19-11-2023,Potato,Nizamabad,Telangana,1864.39,96
19-11-2023,Onion,Adilabad,Telangana,1489.52,101
19-11-2023,Rice,Nizamabad,Telangana,2562.02,96
19-11-2023,Potato,Karimnagar,Telangana,1974.64,91
19-11-2023,Rice,Khammam,Telangana,2526.49,145
19-11-2023,Potato,Adilabad,Telangana,1694.33,127
19-11-2023,Tomato,Warangal,Telangana,1616.82,79
19-11-2023,Onion,Hyderabad,Telangana,1541.54,42
19-11-2023,Rice,Karimnagar,Telangana,2535.12,169
19-11-2023,Tomato,Khammam,Telangana,1685.81,114
19-11-2023,Rice,Warangal,Telangana,2681.71,107
19-12-2022,Rice,Warangal,Telangana,2775.38,105
19-12-2022,Tomato,Nizamabad,Telangana,1915.16,84
19-12-2022,Rice,Karimnagar,Telangana,2688.93,106
19-12-2022,Potato,Karimnagar,Telangana,1815.9,83
19-12-2022,Onion,Warangal,Telangana,1601.44,45
19-12-2022,Tomato,Hyderabad,Telangana,1914.34,57
19-12-2022,Onion,Adilabad,Telangana,1620.87,70
19-12-2022,Onion,Hyderabad,Telangana,1382.58,194
19-12-2022,Rice,Adilabad,Telangana,2807.26,119
19-12-2022,Onion,Nizamabad,Telangana,1753.44,99
19-12-2022,Potato,Khammam,Telangana,1829.77,184
19-12-2022,Potato,Adilabad,Telangana,2264.74,20
19-12-2022,Rice,Khammam,Telangana,2744.34,131
19-12-2022,Potato,Warangal,Telangana,1972.12,127
19-12-2022,Rice,Hyderabad,Telangana,2556.54,120
19-12-2022,Rice,Nizamabad,Telangana,2793.04,93
19-12-2022,Tomato,Karimnagar,Telangana,1629.87,67
19-12-2022,Potato,Nizamabad,Telangana,1814.65,102
19-12-2022,Tomato,Khammam,Telangana,1619.08,164
19-12-2022,Onion,Khammam,Telangana,1753.7,80
19-12-2022,Tomato,Adilabad,Telangana,1576.54,141
19-12-2022,Potato,Hyderabad,Telangana,2079.36,57
19-12-2022,Onion,Karimnagar,Telangana,1691.05,144
19-12-2023,Potato,Warangal,Telangana,1829.96,144
19-12-2023,Rice,Warangal,Telangana,2793.98,84
19-12-2023,Tomato,Khammam,Telangana,1665.48,75
19-12-2023,Tomato,Warangal,Telangana,1842.35,68
19-12-2023,Tomato,Adilabad,Telangana,1717.15,130
19-12-2023,Onion,Warangal,Telangana,1448.28,99
19-12-2023,Tomato,Hyderabad,Telangana,1763.53,113
19-12-2023,Onion,Hyderabad,Telangana,1463.41,113
19-12-2023,Potato,Hyderabad,Telangana,2222.01,70
19-12-2023,Tomato,Karimnagar,Telangana,1946.94,148
19-12-2023,Potato,Nizamabad,Telangana,1742.31,170
19-12-2023,Potato,Adilabad,Telangana,1847.27,109
19-12-2023,Rice,Khammam,Telangana,2582.08,165
19-12-2023,Onion,Adilabad,Telangana,1437.7,129
19-12-2023,Onion,Karimnagar,Telangana,1714.11,103
19-12-2023,Rice,Adilabad,Telangana,2419.31,164
19-12-2023,Rice,Hyderabad,Telangana,2597.26,78
19-12-2023,Onion,Khammam,Telangana,1467.21,117
19-12-2023,Rice,Karimnagar,Telangana,3098.65,60
19-12-2023,Potato,Karimnagar,Telangana,1775.24,139
19-12-2023,Onion,Nizamabad,Telangana,1570.84,111
19-12-2023,Rice,Nizamabad,Telangana,2615.76,109
19-12-2023,Potato,Khammam,Telangana,1867.62,120
20-01-2022,Potato,Warangal,Telangana,1733.02,195
20-01-2022,Potato,Karimnagar,Telangana,2230.57,114
20-01-2022,Potato,Hyderabad,Telangana,2037.65,149
20-01-2022,Potato,Nizamabad,Telangana,2194.67,110
20-01-2022,Tomato,Warangal,Telangana,1803.28,118
20-01-2022,Rice,Hyderabad,Telangana,2745.68,161
20-01-2022,Potato,Khammam,Telangana,2110.68,113
20-01-2022,Tomato,Hyderabad,Telangana,1955.88,66
20-01-2022,Onion,Karimnagar,Telangana,1512.0,108
20-01-2022,Rice,Nizamabad,Telangana,2995.68,114
20-01-2022,Rice,Khammam,Telangana,2676.04,131
20-01-2022,Rice,Karimnagar,Telangana,3067.18,110
20-01-2022,Onion,Hyderabad,Telangana,1596.91,98
20-01-2022,Tomato,Karimnagar,Telangana,1889.19,115
20-01-2022,Rice,Adilabad,Telangana,2738.15,189
20-01-2022,Onion,Warangal,Telangana,1539.23,141
20-01-2022,Onion,Nizamabad,Telangana,1547.56,165
20-01-2022,Tomato,Khammam,Telangana,1780.62,82
20-01-2022,Onion,Adilabad,Telangana,1299.92,141
20-01-2022,Rice,Warangal,Telangana,2793.07,124
20-01-2022,Potato,Adilabad,Telangana,2000.09,156
20-01-2022,Tomato,Adilabad,Telangana,1763.36,150
20-01-2022,Onion,Khammam,Telangana,1497.68,157
20-01-2023,Rice,Adilabad,Telangana,2506.61,117
20-01-2023,Rice,Warangal,Telangana,2826.85,98
20-01-2023,Onion,Hyderabad,Telangana,1499.13,142
20-01-2023,Onion,Adilabad,Telangana,1673.77,64
20-01-2023,Tomato,Karimnagar,Telangana,1905.05,93
20-01-2023,Tomato,Khammam,Telangana,1994.19,103
20-01-2023,Tomato,Warangal,Telangana,1728.1,154
20-01-2023,Onion,Khammam,Telangana,1740.56,78
20-01-2023,Potato,Khammam,Telangana,2184.09,95
20-01-2023,Tomato,Adilabad,Telangana,1555.4,148
20-01-2023,Rice,Khammam,Telangana,2620.9,151
20-01-2023,Potato,Adilabad,Telangana,1893.46,133
20-01-2023,Onion,Warangal,Telangana,1621.51,112
20-01-2023,Potato,Hyderabad,Telangana,2006.26,132
20-01-2023,Onion,Nizamabad,Telangana,1747.67,91
20-01-2023,Potato,Warangal,Telangana,1908.08,145
20-01-2023,Tomato,Nizamabad,Telangana,1890.86,113
20-01-2023,Onion,Karimnagar,Telangana,1341.2,148
20-01-2023,Rice,Hyderabad,Telangana,2661.11,90
20-01-2023,Potato,Nizamabad,Telangana,2056.36,136
20-01-2023,Rice,Nizamabad,Telangana,2901.26,134
20-01-2024,Rice,Warangal,Telangana,2828.16,120
20-01-2024,Onion,Hyderabad,Telangana,1765.54,88
20-01-2024,Onion,Karimnagar,Telangana,1566.98,86
20-01-2024,Rice,Karimnagar,Telangana,2944.33,100
20-01-2024,Onion,Adilabad,Telangana,1392.1,218
20-01-2024,Tomato,Karimnagar,Telangana,1894.42,89
20-01-2024,Potato,Adilabad,Telangana,2183.88,120
20-01-2024,Rice,Adilabad,Telangana,2945.84,114
20-01-2024,Onion,Nizamabad,Telangana,1493.12,93
20-01-2024,Onion,Khammam,Telangana,1740.62,156
20-01-2024,Tomato,Khammam,Telangana,1692.6,115
20-01-2024,Tomato,Hyderabad,Telangana,1815.36,160
20-01-2024,Potato,Warangal,Telangana,2036.69,84
20-01-2024,Rice,Khammam,Telangana,2741.86,107
20-01-2024,Tomato,Adilabad,Telangana,1742.51,169
20-01-2024,Potato,Hyderabad,Telangana,1941.02,133
20-01-2024,Tomato,Warangal,Telangana,2054.73,73
20-01-2024,Onion,Warangal,Telangana,1659.92,116
20-01-2024,Potato,Karimnagar,Telangana,2075.09,142
20-01-2024,Potato,Nizamabad,Telangana,2082.74,148
20-01-2024,Tomato,Nizamabad,Telangana,1651.31,118
20-01-2024,Rice,Nizamabad,Telangana,2971.13,119
20-01-2024,Rice,Hyderabad,Telangana,2831.21,121
20-02-2022,Potato,Karimnagar,Telangana,2386.82,86
20-02-2022,Tomato,Khammam,Telangana,1903.87,93
20-02-2022,Onion,Adilabad,Telangana,1637.1,124
20-02-2022,Onion,Karimnagar,Telangana,1621.71,166
20-02-2022,Onion,Hyderabad,Telangana,1723.64,82
20-02-2022,Onion,Warangal,Telangana,1788.33,112
20-02-2022,Tomato,Adilabad,Telangana,2062.3,106
20-02-2022,Rice,Adilabad,Telangana,2850.87,113
20-02-2022,Potato,Adilabad,Telangana,2084.99,155
20-02-2022,Rice,Nizamabad,Telangana,2935.75,71
20-02-2022,Tomato,Warangal,Telangana,1817.6,147
20-02-2022,Rice,Karimnagar,Telangana,2899.65,89
20-02-2022,Onion,Khammam,Telangana,1698.62,83
20-02-2022,Tomato,Nizamabad,Telangana,1919.65,148
20-02-2022,Rice,Khammam,Telangana,3016.13,153
20-02-2022,Rice,Warangal,Telangana,2956.46,121
20-02-2022,Rice,Hyderabad,Telangana,2892.67,158
20-02-2022,Tomato,Karimnagar,Telangana,2001.98,162
20-02-2022,Tomato,Hyderabad,Telangana,1975.18,63
20-02-2022,Potato,Khammam,Telangana,2254.64,126
20-02-2022,Potato,Warangal,Telangana,1983.41,120
20-02-2022,Potato,Hyderabad,Telangana,2193.71,97
20-02-2023,Tomato,Hyderabad,Telangana,1909.42,66
20-02-2023,Rice,Karimnagar,Telangana,2871.61,121
20-02-2023,Tomato,Warangal,Telangana,1945.24,131
20-02-2023,Rice,Adilabad,Telangana,2972.64,69
20-02-2023,Tomato,Karimnagar,Telangana,1788.0,48
20-02-2023,Onion,Hyderabad,Telangana,1553.98,179
20-02-2023,Rice,Khammam,Telangana,2749.22,140
20-02-2023,Potato,Hyderabad,Telangana,2364.26,55
20-02-2023,Rice,Hyderabad,Telangana,2645.22,145
20-02-2023,Rice,Warangal,Telangana,2903.21,99
20-02-2023,Potato,Nizamabad,Telangana,1903.79,138
20-02-2023,Potato,Khammam,Telangana,2308.3,93
20-02-2023,Onion,Karimnagar,Telangana,1673.06,121
20-02-2023,Potato,Karimnagar,Telangana,2323.46,104
20-02-2023,Tomato,Adilabad,Telangana,1895.9,79
20-02-2023,Onion,Adilabad,Telangana,1549.2,174
20-02-2023,Potato,Adilabad,Telangana,2232.92,102
20-02-2023,Potato,Warangal,Telangana,2293.53,85
20-02-2023,Onion,Nizamabad,Telangana,1753.01,123
20-02-2023,Onion,Khammam,Telangana,1682.69,86
20-02-2023,Tomato,Nizamabad,Telangana,1846.03,131
20-02-2023,Tomato,Khammam,Telangana,2125.9,103
20-02-2023,Onion,Warangal,Telangana,1890.54,93
20-02-2024,Tomato,Hyderabad,Telangana,1824.0,119
20-02-2024,Rice,Warangal,Telangana,2953.14,84
20-02-2024,Potato,Karimnagar,Telangana,2036.27,101
20-02-2024,Potato,Adilabad,Telangana,2036.36,158
20-02-2024,Tomato,Nizamabad,Telangana,1851.51,164
20-02-2024,Tomato,Warangal,Telangana,1803.18,73
20-02-2024,Onion,Adilabad,Telangana,1796.06,45
20-02-2024,Rice,Nizamabad,Telangana,2900.8,124
20-02-2024,Rice,Khammam,Telangana,2762.94,107
20-02-2024,Potato,Warangal,Telangana,2072.07,118
20-02-2024,Tomato,Adilabad,Telangana,2021.05,102
20-02-2024,Onion,Warangal,Telangana,1590.15,162
20-02-2024,Rice,Hyderabad,Telangana,2960.69,79
20-02-2024,Onion,Khammam,Telangana,1739.8,89
20-02-2024,Potato,Nizamabad,Telangana,1951.35,129
20-02-2024,Potato,Hyderabad,Telangana,2013.63,130
20-02-2024,Rice,Karimnagar,Telangana,2659.7,188
20-02-2024,Tomato,Karimnagar,Telangana,1642.7,130
20-02-2024,Rice,Adilabad,Telangana,3095.82,80
20-02-2024,Onion,Hyderabad,Telangana,1705.88,181
20-02-2024,Potato,Khammam,Telangana,2156.25,152
20-02-2024,Onion,Nizamabad,Telangana,1758.78,97
20-02-2024,Onion,Karimnagar,Telangana,1895.43,63
20-03-2022,Rice,Adilabad,Telangana,2819.58,134
20-03-2022,Potato,Karimnagar,Telangana,2254.42,36
20-03-2022,Potato,Khammam,Telangana,1884.74,195
20-03-2022,Tomato,Warangal,Telangana,2503.35,34
20-03-2022,Onion,Adilabad,Telangana,1532.96,74
20-03-2022,Tomato,Adilabad,Telangana,1999.67,132
20-03-2022,Onion,Nizamabad,Telangana,1739.83,86
20-03-2022,Rice,Warangal,Telangana,2893.64,128
20-03-2022,Rice,Khammam,Telangana,2932.31,188
20-03-2022,Tomato,Hyderabad,Telangana,1863.68,194
20-03-2022,Tomato,Karimnagar,Telangana,2191.87,124
20-03-2022,Potato,Nizamabad,Telangana,2134.29,86
20-03-2022,Rice,Hyderabad,Telangana,2762.69,150
20-03-2022,Onion,Hyderabad,Telangana,1955.75,33
20-03-2022,Tomato,Nizamabad,Telangana,2074.68,123
20-03-2022,Potato,Hyderabad,Telangana,2216.94,115
20-03-2022,Potato,Adilabad,Telangana,2277.64,91
20-03-2022,Rice,Karimnagar,Telangana,2837.23,62
20-03-2022,Onion,Warangal,Telangana,1623.85,136
20-03-2022,Tomato,Khammam,Telangana,1903.09,132
20-03-2022,Onion,Karimnagar,Telangana,2048.75,52
20-03-2022,Rice,Nizamabad,Telangana,2875.74,101
20-03-2022,Potato,Warangal,Telangana,2209.98,92
20-03-2023,Potato,Warangal,Telangana,1743.45,207
20-03-2023,Onion,Nizamabad,Telangana,1539.83,117
20-03-2023,Tomato,Adilabad,Telangana,1926.56,114
20-03-2023,Onion,Warangal,Telangana,1715.12,142
20-03-2023,Rice,Adilabad,Telangana,2911.86,114
20-03-2023,Rice,Khammam,Telangana,2965.05,134
20-03-2023,Potato,Khammam,Telangana,2053.0,151
20-03-2023,Tomato,Nizamabad,Telangana,2122.68,78
20-03-2023,Rice,Karimnagar,Telangana,2774.19,175
20-03-2023,Potato,Hyderabad,Telangana,2354.79,39
20-03-2023,Potato,Adilabad,Telangana,2158.17,100
20-03-2023,Onion,Khammam,Telangana,1552.23,145
20-03-2023,Onion,Adilabad,Telangana,1661.37,111
20-03-2023,Rice,Nizamabad,Telangana,3048.8,106
20-03-2023,Potato,Karimnagar,Telangana,1942.22,150
20-03-2023,Rice,Hyderabad,Telangana,3098.65,170
20-03-2023,Tomato,Khammam,Telangana,2082.76,40
20-03-2023,Tomato,Warangal,Telangana,1734.55,138
20-03-2023,Onion,Hyderabad,Telangana,1330.82,164
20-03-2023,Rice,Warangal,Telangana,2934.02,131
20-03-2023,Tomato,Hyderabad,Telangana,1865.71,143
20-03-2023,Potato,Nizamabad,Telangana,2030.71,127
20-03-2024,Rice,Warangal,Telangana,2969.84,66
20-03-2024,Tomato,Hyderabad,Telangana,2129.38,102
20-03-2024,Tomato,Warangal,Telangana,1995.71,68
20-03-2024,Onion,Khammam,Telangana,1657.05,109
20-03-2024,Potato,Warangal,Telangana,1915.91,158
20-03-2024,Potato,Hyderabad,Telangana,1950.58,129
20-03-2024,Rice,Nizamabad,Telangana,2962.25,115
20-03-2024,Onion,Nizamabad,Telangana,1510.75,140
20-03-2024,Tomato,Karimnagar,Telangana,1853.7,99
20-03-2024,Onion,Hyderabad,Telangana,1633.15,171
20-03-2024,Onion,Warangal,Telangana,1867.53,150
20-03-2024,Tomato,Khammam,Telangana,1949.67,139
20-03-2024,Rice,Hyderabad,Telangana,3300.16,55
20-03-2024,Potato,Adilabad,Telangana,2014.17,138
20-03-2024,Onion,Karimnagar,Telangana,1818.9,148
20-03-2024,Onion,Adilabad,Telangana,1352.37,183
20-03-2024,Rice,Khammam,Telangana,3205.96,54
20-03-2024,Rice,Karimnagar,Telangana,2887.27,91
20-03-2024,Potato,Khammam,Telangana,2186.43,106
20-03-2024,Tomato,Adilabad,Telangana,1626.81,171
20-03-2024,Tomato,Nizamabad,Telangana,1860.19,171
20-03-2024,Rice,Adilabad,Telangana,3102.76,68
20-04-2022,Potato,Hyderabad,Telangana,2377.38,115
20-04-2022,Rice,Karimnagar,Telangana,2848.62,149
20-04-2022,Potato,Warangal,Telangana,2410.36,66
20-04-2022,Potato,Nizamabad,Telangana,2133.21,150
20-04-2022,Onion,Nizamabad,Telangana,1849.36,61
20-04-2022,Onion,Adilabad,Telangana,2047.25,81
20-04-2022,Onion,Warangal,Telangana,1994.36,74
20-04-2022,Rice,Adilabad,Telangana,3182.44,118
20-04-2022,Onion,Karimnagar,Telangana,1722.42,171
20-04-2022,Onion,Khammam,Telangana,1813.63,113
20-04-2022,Tomato,Nizamabad,Telangana,1902.27,135
20-04-2022,Rice,Khammam,Telangana,3013.37,99
20-04-2022,Tomato,Karimnagar,Telangana,1840.65,104
20-04-2022,Potato,Adilabad,Telangana,2014.51,120
20-04-2022,Onion,Hyderabad,Telangana,2015.69,66
20-04-2022,Tomato,Warangal,Telangana,1752.03,145
20-04-2022,Potato,Karimnagar,Telangana,1860.9,170
20-04-2022,Potato,Khammam,Telangana,2058.47,89
20-04-2022,Rice,Nizamabad,Telangana,2911.23,154
20-04-2022,Tomato,Adilabad,Telangana,1975.12,83
20-04-2022,Tomato,Hyderabad,Telangana,2000.56,100
20-04-2022,Rice,Hyderabad,Telangana,2857.56,115
20-04-2023,Tomato,Adilabad,Telangana,2122.81,112
20-04-2023,Tomato,Nizamabad,Telangana,1958.22,73
20-04-2023,Tomato,Warangal,Telangana,1896.2,135
20-04-2023,Potato,Hyderabad,Telangana,2272.13,83
20-04-2023,Onion,Nizamabad,Telangana,1853.99,123
20-04-2023,Potato,Nizamabad,Telangana,2608.86,20
20-04-2023,Tomato,Hyderabad,Telangana,1983.94,118
20-04-2023,Rice,Warangal,Telangana,3121.96,71
20-04-2023,Rice,Adilabad,Telangana,2908.74,151
20-04-2023,Potato,Warangal,Telangana,2018.14,94
20-04-2023,Rice,Nizamabad,Telangana,2983.37,99
20-04-2023,Potato,Karimnagar,Telangana,2145.0,75
20-04-2023,Onion,Hyderabad,Telangana,1530.06,131
20-04-2023,Potato,Adilabad,Telangana,2140.85,113
20-04-2023,Rice,Khammam,Telangana,3193.63,61
20-04-2023,Onion,Karimnagar,Telangana,1679.27,57
20-04-2023,Tomato,Karimnagar,Telangana,1891.01,136
20-04-2023,Onion,Warangal,Telangana,1674.44,204
20-04-2023,Tomato,Khammam,Telangana,1863.68,130
20-04-2023,Rice,Karimnagar,Telangana,2942.89,168
20-04-2023,Potato,Khammam,Telangana,2169.84,124
20-04-2023,Onion,Adilabad,Telangana,1899.88,110
20-04-2023,Rice,Hyderabad,Telangana,2671.17,198
20-04-2024,Potato,Nizamabad,Telangana,2162.33,72
20-04-2024,Rice,Karimnagar,Telangana,2710.09,151
20-04-2024,Rice,Khammam,Telangana,2912.26,170
20-04-2024,Onion,Khammam,Telangana,1611.12,159
20-04-2024,Tomato,Karimnagar,Telangana,2080.76,94
20-04-2024,Tomato,Adilabad,Telangana,2029.11,86
20-04-2024,Tomato,Hyderabad,Telangana,1914.77,136
20-04-2024,Tomato,Warangal,Telangana,1663.3,107
20-04-2024,Onion,Nizamabad,Telangana,1749.86,125
20-04-2024,Rice,Hyderabad,Telangana,3009.75,93
20-04-2024,Potato,Adilabad,Telangana,1919.69,163
20-04-2024,Tomato,Nizamabad,Telangana,2072.89,133
20-04-2024,Tomato,Khammam,Telangana,2079.12,33
20-04-2024,Onion,Warangal,Telangana,2048.59,56
20-04-2024,Potato,Warangal,Telangana,2254.0,97
20-04-2024,Rice,Nizamabad,Telangana,2830.44,154
20-04-2024,Potato,Khammam,Telangana,2148.78,102
20-04-2024,Onion,Karimnagar,Telangana,1651.6,111
20-04-2024,Potato,Hyderabad,Telangana,2300.64,30
20-04-2024,Onion,Hyderabad,Telangana,1753.57,110
20-04-2024,Rice,Warangal,Telangana,3061.64,61
20-04-2024,Onion,Adilabad,Telangana,1784.09,76
20-04-2024,Potato,Karimnagar,Telangana,2049.44,108
20-05-2022,Potato,Karimnagar,Telangana,2176.81,79
20-05-2022,Tomato,Adilabad,Telangana,1897.31,101
20-05-2022,Onion,Nizamabad,Telangana,1723.8,164
20-05-2022,Rice,Hyderabad,Telangana,2683.11,158
20-05-2022,Tomato,Hyderabad,Telangana,1845.92,122
20-05-2022,Tomato,Karimnagar,Telangana,1996.6,58
20-05-2022,Rice,Karimnagar,Telangana,3079.28,103
20-05-2022,Rice,Adilabad,Telangana,3067.25,107
20-05-2022,Potato,Hyderabad,Telangana,2010.93,123
20-05-2022,Tomato,Khammam,Telangana,1701.76,196
20-05-2022,Potato,Adilabad,Telangana,1851.47,216
20-05-2022,Tomato,Nizamabad,Telangana,1808.32,134
20-05-2022,Onion,Warangal,Telangana,1731.38,153
20-05-2022,Rice,Warangal,Telangana,2880.0,154
20-05-2022,Onion,Adilabad,Telangana,1696.75,110
20-05-2022,Onion,Khammam,Telangana,1841.02,69
20-05-2022,Tomato,Warangal,Telangana,1854.13,114
20-05-2022,Onion,Karimnagar,Telangana,1478.03,166
20-05-2022,Potato,Warangal,Telangana,2203.22,52
20-05-2022,Rice,Khammam,Telangana,2768.04,169
20-05-2022,Potato,Khammam,Telangana,2141.21,124
20-05-2022,Rice,Nizamabad,Telangana,2629.33,127
20-05-2022,Potato,Nizamabad,Telangana,2152.95,175
20-05-2023,Tomato,Warangal,Telangana,1758.21,156
20-05-2023,Tomato,Adilabad,Telangana,2062.39,86
20-05-2023,Rice,Hyderabad,Telangana,2777.97,147
20-05-2023,Potato,Warangal,Telangana,2106.69,119
20-05-2023,Onion,Karimnagar,Telangana,1830.29,114
20-05-2023,Rice,Adilabad,Telangana,2982.68,131
20-05-2023,Rice,Karimnagar,Telangana,2704.66,106
20-05-2023,Potato,Adilabad,Telangana,2220.69,111
20-05-2023,Potato,Hyderabad,Telangana,2284.35,88
20-05-2023,Rice,Nizamabad,Telangana,2948.89,73
20-05-2023,Onion,Hyderabad,Telangana,1716.5,162
20-05-2023,Tomato,Nizamabad,Telangana,1953.99,102
20-05-2023,Rice,Warangal,Telangana,2760.56,116
20-05-2023,Onion,Adilabad,Telangana,1899.57,146
20-05-2023,Onion,Nizamabad,Telangana,1761.46,83
20-05-2023,Rice,Khammam,Telangana,2893.06,137
20-05-2023,Potato,Khammam,Telangana,2208.47,36
20-05-2023,Onion,Warangal,Telangana,1571.54,101
20-05-2023,Potato,Karimnagar,Telangana,2219.91,94
20-05-2023,Onion,Khammam,Telangana,1655.91,151
20-05-2023,Tomato,Karimnagar,Telangana,1741.49,147
20-05-2023,Tomato,Khammam,Telangana,2025.33,76
20-05-2023,Potato,Nizamabad,Telangana,2211.69,170
20-05-2024,Tomato,Khammam,Telangana,2002.63,176
20-05-2024,Onion,Hyderabad,Telangana,1676.67,85
20-05-2024,Tomato,Warangal,Telangana,2041.73,133
20-05-2024,Potato,Khammam,Telangana,2117.62,116
20-05-2024,Rice,Khammam,Telangana,2884.7,74
20-05-2024,Tomato,Adilabad,Telangana,1834.82,158
20-05-2024,Tomato,Karimnagar,Telangana,2030.95,77
20-05-2024,Potato,Warangal,Telangana,2300.51,84
20-05-2024,Onion,Adilabad,Telangana,1620.01,126
20-05-2024,Tomato,Hyderabad,Telangana,1883.35,115
20-05-2024,Onion,Nizamabad,Telangana,1524.85,152
20-05-2024,Rice,Nizamabad,Telangana,2885.41,106
20-05-2024,Potato,Karimnagar,Telangana,1999.09,139
20-05-2024,Potato,Hyderabad,Telangana,2052.19,135
20-05-2024,Tomato,Nizamabad,Telangana,2141.08,20
20-05-2024,Rice,Adilabad,Telangana,2905.16,130
20-05-2024,Rice,Warangal,Telangana,3145.93,64
20-05-2024,Onion,Khammam,Telangana,1754.64,113
20-05-2024,Potato,Adilabad,Telangana,2046.8,122
20-05-2024,Onion,Warangal,Telangana,1719.78,178
20-05-2024,Potato,Nizamabad,Telangana,2243.67,48
20-05-2024,Rice,Karimnagar,Telangana,2899.74,160
20-06-2022,Rice,Warangal,Telangana,3180.13,73
20-06-2022,Onion,Nizamabad,Telangana,1798.87,115
20-06-2022,Tomato,Khammam,Telangana,1749.91,144
20-06-2022,Rice,Karimnagar,Telangana,2706.83,154
20-06-2022,Potato,Karimnagar,Telangana,1924.45,83
20-06-2022,Tomato,Hyderabad,Telangana,1897.95,87
20-06-2022,Potato,Hyderabad,Telangana,2114.51,138
20-06-2022,Potato,Adilabad,Telangana,1939.97,84
20-06-2022,Potato,Warangal,Telangana,2018.1,53
20-06-2022,Potato,Nizamabad,Telangana,2077.25,126
20-06-2022,Tomato,Warangal,Telangana,1796.81,126
20-06-2022,Onion,Khammam,Telangana,1574.16,123
20-06-2022,Rice,Khammam,Telangana,2837.26,102
20-06-2022,Rice,Adilabad,Telangana,2768.2,64
20-06-2022,Tomato,Nizamabad,Telangana,1657.59,133
20-06-2022,Onion,Adilabad,Telangana,1563.31,126
20-06-2022,Onion,Warangal,Telangana,1643.75,123
20-06-2022,Onion,Hyderabad,Telangana,1873.18,73
20-06-2022,Rice,Nizamabad,Telangana,2938.66,78
20-06-2022,Potato,Khammam,Telangana,1902.46,181
20-06-2022,Onion,Karimnagar,Telangana,1711.76,141
20-06-2023,Potato,Karimnagar,Telangana,2079.28,159
20-06-2023,Tomato,Karimnagar,Telangana,1554.94,146
20-06-2023,Rice,Adilabad,Telangana,2818.22,95
20-06-2023,Rice,Hyderabad,Telangana,3056.12,127
20-06-2023,Onion,Adilabad,Telangana,1758.02,87
20-06-2023,Onion,Khammam,Telangana,1738.96,74
20-06-2023,Potato,Warangal,Telangana,2024.45,102
20-06-2023,Rice,Khammam,Telangana,2919.25,138
20-06-2023,Potato,Adilabad,Telangana,2195.08,69
20-06-2023,Onion,Karimnagar,Telangana,1438.69,142
20-06-2023,Onion,Warangal,Telangana,1469.63,191
20-06-2023,Tomato,Khammam,Telangana,2049.64,60
20-06-2023,Rice,Warangal,Telangana,2992.94,92
20-06-2023,Potato,Khammam,Telangana,1729.07,135
20-06-2023,Potato,Nizamabad,Telangana,2238.63,71
20-06-2023,Potato,Hyderabad,Telangana,1810.28,118
20-06-2023,Tomato,Hyderabad,Telangana,1863.95,118
20-06-2023,Onion,Hyderabad,Telangana,1445.42,187
20-06-2023,Rice,Nizamabad,Telangana,3069.61,116
20-06-2023,Tomato,Nizamabad,Telangana,1762.94,121
20-06-2023,Rice,Karimnagar,Telangana,2557.17,124
20-06-2023,Tomato,Adilabad,Telangana,1704.73,102
20-06-2023,Onion,Nizamabad,Telangana,1737.03,71
20-07-2022,Tomato,Hyderabad,Telangana,1756.73,56
20-07-2022,Onion,Nizamabad,Telangana,1438.64,138
20-07-2022,Potato,Warangal,Telangana,1732.8,112
20-07-2022,Onion,Adilabad,Telangana,1492.3,104
20-07-2022,Rice,Warangal,Telangana,2636.55,110
20-07-2022,Potato,Karimnagar,Telangana,1868.24,156
20-07-2022,Rice,Hyderabad,Telangana,2527.42,196
20-07-2022,Potato,Adilabad,Telangana,2116.57,67
20-07-2022,Tomato,Karimnagar,Telangana,1766.91,85
20-07-2022,Tomato,Nizamabad,Telangana,1650.07,131
20-07-2022,Tomato,Warangal,Telangana,1533.75,192
20-07-2022,Onion,Khammam,Telangana,1416.42,58
20-07-2022,Rice,Adilabad,Telangana,2517.25,135
20-07-2022,Rice,Nizamabad,Telangana,2854.51,75
20-07-2022,Potato,Nizamabad,Telangana,2068.25,90
20-07-2022,Tomato,Adilabad,Telangana,1597.46,148
20-07-2022,Potato,Khammam,Telangana,2105.33,81
20-07-2022,Potato,Hyderabad,Telangana,1995.44,65
20-07-2022,Rice,Khammam,Telangana,2860.18,101
20-07-2022,Rice,Karimnagar,Telangana,2451.08,102
20-07-2022,Onion,Warangal,Telangana,1563.95,120
20-07-2022,Tomato,Khammam,Telangana,1651.57,114
20-07-2023,Onion,Warangal,Telangana,1474.43,130
20-07-2023,Potato,Warangal,Telangana,1987.34,125
20-07-2023,Rice,Nizamabad,Telangana,2537.54,156
20-07-2023,Rice,Adilabad,Telangana,2718.21,145
20-07-2023,Potato,Khammam,Telangana,1846.48,121
20-07-2023,Tomato,Warangal,Telangana,1577.99,154
20-07-2023,Tomato,Hyderabad,Telangana,1727.29,132
20-07-2023,Rice,Khammam,Telangana,2728.87,141
20-07-2023,Onion,Adilabad,Telangana,1610.59,111
20-07-2023,Rice,Hyderabad,Telangana,2503.92,124
20-07-2023,Tomato,Adilabad,Telangana,1552.3,132
20-07-2023,Potato,Adilabad,Telangana,1974.51,88
20-07-2023,Potato,Nizamabad,Telangana,1854.06,98
20-07-2023,Rice,Warangal,Telangana,2689.93,75
20-07-2023,Potato,Hyderabad,Telangana,1645.34,176
20-07-2023,Rice,Karimnagar,Telangana,2664.7,148
20-07-2023,Potato,Karimnagar,Telangana,1815.55,113
20-07-2023,Tomato,Karimnagar,Telangana,1790.67,72
20-07-2023,Onion,Hyderabad,Telangana,1801.93,100
20-07-2023,Onion,Karimnagar,Telangana,1520.27,174
20-07-2023,Onion,Khammam,Telangana,1415.67,58
20-07-2023,Onion,Nizamabad,Telangana,1417.68,125
20-07-2023,Tomato,Khammam,Telangana,1855.87,111
20-07-2023,Tomato,Nizamabad,Telangana,1709.86,143
20-08-2022,Potato,Nizamabad,Telangana,1815.14,138
20-08-2022,Rice,Nizamabad,Telangana,2783.5,119
20-08-2022,Rice,Khammam,Telangana,2471.22,72
20-08-2022,Tomato,Adilabad,Telangana,1650.83,116
20-08-2022,Potato,Warangal,Telangana,1864.69,115
20-08-2022,Rice,Karimnagar,Telangana,2428.22,121
20-08-2022,Potato,Karimnagar,Telangana,1764.17,127
20-08-2022,Potato,Hyderabad,Telangana,1987.98,85
20-08-2022,Tomato,Warangal,Telangana,1385.23,169
20-08-2022,Onion,Khammam,Telangana,1425.78,99
20-08-2022,Tomato,Karimnagar,Telangana,1727.98,81
20-08-2022,Potato,Khammam,Telangana,1624.12,156
20-08-2022,Tomato,Nizamabad,Telangana,1424.49,106
20-08-2022,Tomato,Hyderabad,Telangana,1693.43,92
20-08-2022,Onion,Karimnagar,Telangana,1410.55,107
20-08-2022,Potato,Adilabad,Telangana,1515.18,163
20-08-2022,Rice,Hyderabad,Telangana,2517.5,123
20-08-2022,Onion,Nizamabad,Telangana,1518.42,129
20-08-2022,Onion,Hyderabad,Telangana,1251.68,118
20-08-2022,Onion,Adilabad,Telangana,1074.52,151
20-08-2022,Tomato,Khammam,Telangana,1745.3,93
20-08-2022,Rice,Warangal,Telangana,2357.3,89
20-08-2022,Rice,Adilabad,Telangana,2386.88,105
20-08-2022,Onion,Warangal,Telangana,1513.77,138
20-08-2023,Onion,Warangal,Telangana,1365.03,156
20-08-2023,Rice,Khammam,Telangana,2683.41,103
20-08-2023,Onion,Nizamabad,Telangana,1303.2,135
20-08-2023,Rice,Warangal,Telangana,2465.56,149
20-08-2023,Tomato,Adilabad,Telangana,1523.61,163
20-08-2023,Potato,Karimnagar,Telangana,1416.33,160
20-08-2023,Tomato,Warangal,Telangana,1582.29,122
20-08-2023,Onion,Khammam,Telangana,1498.36,101
20-08-2023,Rice,Hyderabad,Telangana,2736.34,162
20-08-2023,Tomato,Khammam,Telangana,1446.25,182
20-08-2023,Potato,Khammam,Telangana,1593.91,155
20-08-2023,Onion,Hyderabad,Telangana,1332.12,103
20-08-2023,Rice,Karimnagar,Telangana,2495.38,208
20-08-2023,Potato,Hyderabad,Telangana,2117.37,76
20-08-2023,Tomato,Hyderabad,Telangana,1700.13,95
20-08-2023,Onion,Adilabad,Telangana,1464.71,135
20-08-2023,Rice,Adilabad,Telangana,2413.27,181
20-08-2023,Tomato,Nizamabad,Telangana,1421.08,178
20-08-2023,Potato,Nizamabad,Telangana,1958.97,128
20-08-2023,Rice,Nizamabad,Telangana,2846.87,87
20-08-2023,Onion,Karimnagar,Telangana,1621.03,93
20-08-2023,Potato,Warangal,Telangana,1937.52,49
20-09-2022,Onion,Khammam,Telangana,1180.13,144
20-09-2022,Rice,Khammam,Telangana,2570.16,174
20-09-2022,Onion,Nizamabad,Telangana,1311.89,146
20-09-2022,Onion,Adilabad,Telangana,1469.47,100
20-09-2022,Tomato,Hyderabad,Telangana,1409.49,89
20-09-2022,Onion,Karimnagar,Telangana,1333.98,118
20-09-2022,Potato,Adilabad,Telangana,1976.55,107
20-09-2022,Rice,Warangal,Telangana,2489.82,121
20-09-2022,Potato,Hyderabad,Telangana,1841.36,119
20-09-2022,Rice,Karimnagar,Telangana,2731.12,83
20-09-2022,Rice,Nizamabad,Telangana,2787.14,106
20-09-2022,Tomato,Khammam,Telangana,1262.31,185
20-09-2022,Rice,Adilabad,Telangana,2381.54,159
20-09-2022,Tomato,Nizamabad,Telangana,1602.79,49
20-09-2022,Potato,Karimnagar,Telangana,1838.92,83
20-09-2022,Tomato,Karimnagar,Telangana,1408.61,132
20-09-2022,Potato,Khammam,Telangana,1620.57,103
20-09-2022,Tomato,Adilabad,Telangana,1539.75,83
20-09-2022,Onion,Hyderabad,Telangana,1437.71,138
20-09-2022,Tomato,Warangal,Telangana,1646.33,119
20-09-2022,Potato,Warangal,Telangana,1697.54,121
20-09-2022,Rice,Hyderabad,Telangana,2638.53,118
20-09-2022,Onion,Warangal,Telangana,1041.6,133
20-09-2022,Potato,Nizamabad,Telangana,1909.12,85
20-09-2023,Tomato,Khammam,Telangana,1741.94,75
20-09-2023,Rice,Adilabad,Telangana,2378.42,167
20-09-2023,Onion,Nizamabad,Telangana,1498.27,107
20-09-2023,Potato,Hyderabad,Telangana,1466.52,151
20-09-2023,Potato,Khammam,Telangana,1569.72,147
20-09-2023,Onion,Adilabad,Telangana,1779.17,20
20-09-2023,Rice,Hyderabad,Telangana,2744.36,66
20-09-2023,Tomato,Adilabad,Telangana,1399.87,121
20-09-2023,Onion,Warangal,Telangana,1408.88,113
20-09-2023,Rice,Warangal,Telangana,2583.26,83
20-09-2023,Tomato,Hyderabad,Telangana,1320.92,169
20-09-2023,Rice,Nizamabad,Telangana,2430.95,91
20-09-2023,Onion,Khammam,Telangana,1065.93,216
20-09-2023,Potato,Karimnagar,Telangana,2012.64,109
20-09-2023,Onion,Karimnagar,Telangana,1379.92,115
20-09-2023,Rice,Khammam,Telangana,2411.01,100
20-09-2023,Potato,Warangal,Telangana,1740.62,65
20-09-2023,Potato,Nizamabad,Telangana,1473.02,152
20-09-2023,Onion,Hyderabad,Telangana,1406.81,113
20-09-2023,Potato,Adilabad,Telangana,1594.48,152
20-09-2023,Rice,Karimnagar,Telangana,2606.97,106
20-09-2023,Tomato,Nizamabad,Telangana,1826.09,98
20-09-2023,Tomato,Warangal,Telangana,1323.26,189
20-10-2022,Tomato,Khammam,Telangana,1562.95,127
20-10-2022,Rice,Warangal,Telangana,2755.96,142
20-10-2022,Rice,Nizamabad,Telangana,2579.08,70
20-10-2022,Onion,Hyderabad,Telangana,1368.51,111
20-10-2022,Rice,Khammam,Telangana,2542.32,87
20-10-2022,Rice,Adilabad,Telangana,2710.66,144
20-10-2022,Onion,Adilabad,Telangana,1365.2,95
20-10-2022,Onion,Warangal,Telangana,1698.7,102
20-10-2022,Potato,Hyderabad,Telangana,1852.84,126
20-10-2022,Onion,Karimnagar,Telangana,1504.97,53
20-10-2022,Rice,Karimnagar,Telangana,2389.16,126
20-10-2022,Tomato,Hyderabad,Telangana,1585.58,127
20-10-2022,Tomato,Adilabad,Telangana,1290.87,165
20-10-2022,Onion,Khammam,Telangana,1129.72,173
20-10-2022,Potato,Adilabad,Telangana,1857.49,124
20-10-2022,Rice,Hyderabad,Telangana,2494.24,113
20-10-2022,Potato,Khammam,Telangana,1663.16,139
20-10-2022,Tomato,Karimnagar,Telangana,1652.93,100
20-10-2022,Potato,Nizamabad,Telangana,1902.6,127
20-10-2022,Potato,Warangal,Telangana,1767.28,65
20-10-2022,Tomato,Warangal,Telangana,1476.77,121
20-10-2022,Tomato,Nizamabad,Telangana,1375.49,183
20-10-2022,Potato,Karimnagar,Telangana,1658.93,96
20-10-2023,Rice,Khammam,Telangana,2522.51,177
20-10-2023,Rice,Hyderabad,Telangana,2520.69,94
20-10-2023,Rice,Adilabad,Telangana,2567.33,143
20-10-2023,Onion,Warangal,Telangana,1315.83,123
20-10-2023,Tomato,Khammam,Telangana,1633.6,102
20-10-2023,Tomato,Adilabad,Telangana,1733.64,93
20-10-2023,Onion,Nizamabad,Telangana,1432.22,78
20-10-2023,Tomato,Hyderabad,Telangana,1412.37,120
20-10-2023,Potato,Warangal,Telangana,1657.89,70
20-10-2023,Rice,Nizamabad,Telangana,2567.76,126
20-10-2023,Onion,Hyderabad,Telangana,1484.11,106
20-10-2023,Potato,Khammam,Telangana,1659.01,199
20-10-2023,Rice,Warangal,Telangana,2780.82,147
20-10-2023,Rice,Karimnagar,Telangana,2308.18,116
20-10-2023,Potato,Nizamabad,Telangana,1908.53,151
20-10-2023,Tomato,Karimnagar,Telangana,1697.16,69
20-10-2023,Tomato,Nizamabad,Telangana,1783.09,41
20-10-2023,Onion,Khammam,Telangana,1319.22,144
20-10-2023,Potato,Karimnagar,Telangana,1864.36,161
20-10-2023,Tomato,Warangal,Telangana,1569.97,135
20-10-2023,Onion,Adilabad,Telangana,1225.16,81
20-10-2023,Onion,Karimnagar,Telangana,1198.88,156
20-10-2023,Potato,Adilabad,Telangana,1781.77,149
20-10-2023,Potato,Hyderabad,Telangana,1860.52,145
20-11-2022,Tomato,Warangal,Telangana,1577.54,131
20-11-2022,Potato,Karimnagar,Telangana,1761.65,180
20-11-2022,Potato,Hyderabad,Telangana,1830.2,191
20-11-2022,Onion,Warangal,Telangana,1197.42,225
20-11-2022,Onion,Hyderabad,Telangana,1558.74,104
20-11-2022,Tomato,Adilabad,Telangana,1584.22,140
20-11-2022,Onion,Nizamabad,Telangana,1484.22,108
20-11-2022,Tomato,Hyderabad,Telangana,1821.16,20
20-11-2022,Potato,Nizamabad,Telangana,1863.64,56
20-11-2022,Tomato,Khammam,Telangana,1708.04,84
20-11-2022,Onion,Adilabad,Telangana,1299.47,64
20-11-2022,Tomato,Nizamabad,Telangana,1811.62,120
20-11-2022,Potato,Adilabad,Telangana,1915.22,65
20-11-2022,Rice,Khammam,Telangana,2675.6,127
20-11-2022,Potato,Khammam,Telangana,1703.87,141
20-11-2022,Onion,Karimnagar,Telangana,1493.9,99
20-11-2022,Rice,Karimnagar,Telangana,2700.97,140
20-11-2022,Tomato,Karimnagar,Telangana,1879.22,126
20-11-2022,Rice,Adilabad,Telangana,2560.88,153
20-11-2022,Rice,Warangal,Telangana,2468.63,128
20-11-2022,Potato,Warangal,Telangana,2042.11,42
20-11-2022,Rice,Hyderabad,Telangana,2485.07,169
20-11-2023,Onion,Karimnagar,Telangana,1276.25,188
20-11-2023,Rice,Karimnagar,Telangana,2857.31,119
20-11-2023,Potato,Nizamabad,Telangana,1765.62,151
20-11-2023,Rice,Adilabad,Telangana,2652.04,144
20-11-2023,Tomato,Adilabad,Telangana,1646.65,158
20-11-2023,Onion,Hyderabad,Telangana,1483.08,40
20-11-2023,Onion,Khammam,Telangana,1513.75,76
20-11-2023,Onion,Nizamabad,Telangana,1503.62,100
20-11-2023,Potato,Hyderabad,Telangana,1871.98,90
20-11-2023,Tomato,Nizamabad,Telangana,1598.56,154
20-11-2023,Rice,Nizamabad,Telangana,2915.85,20
20-11-2023,Onion,Adilabad,Telangana,1369.06,169
20-11-2023,Tomato,Warangal,Telangana,1685.5,61
20-11-2023,Rice,Hyderabad,Telangana,2799.57,105
20-11-2023,Potato,Karimnagar,Telangana,1891.66,74
20-11-2023,Potato,Khammam,Telangana,2138.45,127
20-11-2023,Potato,Warangal,Telangana,1849.54,138
20-11-2023,Tomato,Hyderabad,Telangana,1806.46,93
20-11-2023,Tomato,Karimnagar,Telangana,1531.57,175
20-11-2023,Rice,Warangal,Telangana,2615.68,138
20-11-2023,Tomato,Khammam,Telangana,1509.24,120
20-11-2023,Rice,Khammam,Telangana,2509.65,147
20-12-2022,Tomato,Hyderabad,Telangana,2033.55,68
20-12-2022,Tomato,Warangal,Telangana,1634.34,237
20-12-2022,Potato,Hyderabad,Telangana,1804.24,93
20-12-2022,Potato,Adilabad,Telangana,1626.68,156
20-12-2022,Onion,Hyderabad,Telangana,1390.78,163
20-12-2022,Tomato,Nizamabad,Telangana,1429.69,213
20-12-2022,Potato,Khammam,Telangana,2074.43,121
20-12-2022,Onion,Karimnagar,Telangana,1506.22,111
20-12-2022,Rice,Hyderabad,Telangana,2780.82,123
20-12-2022,Potato,Nizamabad,Telangana,2065.63,153
20-12-2022,Tomato,Karimnagar,Telangana,1858.81,94
20-12-2022,Potato,Karimnagar,Telangana,1760.15,163
20-12-2022,Rice,Adilabad,Telangana,2622.18,85
20-12-2022,Tomato,Khammam,Telangana,1679.57,123
20-12-2022,Rice,Nizamabad,Telangana,2830.06,149
20-12-2022,Onion,Khammam,Telangana,1140.6,208
20-12-2022,Onion,Nizamabad,Telangana,1508.35,131
20-12-2022,Rice,Karimnagar,Telangana,2614.98,121
20-12-2022,Onion,Warangal,Telangana,1362.62,100
20-12-2022,Potato,Warangal,Telangana,2043.84,105
20-12-2023,Rice,Nizamabad,Telangana,2624.88,172
20-12-2023,Onion,Adilabad,Telangana,1527.83,151
20-12-2023,Potato,Khammam,Telangana,1747.59,174
20-12-2023,Rice,Khammam,Telangana,2752.68,133
20-12-2023,Tomato,Karimnagar,Telangana,1462.57,207
20-12-2023,Rice,Warangal,Telangana,2793.16,126
20-12-2023,Onion,Nizamabad,Telangana,1369.02,141
20-12-2023,Onion,Karimnagar,Telangana,1746.66,122
20-12-2023,Potato,Hyderabad,Telangana,1787.28,176
20-12-2023,Tomato,Nizamabad,Telangana,1432.52,157
20-12-2023,Tomato,Khammam,Telangana,1482.7,170
20-12-2023,Potato,Nizamabad,Telangana,2004.85,108
20-12-2023,Potato,Adilabad,Telangana,1800.43,151
20-12-2023,Rice,Karimnagar,Telangana,2886.89,99
20-12-2023,Tomato,Adilabad,Telangana,1799.07,59
20-12-2023,Potato,Karimnagar,Telangana,1852.32,183
20-12-2023,Onion,Khammam,Telangana,1353.37,218
20-12-2023,Onion,Warangal,Telangana,1376.96,168
20-12-2023,Tomato,Warangal,Telangana,1488.39,160
20-12-2023,Onion,Hyderabad,Telangana,1243.41,212
20-12-2023,Tomato,Hyderabad,Telangana,1931.86,110
20-12-2023,Rice,Hyderabad,Telangana,2870.56,143
20-12-2023,Rice,Adilabad,Telangana,2785.93,137
21-01-2022,Rice,Adilabad,Telangana,2650.48,161
21-01-2022,Tomato,Khammam,Telangana,1720.27,147
21-01-2022,Rice,Warangal,Telangana,3115.74,83
21-01-2022,Tomato,Hyderabad,Telangana,1790.07,149
21-01-2022,Tomato,Warangal,Telangana,1613.68,114
21-01-2022,Potato,Khammam,Telangana,2025.51,107
21-01-2022,Potato,Hyderabad,Telangana,1758.66,165
21-01-2022,Onion,Adilabad,Telangana,1643.03,167
21-01-2022,Rice,Khammam,Telangana,2731.25,105
21-01-2022,Potato,Warangal,Telangana,1897.86,165
21-01-2022,Onion,Warangal,Telangana,1721.38,61
21-01-2022,Potato,Karimnagar,Telangana,2025.64,142
21-01-2022,Rice,Karimnagar,Telangana,2752.87,139
21-01-2022,Tomato,Adilabad,Telangana,1846.98,128
21-01-2022,Rice,Nizamabad,Telangana,3101.36,67
21-01-2022,Potato,Nizamabad,Telangana,2014.6,97
21-01-2022,Onion,Hyderabad,Telangana,1596.6,68
21-01-2022,Potato,Adilabad,Telangana,1797.21,153
21-01-2022,Onion,Khammam,Telangana,1297.29,148
21-01-2022,Onion,Karimnagar,Telangana,1596.45,170
21-01-2022,Tomato,Nizamabad,Telangana,1801.52,95
21-01-2022,Tomato,Karimnagar,Telangana,1845.6,100
21-01-2023,Tomato,Warangal,Telangana,1651.67,121
21-01-2023,Tomato,Adilabad,Telangana,2061.56,20
21-01-2023,Tomato,Nizamabad,Telangana,1915.4,84
21-01-2023,Onion,Nizamabad,Telangana,1682.76,81
21-01-2023,Rice,Adilabad,Telangana,2849.56,107
21-01-2023,Onion,Adilabad,Telangana,1505.58,155
21-01-2023,Onion,Hyderabad,Telangana,1519.13,159
21-01-2023,Onion,Karimnagar,Telangana,1851.98,114
21-01-2023,Tomato,Khammam,Telangana,1778.87,183
21-01-2023,Potato,Nizamabad,Telangana,1987.46,150
21-01-2023,Rice,Warangal,Telangana,3099.07,42
21-01-2023,Rice,Hyderabad,Telangana,2800.66,124
21-01-2023,Tomato,Karimnagar,Telangana,1901.98,50
21-01-2023,Onion,Khammam,Telangana,1625.18,121
21-01-2023,Potato,Hyderabad,Telangana,1975.54,142
21-01-2023,Onion,Warangal,Telangana,1570.21,111
21-01-2023,Potato,Warangal,Telangana,2271.32,60
21-01-2023,Potato,Karimnagar,Telangana,1997.05,68
21-01-2023,Rice,Karimnagar,Telangana,2567.66,172
21-01-2023,Potato,Khammam,Telangana,1961.45,220
21-01-2023,Tomato,Hyderabad,Telangana,1704.01,148
21-01-2023,Potato,Adilabad,Telangana,1881.25,136
21-01-2023,Rice,Nizamabad,Telangana,2909.1,95
21-01-2023,Rice,Khammam,Telangana,2741.22,151
21-01-2024,Tomato,Karimnagar,Telangana,1805.71,161
21-01-2024,Onion,Karimnagar,Telangana,1600.62,142
21-01-2024,Onion,Adilabad,Telangana,1724.85,112
21-01-2024,Rice,Adilabad,Telangana,2907.54,63
21-01-2024,Potato,Khammam,Telangana,2035.83,115
21-01-2024,Tomato,Khammam,Telangana,1630.98,183
21-01-2024,Rice,Hyderabad,Telangana,2875.61,81
21-01-2024,Potato,Warangal,Telangana,1737.17,141
21-01-2024,Rice,Khammam,Telangana,2940.85,146
21-01-2024,Rice,Nizamabad,Telangana,2680.94,145
21-01-2024,Potato,Nizamabad,Telangana,2032.88,101
21-01-2024,Tomato,Adilabad,Telangana,1865.58,181
21-01-2024,Onion,Khammam,Telangana,1613.71,133
21-01-2024,Tomato,Hyderabad,Telangana,1699.36,151
21-01-2024,Potato,Hyderabad,Telangana,1821.5,153
21-01-2024,Rice,Karimnagar,Telangana,2535.1,163
21-01-2024,Potato,Adilabad,Telangana,2153.17,209
21-01-2024,Onion,Warangal,Telangana,1750.97,33
21-01-2024,Tomato,Nizamabad,Telangana,1760.1,157
21-01-2024,Tomato,Warangal,Telangana,1688.95,133
21-01-2024,Onion,Nizamabad,Telangana,1656.28,112
21-02-2022,Rice,Warangal,Telangana,3160.45,76
21-02-2022,Tomato,Nizamabad,Telangana,1736.04,126
21-02-2022,Onion,Warangal,Telangana,1703.58,79
21-02-2022,Rice,Adilabad,Telangana,2823.22,113
21-02-2022,Potato,Warangal,Telangana,2084.07,114
21-02-2022,Potato,Hyderabad,Telangana,2307.18,128
21-02-2022,Rice,Nizamabad,Telangana,3055.02,45
21-02-2022,Tomato,Khammam,Telangana,1992.56,101
21-02-2022,Rice,Khammam,Telangana,2976.01,55
21-02-2022,Onion,Hyderabad,Telangana,1901.73,59
21-02-2022,Onion,Khammam,Telangana,1534.28,173
21-02-2022,Rice,Karimnagar,Telangana,2962.36,91
21-02-2022,Tomato,Adilabad,Telangana,2021.26,149
21-02-2022,Tomato,Hyderabad,Telangana,1845.61,106
21-02-2022,Potato,Khammam,Telangana,2160.5,117
21-02-2022,Potato,Nizamabad,Telangana,2283.76,101
21-02-2022,Onion,Karimnagar,Telangana,1738.05,151
21-02-2022,Potato,Adilabad,Telangana,2122.55,183
21-02-2022,Rice,Hyderabad,Telangana,2904.48,66
21-02-2022,Tomato,Karimnagar,Telangana,1887.45,83
21-02-2022,Onion,Adilabad,Telangana,1893.53,45
21-02-2022,Onion,Nizamabad,Telangana,1749.59,83
21-02-2023,Onion,Hyderabad,Telangana,1564.09,217
21-02-2023,Potato,Nizamabad,Telangana,2388.69,112
21-02-2023,Onion,Nizamabad,Telangana,1523.39,119
21-02-2023,Rice,Warangal,Telangana,2925.55,42
21-02-2023,Tomato,Hyderabad,Telangana,1903.75,79
21-02-2023,Potato,Hyderabad,Telangana,2072.37,48
21-02-2023,Potato,Khammam,Telangana,2217.96,73
21-02-2023,Onion,Adilabad,Telangana,1859.11,84
21-02-2023,Potato,Karimnagar,Telangana,2075.01,147
21-02-2023,Tomato,Khammam,Telangana,1896.12,176
21-02-2023,Onion,Warangal,Telangana,1736.61,133
21-02-2023,Tomato,Warangal,Telangana,1937.24,127
21-02-2023,Rice,Khammam,Telangana,2999.84,96
21-02-2023,Tomato,Karimnagar,Telangana,1828.5,129
21-02-2023,Onion,Karimnagar,Telangana,1683.45,111
21-02-2023,Potato,Adilabad,Telangana,2019.14,140
21-02-2023,Rice,Adilabad,Telangana,2966.58,131
21-02-2023,Onion,Khammam,Telangana,1676.08,109
21-02-2023,Tomato,Nizamabad,Telangana,1631.34,112
21-02-2023,Potato,Warangal,Telangana,2031.71,127
21-02-2023,Tomato,Adilabad,Telangana,1909.42,101
21-02-2023,Rice,Nizamabad,Telangana,3196.35,100
21-02-2024,Onion,Khammam,Telangana,1912.35,45
21-02-2024,Potato,Karimnagar,Telangana,1969.88,160
21-02-2024,Potato,Hyderabad,Telangana,2119.19,186
21-02-2024,Tomato,Hyderabad,Telangana,2213.97,23
21-02-2024,Onion,Adilabad,Telangana,1876.35,114
21-02-2024,Tomato,Karimnagar,Telangana,1923.81,116
21-02-2024,Potato,Warangal,Telangana,2212.71,62
21-02-2024,Potato,Adilabad,Telangana,2248.1,114
21-02-2024,Rice,Hyderabad,Telangana,2771.52,180
21-02-2024,Rice,Nizamabad,Telangana,2737.91,133
21-02-2024,Rice,Warangal,Telangana,2889.96,122
21-02-2024,Rice,Adilabad,Telangana,2695.19,102
21-02-2024,Onion,Warangal,Telangana,1902.09,124
21-02-2024,Rice,Karimnagar,Telangana,2941.84,59
21-02-2024,Onion,Hyderabad,Telangana,1614.74,140
21-02-2024,Potato,Khammam,Telangana,2000.82,151
21-02-2024,Tomato,Khammam,Telangana,2079.35,72
21-02-2024,Onion,Nizamabad,Telangana,1835.0,149
21-02-2024,Onion,Karimnagar,Telangana,1858.12,57
21-02-2024,Tomato,Nizamabad,Telangana,1834.83,139
21-02-2024,Rice,Khammam,Telangana,2897.92,102
21-02-2024,Potato,Nizamabad,Telangana,2301.86,20
21-02-2024,Tomato,Warangal,Telangana,1895.23,48
21-02-2024,Tomato,Adilabad,Telangana,1893.64,121
21-03-2022,Rice,Nizamabad,Telangana,3129.31,118
21-03-2022,Potato,Karimnagar,Telangana,2059.3,56
21-03-2022,Rice,Karimnagar,Telangana,2984.65,81
21-03-2022,Rice,Hyderabad,Telangana,2985.07,130
21-03-2022,Potato,Nizamabad,Telangana,2110.17,122
21-03-2022,Tomato,Hyderabad,Telangana,2130.36,72
21-03-2022,Tomato,Adilabad,Telangana,1988.51,175
21-03-2022,Rice,Khammam,Telangana,2943.91,142
21-03-2022,Onion,Nizamabad,Telangana,1856.69,130
21-03-2022,Tomato,Khammam,Telangana,2284.79,72
21-03-2022,Tomato,Karimnagar,Telangana,1930.9,131
21-03-2022,Onion,Warangal,Telangana,1677.28,143
21-03-2022,Onion,Adilabad,Telangana,1684.26,189
21-03-2022,Onion,Khammam,Telangana,1671.74,157
21-03-2022,Onion,Karimnagar,Telangana,1794.51,81
21-03-2022,Rice,Adilabad,Telangana,3079.41,93
21-03-2022,Potato,Hyderabad,Telangana,2043.54,188
21-03-2022,Potato,Khammam,Telangana,2162.79,90
21-03-2022,Onion,Hyderabad,Telangana,1745.59,133
21-03-2022,Tomato,Warangal,Telangana,1898.36,162
21-03-2022,Potato,Adilabad,Telangana,1975.25,175
21-03-2022,Rice,Warangal,Telangana,2956.46,110
21-03-2023,Onion,Hyderabad,Telangana,1938.43,107
21-03-2023,Potato,Khammam,Telangana,2411.44,20
21-03-2023,Tomato,Warangal,Telangana,1969.07,150
21-03-2023,Tomato,Hyderabad,Telangana,2042.61,143
21-03-2023,Tomato,Khammam,Telangana,1859.05,137
21-03-2023,Potato,Karimnagar,Telangana,2364.82,110
21-03-2023,Tomato,Nizamabad,Telangana,1803.76,177
21-03-2023,Tomato,Karimnagar,Telangana,1885.73,155
21-03-2023,Potato,Adilabad,Telangana,2346.87,71
21-03-2023,Onion,Nizamabad,Telangana,1334.63,165
21-03-2023,Rice,Adilabad,Telangana,2902.45,122
21-03-2023,Rice,Khammam,Telangana,3136.74,91
21-03-2023,Potato,Nizamabad,Telangana,2224.16,136
21-03-2023,Rice,Nizamabad,Telangana,2810.91,190
21-03-2023,Potato,Hyderabad,Telangana,2350.97,88
21-03-2023,Onion,Khammam,Telangana,2017.17,106
21-03-2023,Rice,Warangal,Telangana,2707.83,154
21-03-2023,Onion,Warangal,Telangana,1663.93,130
21-03-2023,Onion,Karimnagar,Telangana,1689.18,187
21-03-2024,Potato,Khammam,Telangana,2233.26,68
21-03-2024,Rice,Adilabad,Telangana,2795.63,199
21-03-2024,Tomato,Karimnagar,Telangana,1815.88,191
21-03-2024,Rice,Hyderabad,Telangana,2850.81,125
21-03-2024,Rice,Nizamabad,Telangana,3156.85,31
21-03-2024,Onion,Khammam,Telangana,1860.75,187
21-03-2024,Onion,Nizamabad,Telangana,1471.83,109
21-03-2024,Tomato,Nizamabad,Telangana,1599.2,201
21-03-2024,Tomato,Khammam,Telangana,2087.39,135
21-03-2024,Tomato,Warangal,Telangana,1996.99,95
21-03-2024,Tomato,Adilabad,Telangana,2044.01,103
21-03-2024,Rice,Karimnagar,Telangana,3043.66,130
21-03-2024,Potato,Adilabad,Telangana,2174.23,84
21-03-2024,Rice,Warangal,Telangana,3021.7,91
21-03-2024,Rice,Khammam,Telangana,3009.24,108
21-03-2024,Onion,Karimnagar,Telangana,2053.3,120
21-03-2024,Onion,Hyderabad,Telangana,1649.37,81
21-03-2024,Potato,Nizamabad,Telangana,2264.51,125
21-03-2024,Potato,Hyderabad,Telangana,2085.2,162
21-03-2024,Tomato,Hyderabad,Telangana,1775.67,124
21-03-2024,Potato,Warangal,Telangana,2048.7,117
21-03-2024,Onion,Warangal,Telangana,1804.89,151
21-03-2024,Onion,Adilabad,Telangana,1352.71,129
21-03-2024,Potato,Karimnagar,Telangana,2051.29,105
21-04-2022,Rice,Karimnagar,Telangana,3329.47,94
21-04-2022,Onion,Karimnagar,Telangana,1871.55,193
21-04-2022,Rice,Khammam,Telangana,2673.01,144
21-04-2022,Tomato,Adilabad,Telangana,1905.04,131
21-04-2022,Tomato,Hyderabad,Telangana,1541.6,212
21-04-2022,Onion,Nizamabad,Telangana,1881.9,121
21-04-2022,Rice,Adilabad,Telangana,3059.94,121
21-04-2022,Tomato,Karimnagar,Telangana,2013.99,104
21-04-2022,Onion,Khammam,Telangana,1806.81,145
21-04-2022,Rice,Nizamabad,Telangana,2953.1,137
21-04-2022,Tomato,Warangal,Telangana,1978.96,122
21-04-2022,Onion,Adilabad,Telangana,1598.27,208
21-04-2022,Tomato,Khammam,Telangana,1984.42,102
21-04-2022,Potato,Hyderabad,Telangana,1992.86,143
21-04-2022,Tomato,Nizamabad,Telangana,1762.14,107
21-04-2022,Potato,Karimnagar,Telangana,2179.38,90
21-04-2022,Onion,Hyderabad,Telangana,1510.8,142
21-04-2022,Rice,Hyderabad,Telangana,2845.66,87
21-04-2022,Potato,Adilabad,Telangana,2035.14,127
21-04-2022,Potato,Warangal,Telangana,2231.42,100
21-04-2022,Potato,Khammam,Telangana,2058.64,135
21-04-2022,Onion,Warangal,Telangana,1548.94,177
21-04-2022,Rice,Warangal,Telangana,3029.21,83
21-04-2022,Potato,Nizamabad,Telangana,2279.21,111
21-04-2023,Rice,Nizamabad,Telangana,3105.66,74
21-04-2023,Tomato,Adilabad,Telangana,1908.96,154
21-04-2023,Onion,Hyderabad,Telangana,1876.61,145
21-04-2023,Rice,Hyderabad,Telangana,2867.78,116
21-04-2023,Rice,Adilabad,Telangana,2747.52,151
21-04-2023,Tomato,Karimnagar,Telangana,1940.39,175
21-04-2023,Rice,Khammam,Telangana,2964.23,116
21-04-2023,Tomato,Warangal,Telangana,1998.43,190
21-04-2023,Onion,Warangal,Telangana,1708.02,151
21-04-2023,Tomato,Khammam,Telangana,1848.36,138
21-04-2023,Potato,Nizamabad,Telangana,2150.92,108
21-04-2023,Potato,Hyderabad,Telangana,2087.67,109
21-04-2023,Rice,Karimnagar,Telangana,2970.15,128
21-04-2023,Onion,Adilabad,Telangana,1467.84,162
21-04-2023,Onion,Khammam,Telangana,1704.93,98
21-04-2023,Tomato,Nizamabad,Telangana,1603.11,231
21-04-2023,Potato,Khammam,Telangana,1812.07,185
21-04-2023,Tomato,Hyderabad,Telangana,2011.92,110
21-04-2023,Potato,Karimnagar,Telangana,2082.11,101
21-04-2023,Onion,Karimnagar,Telangana,1675.0,104
21-04-2023,Onion,Nizamabad,Telangana,2008.0,91
21-04-2024,Tomato,Nizamabad,Telangana,1934.33,88
21-04-2024,Onion,Hyderabad,Telangana,1949.4,83
21-04-2024,Onion,Adilabad,Telangana,1694.2,175
21-04-2024,Rice,Warangal,Telangana,2827.16,77
21-04-2024,Tomato,Adilabad,Telangana,2058.05,112
21-04-2024,Rice,Hyderabad,Telangana,3106.11,82
21-04-2024,Potato,Karimnagar,Telangana,2038.54,87
21-04-2024,Onion,Warangal,Telangana,1689.02,126
21-04-2024,Rice,Nizamabad,Telangana,2804.15,115
21-04-2024,Tomato,Khammam,Telangana,1824.12,159
21-04-2024,Tomato,Warangal,Telangana,1970.85,105
21-04-2024,Rice,Adilabad,Telangana,2553.13,162
21-04-2024,Potato,Warangal,Telangana,2294.6,74
21-04-2024,Potato,Khammam,Telangana,1969.54,246
21-04-2024,Potato,Nizamabad,Telangana,2013.95,118
21-04-2024,Tomato,Karimnagar,Telangana,1938.5,161
21-04-2024,Onion,Khammam,Telangana,1986.88,91
21-04-2024,Tomato,Hyderabad,Telangana,2061.48,83
21-04-2024,Rice,Karimnagar,Telangana,3123.45,84
21-04-2024,Onion,Nizamabad,Telangana,1771.79,135
21-04-2024,Potato,Adilabad,Telangana,2340.0,46
21-04-2024,Rice,Khammam,Telangana,2976.3,156
21-05-2022,Onion,Karimnagar,Telangana,1818.8,92
21-05-2022,Rice,Khammam,Telangana,2777.51,118
21-05-2022,Potato,Warangal,Telangana,1952.02,180
21-05-2022,Potato,Adilabad,Telangana,2236.42,91
21-05-2022,Tomato,Karimnagar,Telangana,1890.68,132
21-05-2022,Tomato,Hyderabad,Telangana,1965.07,124
21-05-2022,Tomato,Nizamabad,Telangana,1930.59,81
21-05-2022,Onion,Hyderabad,Telangana,1831.27,155
21-05-2022,Rice,Hyderabad,Telangana,2922.69,107
21-05-2022,Onion,Warangal,Telangana,1413.64,132
21-05-2022,Onion,Khammam,Telangana,1876.52,27
21-05-2022,Onion,Nizamabad,Telangana,1850.87,60
21-05-2022,Rice,Nizamabad,Telangana,3240.44,65
21-05-2022,Potato,Karimnagar,Telangana,2085.35,121
21-05-2022,Tomato,Khammam,Telangana,1949.07,110
21-05-2022,Potato,Nizamabad,Telangana,2038.73,96
21-05-2022,Rice,Karimnagar,Telangana,3007.77,54
21-05-2022,Potato,Khammam,Telangana,2132.69,128
21-05-2022,Rice,Warangal,Telangana,2785.62,107
21-05-2022,Tomato,Warangal,Telangana,1965.76,120
21-05-2022,Potato,Hyderabad,Telangana,2292.33,119
21-05-2022,Tomato,Adilabad,Telangana,1816.39,165
21-05-2023,Onion,Khammam,Telangana,1784.15,59
21-05-2023,Rice,Hyderabad,Telangana,2738.61,184
21-05-2023,Rice,Khammam,Telangana,2895.99,116
21-05-2023,Tomato,Nizamabad,Telangana,1847.82,137
21-05-2023,Tomato,Adilabad,Telangana,1923.78,156
21-05-2023,Tomato,Hyderabad,Telangana,1813.32,172
21-05-2023,Potato,Khammam,Telangana,1937.93,58
21-05-2023,Onion,Adilabad,Telangana,1745.33,20
21-05-2023,Rice,Warangal,Telangana,3083.52,27
21-05-2023,Onion,Warangal,Telangana,1591.5,122
21-05-2023,Tomato,Warangal,Telangana,1827.35,115
21-05-2023,Potato,Nizamabad,Telangana,2075.17,69
21-05-2023,Potato,Adilabad,Telangana,2110.73,106
21-05-2023,Tomato,Khammam,Telangana,1922.6,144
21-05-2023,Potato,Hyderabad,Telangana,2134.4,120
21-05-2023,Onion,Karimnagar,Telangana,1787.66,119
21-05-2023,Tomato,Karimnagar,Telangana,1647.22,122
21-05-2023,Rice,Adilabad,Telangana,2843.94,140
21-05-2023,Potato,Warangal,Telangana,2097.19,157
21-05-2023,Rice,Nizamabad,Telangana,2867.43,82
21-05-2023,Onion,Hyderabad,Telangana,1609.47,87
21-05-2023,Onion,Nizamabad,Telangana,1754.11,86
21-05-2023,Potato,Karimnagar,Telangana,2050.45,88
21-05-2023,Rice,Karimnagar,Telangana,2950.33,103
21-05-2024,Onion,Hyderabad,Telangana,1685.05,107
21-05-2024,Rice,Nizamabad,Telangana,2919.86,90
21-05-2024,Tomato,Khammam,Telangana,1944.72,114
21-05-2024,Onion,Khammam,Telangana,1774.87,80
21-05-2024,Onion,Adilabad,Telangana,1734.38,78
21-05-2024,Potato,Nizamabad,Telangana,2141.43,119
21-05-2024,Rice,Karimnagar,Telangana,2964.25,105
21-05-2024,Potato,Warangal,Telangana,1838.56,185
21-05-2024,Onion,Warangal,Telangana,1687.81,139
21-05-2024,Onion,Nizamabad,Telangana,1892.61,100
21-05-2024,Tomato,Nizamabad,Telangana,1687.33,121
21-05-2024,Tomato,Warangal,Telangana,1691.75,155
21-05-2024,Potato,Hyderabad,Telangana,1966.04,157
21-05-2024,Rice,Khammam,Telangana,3044.42,140
21-05-2024,Rice,Hyderabad,Telangana,2857.87,180
21-05-2024,Onion,Karimnagar,Telangana,1730.54,84
21-05-2024,Tomato,Adilabad,Telangana,1911.96,86
21-05-2024,Rice,Warangal,Telangana,2944.66,155
21-05-2024,Potato,Adilabad,Telangana,1904.8,147
21-05-2024,Potato,Karimnagar,Telangana,2011.23,172
21-05-2024,Potato,Khammam,Telangana,2101.08,85
21-05-2024,Tomato,Hyderabad,Telangana,2026.46,122
21-05-2024,Tomato,Karimnagar,Telangana,1961.67,51
21-05-2024,Rice,Adilabad,Telangana,2734.04,138
21-06-2022,Tomato,Warangal,Telangana,1816.61,126
21-06-2022,Potato,Adilabad,Telangana,2123.72,95
21-06-2022,Potato,Nizamabad,Telangana,2228.92,71
21-06-2022,Onion,Khammam,Telangana,1668.01,164
21-06-2022,Potato,Hyderabad,Telangana,2026.8,103
21-06-2022,Tomato,Nizamabad,Telangana,1623.45,120
21-06-2022,Onion,Hyderabad,Telangana,1868.87,66
21-06-2022,Potato,Khammam,Telangana,1829.16,154
21-06-2022,Onion,Warangal,Telangana,1822.36,85
21-06-2022,Rice,Khammam,Telangana,2829.18,104
21-06-2022,Tomato,Karimnagar,Telangana,1560.5,96
21-06-2022,Rice,Warangal,Telangana,3055.45,83
21-06-2022,Onion,Karimnagar,Telangana,1637.18,139
21-06-2022,Onion,Nizamabad,Telangana,1419.15,129
21-06-2022,Onion,Adilabad,Telangana,1683.72,43
21-06-2022,Rice,Nizamabad,Telangana,2633.75,153
21-06-2022,Rice,Karimnagar,Telangana,3030.88,43
21-06-2022,Rice,Adilabad,Telangana,2957.03,54
21-06-2022,Tomato,Hyderabad,Telangana,1720.5,129
21-06-2022,Tomato,Adilabad,Telangana,1742.73,175
21-06-2022,Potato,Warangal,Telangana,2214.61,105
21-06-2022,Tomato,Khammam,Telangana,1899.23,151
21-06-2023,Onion,Adilabad,Telangana,1575.43,145
21-06-2023,Tomato,Adilabad,Telangana,1776.44,159
21-06-2023,Potato,Hyderabad,Telangana,2071.19,20
21-06-2023,Tomato,Khammam,Telangana,1796.71,98
21-06-2023,Tomato,Hyderabad,Telangana,1639.38,123
21-06-2023,Rice,Warangal,Telangana,2862.96,127
21-06-2023,Rice,Karimnagar,Telangana,2789.78,103
21-06-2023,Rice,Adilabad,Telangana,2869.55,129
21-06-2023,Rice,Khammam,Telangana,2850.17,134
21-06-2023,Potato,Nizamabad,Telangana,1993.09,90
21-06-2023,Onion,Nizamabad,Telangana,1649.38,130
21-06-2023,Rice,Nizamabad,Telangana,2950.49,87
21-06-2023,Potato,Karimnagar,Telangana,1851.9,145
21-06-2023,Onion,Warangal,Telangana,1399.57,218
21-06-2023,Onion,Karimnagar,Telangana,1672.09,163
21-06-2023,Potato,Warangal,Telangana,2147.33,136
21-06-2023,Rice,Hyderabad,Telangana,2628.6,107
21-06-2023,Onion,Hyderabad,Telangana,1463.98,136
21-06-2023,Potato,Khammam,Telangana,2094.91,138
21-06-2023,Onion,Khammam,Telangana,1488.53,150
21-06-2023,Tomato,Nizamabad,Telangana,1503.65,125
21-06-2023,Tomato,Warangal,Telangana,1897.18,36
21-06-2023,Potato,Adilabad,Telangana,1892.49,118
21-07-2022,Potato,Adilabad,Telangana,2105.12,77
21-07-2022,Onion,Khammam,Telangana,1597.36,68
21-07-2022,Rice,Warangal,Telangana,2652.01,109
21-07-2022,Onion,Warangal,Telangana,1516.99,55
21-07-2022,Onion,Adilabad,Telangana,1685.03,113
21-07-2022,Rice,Nizamabad,Telangana,2679.63,94
21-07-2022,Rice,Adilabad,Telangana,2648.72,170
21-07-2022,Potato,Nizamabad,Telangana,1876.41,111
21-07-2022,Onion,Hyderabad,Telangana,1536.85,93
21-07-2022,Onion,Nizamabad,Telangana,1515.78,98
21-07-2022,Potato,Khammam,Telangana,1898.33,93
21-07-2022,Tomato,Hyderabad,Telangana,1703.02,120
21-07-2022,Rice,Khammam,Telangana,2724.25,112
21-07-2022,Tomato,Karimnagar,Telangana,1754.09,120
21-07-2022,Tomato,Khammam,Telangana,1557.49,139
21-07-2022,Rice,Karimnagar,Telangana,2567.04,147
21-07-2022,Tomato,Adilabad,Telangana,1800.5,56
21-07-2022,Rice,Hyderabad,Telangana,2463.96,163
21-07-2022,Tomato,Nizamabad,Telangana,1949.65,103
21-07-2022,Tomato,Warangal,Telangana,1486.19,148
21-07-2022,Onion,Karimnagar,Telangana,1668.32,37
21-07-2022,Potato,Warangal,Telangana,1867.33,120
21-07-2022,Potato,Hyderabad,Telangana,1813.62,166
21-07-2022,Potato,Karimnagar,Telangana,1987.24,141
21-07-2023,Tomato,Hyderabad,Telangana,1623.8,184
21-07-2023,Rice,Adilabad,Telangana,2741.84,107
21-07-2023,Onion,Hyderabad,Telangana,1638.2,104
21-07-2023,Onion,Karimnagar,Telangana,1272.31,144
21-07-2023,Onion,Warangal,Telangana,1219.86,180
21-07-2023,Potato,Warangal,Telangana,1755.63,125
21-07-2023,Rice,Nizamabad,Telangana,2795.69,66
21-07-2023,Rice,Hyderabad,Telangana,2641.94,118
21-07-2023,Potato,Khammam,Telangana,1794.21,113
21-07-2023,Tomato,Warangal,Telangana,1884.01,84
21-07-2023,Potato,Hyderabad,Telangana,1851.53,150
21-07-2023,Onion,Khammam,Telangana,1213.68,146
21-07-2023,Tomato,Adilabad,Telangana,1734.54,85
21-07-2023,Rice,Karimnagar,Telangana,2853.67,47
21-07-2023,Rice,Khammam,Telangana,2650.46,151
21-07-2023,Tomato,Khammam,Telangana,1770.88,126
21-07-2023,Tomato,Karimnagar,Telangana,1838.19,78
21-07-2023,Potato,Karimnagar,Telangana,1751.41,160
21-07-2023,Potato,Adilabad,Telangana,2036.34,112
21-07-2023,Potato,Nizamabad,Telangana,1798.22,170
21-07-2023,Onion,Adilabad,Telangana,1856.69,20
21-07-2023,Rice,Warangal,Telangana,2699.51,121
21-08-2022,Potato,Warangal,Telangana,1905.84,107
21-08-2022,Potato,Nizamabad,Telangana,1662.79,168
21-08-2022,Rice,Hyderabad,Telangana,2679.67,53
21-08-2022,Rice,Nizamabad,Telangana,2643.0,147
21-08-2022,Tomato,Nizamabad,Telangana,1583.49,97
21-08-2022,Tomato,Adilabad,Telangana,1417.52,141
21-08-2022,Onion,Khammam,Telangana,1261.97,177
21-08-2022,Onion,Adilabad,Telangana,1536.04,77
21-08-2022,Potato,Karimnagar,Telangana,1994.66,42
21-08-2022,Rice,Warangal,Telangana,2828.32,88
21-08-2022,Rice,Khammam,Telangana,2521.82,111
21-08-2022,Onion,Hyderabad,Telangana,1549.41,132
21-08-2022,Onion,Nizamabad,Telangana,1477.66,124
21-08-2022,Onion,Karimnagar,Telangana,1321.89,156
21-08-2022,Potato,Khammam,Telangana,1663.26,184
21-08-2022,Tomato,Karimnagar,Telangana,1613.52,80
21-08-2022,Tomato,Khammam,Telangana,1616.49,155
21-08-2022,Potato,Adilabad,Telangana,1814.31,125
21-08-2022,Tomato,Hyderabad,Telangana,1592.95,115
21-08-2022,Tomato,Warangal,Telangana,1698.57,147
21-08-2022,Onion,Warangal,Telangana,1606.83,122
21-08-2022,Potato,Hyderabad,Telangana,1827.09,172
21-08-2022,Rice,Karimnagar,Telangana,2516.39,106
21-08-2023,Rice,Karimnagar,Telangana,2679.74,101
21-08-2023,Onion,Adilabad,Telangana,1418.57,89
21-08-2023,Onion,Warangal,Telangana,1530.21,87
21-08-2023,Tomato,Hyderabad,Telangana,1790.32,56
21-08-2023,Tomato,Nizamabad,Telangana,1916.85,46
21-08-2023,Potato,Warangal,Telangana,1838.96,104
21-08-2023,Potato,Adilabad,Telangana,2010.22,44
21-08-2023,Rice,Warangal,Telangana,2764.34,157
21-08-2023,Onion,Khammam,Telangana,1588.75,81
21-08-2023,Tomato,Khammam,Telangana,1784.96,86
21-08-2023,Potato,Nizamabad,Telangana,1527.62,164
21-08-2023,Rice,Khammam,Telangana,2754.38,117
21-08-2023,Rice,Nizamabad,Telangana,2496.43,131
21-08-2023,Onion,Nizamabad,Telangana,1342.29,111
21-08-2023,Rice,Hyderabad,Telangana,2560.89,113
21-08-2023,Tomato,Karimnagar,Telangana,1471.79,113
21-08-2023,Rice,Adilabad,Telangana,2417.62,213
21-08-2023,Potato,Khammam,Telangana,1842.19,69
21-08-2023,Onion,Karimnagar,Telangana,1617.34,127
21-08-2023,Tomato,Warangal,Telangana,1696.76,81
21-08-2023,Potato,Karimnagar,Telangana,1950.86,83
21-08-2023,Tomato,Adilabad,Telangana,1705.34,106
21-09-2022,Onion,Hyderabad,Telangana,1434.49,125
21-09-2022,Onion,Adilabad,Telangana,1499.63,119
21-09-2022,Tomato,Warangal,Telangana,1604.96,76
21-09-2022,Potato,Hyderabad,Telangana,1943.64,126
21-09-2022,Potato,Adilabad,Telangana,1621.91,164
21-09-2022,Rice,Nizamabad,Telangana,2717.91,88
21-09-2022,Potato,Karimnagar,Telangana,1731.58,127
21-09-2022,Rice,Hyderabad,Telangana,2375.16,146
21-09-2022,Rice,Khammam,Telangana,2541.51,119
21-09-2022,Onion,Warangal,Telangana,1220.07,162
21-09-2022,Potato,Nizamabad,Telangana,1615.26,171
21-09-2022,Tomato,Nizamabad,Telangana,1531.41,146
21-09-2022,Onion,Karimnagar,Telangana,1393.9,141
21-09-2022,Onion,Khammam,Telangana,1496.98,57
21-09-2022,Rice,Warangal,Telangana,2863.9,43
21-09-2022,Tomato,Karimnagar,Telangana,1851.26,84
21-09-2022,Potato,Warangal,Telangana,1703.81,85
21-09-2022,Tomato,Adilabad,Telangana,1712.43,72
21-09-2022,Rice,Adilabad,Telangana,2585.91,191
21-09-2022,Tomato,Hyderabad,Telangana,1701.18,54
21-09-2022,Rice,Karimnagar,Telangana,2451.66,153
21-09-2023,Onion,Karimnagar,Telangana,1407.37,63
21-09-2023,Potato,Khammam,Telangana,1686.29,119
21-09-2023,Potato,Adilabad,Telangana,1769.74,125
21-09-2023,Onion,Hyderabad,Telangana,1664.81,65
21-09-2023,Potato,Hyderabad,Telangana,1753.71,128
21-09-2023,Tomato,Warangal,Telangana,1633.94,97
21-09-2023,Rice,Karimnagar,Telangana,2640.06,119
21-09-2023,Potato,Warangal,Telangana,1855.86,115
21-09-2023,Rice,Khammam,Telangana,2330.57,151
21-09-2023,Onion,Adilabad,Telangana,1217.29,147
21-09-2023,Tomato,Khammam,Telangana,1486.22,160
21-09-2023,Potato,Karimnagar,Telangana,1878.88,112
21-09-2023,Onion,Khammam,Telangana,1308.88,115
21-09-2023,Rice,Adilabad,Telangana,2648.76,96
21-09-2023,Rice,Hyderabad,Telangana,2896.24,99
21-09-2023,Tomato,Nizamabad,Telangana,1849.75,69
21-09-2023,Potato,Nizamabad,Telangana,1818.17,149
21-09-2023,Tomato,Hyderabad,Telangana,1481.7,186
21-09-2023,Rice,Warangal,Telangana,2458.47,144
21-09-2023,Onion,Nizamabad,Telangana,1240.93,63
21-09-2023,Rice,Nizamabad,Telangana,2506.64,127
21-09-2023,Tomato,Adilabad,Telangana,1477.95,147
21-09-2023,Onion,Warangal,Telangana,1393.76,80
21-10-2022,Rice,Khammam,Telangana,2645.06,87
21-10-2022,Onion,Warangal,Telangana,1580.41,86
21-10-2022,Rice,Hyderabad,Telangana,2718.5,100
21-10-2022,Rice,Nizamabad,Telangana,2546.33,121
21-10-2022,Rice,Adilabad,Telangana,2604.81,96
21-10-2022,Onion,Adilabad,Telangana,1270.95,139
21-10-2022,Tomato,Warangal,Telangana,1479.97,110
21-10-2022,Tomato,Khammam,Telangana,1486.34,124
21-10-2022,Rice,Karimnagar,Telangana,2427.14,177
21-10-2022,Onion,Khammam,Telangana,1111.5,205
21-10-2022,Potato,Warangal,Telangana,1663.24,143
21-10-2022,Potato,Khammam,Telangana,1752.91,67
21-10-2022,Potato,Adilabad,Telangana,1753.46,110
21-10-2022,Tomato,Adilabad,Telangana,1608.6,136
21-10-2022,Potato,Karimnagar,Telangana,1745.65,188
21-10-2022,Tomato,Hyderabad,Telangana,1506.9,101
21-10-2022,Rice,Warangal,Telangana,2401.04,116
21-10-2022,Onion,Nizamabad,Telangana,1576.99,90
21-10-2022,Onion,Hyderabad,Telangana,1393.76,154
21-10-2022,Tomato,Karimnagar,Telangana,1298.96,213
21-10-2022,Onion,Karimnagar,Telangana,1405.25,165
21-10-2022,Tomato,Nizamabad,Telangana,1639.79,88
21-10-2022,Potato,Nizamabad,Telangana,1746.07,132
21-10-2023,Tomato,Khammam,Telangana,1801.49,82
21-10-2023,Onion,Warangal,Telangana,1397.52,20
21-10-2023,Potato,Warangal,Telangana,1600.72,94
21-10-2023,Tomato,Hyderabad,Telangana,1620.25,77
21-10-2023,Onion,Hyderabad,Telangana,1416.72,126
21-10-2023,Tomato,Warangal,Telangana,1496.19,112
21-10-2023,Onion,Nizamabad,Telangana,1450.48,122
21-10-2023,Tomato,Adilabad,Telangana,1274.64,168
21-10-2023,Rice,Hyderabad,Telangana,2384.91,160
21-10-2023,Rice,Nizamabad,Telangana,2590.5,142
21-10-2023,Potato,Karimnagar,Telangana,1616.23,122
21-10-2023,Onion,Khammam,Telangana,1550.06,98
21-10-2023,Tomato,Karimnagar,Telangana,1441.8,162
21-10-2023,Onion,Karimnagar,Telangana,1204.18,151
21-10-2023,Rice,Warangal,Telangana,2434.46,148
21-10-2023,Onion,Adilabad,Telangana,1616.94,144
21-10-2023,Rice,Karimnagar,Telangana,2793.88,67
21-10-2023,Potato,Khammam,Telangana,1650.57,128
21-10-2023,Potato,Hyderabad,Telangana,1733.47,135
21-10-2023,Tomato,Nizamabad,Telangana,1479.15,161
21-10-2023,Rice,Khammam,Telangana,2551.08,135
21-10-2023,Potato,Adilabad,Telangana,1614.18,206
21-10-2023,Potato,Nizamabad,Telangana,1852.66,111
21-11-2022,Onion,Khammam,Telangana,1416.09,126
21-11-2022,Onion,Nizamabad,Telangana,1482.47,138
21-11-2022,Tomato,Khammam,Telangana,1645.08,93
21-11-2022,Rice,Khammam,Telangana,2380.0,157
21-11-2022,Rice,Nizamabad,Telangana,2585.74,97
21-11-2022,Onion,Karimnagar,Telangana,1395.57,161
21-11-2022,Rice,Karimnagar,Telangana,2849.6,93
21-11-2022,Onion,Warangal,Telangana,1139.98,171
21-11-2022,Tomato,Warangal,Telangana,1611.41,88
21-11-2022,Potato,Nizamabad,Telangana,1663.78,131
21-11-2022,Tomato,Hyderabad,Telangana,1733.82,110
21-11-2022,Potato,Khammam,Telangana,1852.77,148
21-11-2022,Potato,Hyderabad,Telangana,1775.81,100
21-11-2022,Onion,Hyderabad,Telangana,1153.5,158
21-11-2022,Potato,Warangal,Telangana,1849.49,87
21-11-2022,Onion,Adilabad,Telangana,1426.79,141
21-11-2022,Potato,Adilabad,Telangana,1868.48,154
21-11-2022,Tomato,Nizamabad,Telangana,1634.95,66
21-11-2022,Tomato,Karimnagar,Telangana,1585.37,139
21-11-2022,Tomato,Adilabad,Telangana,1632.07,132
21-11-2022,Potato,Karimnagar,Telangana,1831.81,146
21-11-2022,Rice,Hyderabad,Telangana,2528.07,142
21-11-2022,Rice,Adilabad,Telangana,2693.52,137
21-11-2023,Tomato,Hyderabad,Telangana,1899.4,95
21-11-2023,Potato,Nizamabad,Telangana,1799.29,122
21-11-2023,Potato,Karimnagar,Telangana,1619.33,189
21-11-2023,Rice,Karimnagar,Telangana,2645.6,65
21-11-2023,Onion,Hyderabad,Telangana,1598.37,59
21-11-2023,Potato,Hyderabad,Telangana,1552.56,169
21-11-2023,Rice,Khammam,Telangana,2700.82,186
21-11-2023,Onion,Khammam,Telangana,1790.26,107
21-11-2023,Rice,Nizamabad,Telangana,2656.69,54
21-11-2023,Onion,Karimnagar,Telangana,1601.2,80
21-11-2023,Rice,Hyderabad,Telangana,2407.39,84
21-11-2023,Potato,Khammam,Telangana,1856.28,92
21-11-2023,Onion,Nizamabad,Telangana,1494.84,77
21-11-2023,Tomato,Khammam,Telangana,1864.0,29
21-11-2023,Tomato,Nizamabad,Telangana,1546.58,152
21-11-2023,Potato,Adilabad,Telangana,1714.0,151
21-11-2023,Rice,Adilabad,Telangana,2576.16,89
21-11-2023,Potato,Warangal,Telangana,1902.39,103
21-11-2023,Tomato,Warangal,Telangana,1614.15,159
21-11-2023,Tomato,Adilabad,Telangana,1626.68,113
21-11-2023,Rice,Warangal,Telangana,2758.91,66
21-11-2023,Onion,Warangal,Telangana,1484.06,107
21-12-2022,Rice,Khammam,Telangana,2755.7,141
21-12-2022,Tomato,Karimnagar,Telangana,1682.6,112
21-12-2022,Rice,Nizamabad,Telangana,2534.69,192
21-12-2022,Onion,Karimnagar,Telangana,1434.83,144
21-12-2022,Onion,Khammam,Telangana,1703.13,76
21-12-2022,Potato,Khammam,Telangana,1850.61,147
21-12-2022,Rice,Warangal,Telangana,2553.97,120
21-12-2022,Rice,Karimnagar,Telangana,2626.06,134
21-12-2022,Onion,Warangal,Telangana,1241.25,179
21-12-2022,Potato,Adilabad,Telangana,1975.37,157
21-12-2022,Onion,Hyderabad,Telangana,1555.74,167
21-12-2022,Onion,Nizamabad,Telangana,1849.94,135
21-12-2022,Tomato,Hyderabad,Telangana,2093.93,36
21-12-2022,Potato,Nizamabad,Telangana,1759.93,158
21-12-2022,Onion,Adilabad,Telangana,1349.17,107
21-12-2022,Rice,Hyderabad,Telangana,2777.81,61
21-12-2022,Tomato,Warangal,Telangana,1673.66,65
21-12-2022,Rice,Adilabad,Telangana,2716.64,107
21-12-2022,Tomato,Khammam,Telangana,1756.33,150
21-12-2022,Potato,Karimnagar,Telangana,1836.63,99
21-12-2022,Potato,Warangal,Telangana,2090.36,103
21-12-2022,Potato,Hyderabad,Telangana,1847.76,103
21-12-2023,Rice,Hyderabad,Telangana,2632.61,221
21-12-2023,Onion,Karimnagar,Telangana,1386.98,149
21-12-2023,Onion,Warangal,Telangana,1520.66,153
21-12-2023,Tomato,Khammam,Telangana,1608.43,140
21-12-2023,Rice,Karimnagar,Telangana,2735.37,128
21-12-2023,Rice,Khammam,Telangana,2514.42,181
21-12-2023,Potato,Warangal,Telangana,2170.75,89
21-12-2023,Potato,Hyderabad,Telangana,1943.26,84
21-12-2023,Tomato,Karimnagar,Telangana,1640.33,184
21-12-2023,Potato,Karimnagar,Telangana,1959.48,108
21-12-2023,Rice,Adilabad,Telangana,2643.68,116
21-12-2023,Potato,Adilabad,Telangana,1772.5,208
21-12-2023,Onion,Khammam,Telangana,1368.17,98
21-12-2023,Potato,Khammam,Telangana,1992.94,140
21-12-2023,Tomato,Adilabad,Telangana,1515.24,184
21-12-2023,Onion,Nizamabad,Telangana,1374.0,95
21-12-2023,Potato,Nizamabad,Telangana,1960.14,124
21-12-2023,Rice,Nizamabad,Telangana,2676.38,154
21-12-2023,Onion,Hyderabad,Telangana,1395.22,160
21-12-2023,Onion,Adilabad,Telangana,1422.56,165
21-12-2023,Rice,Warangal,Telangana,2518.63,155
21-12-2023,Tomato,Hyderabad,Telangana,1772.54,139
22-01-2022,Tomato,Khammam,Telangana,1823.55,85
22-01-2022,Rice,Hyderabad,Telangana,2760.06,117
22-01-2022,Onion,Karimnagar,Telangana,1688.29,164
22-01-2022,Potato,Warangal,Telangana,1951.79,157
22-01-2022,Tomato,Nizamabad,Telangana,1835.81,85
22-01-2022,Tomato,Adilabad,Telangana,1579.66,136
22-01-2022,Tomato,Hyderabad,Telangana,1804.6,115
22-01-2022,Tomato,Warangal,Telangana,1885.88,98
22-01-2022,Onion,Warangal,Telangana,1776.59,110
22-01-2022,Rice,Karimnagar,Telangana,2821.73,112
22-01-2022,Potato,Adilabad,Telangana,2275.35,87
22-01-2022,Onion,Hyderabad,Telangana,1769.72,86
22-01-2022,Onion,Nizamabad,Telangana,1334.64,114
22-01-2022,Potato,Nizamabad,Telangana,2180.91,139
22-01-2022,Rice,Nizamabad,Telangana,3003.2,85
22-01-2022,Rice,Khammam,Telangana,2549.77,166
22-01-2022,Tomato,Karimnagar,Telangana,1906.53,80
22-01-2022,Potato,Khammam,Telangana,2095.95,116
22-01-2022,Rice,Adilabad,Telangana,2680.57,179
22-01-2022,Onion,Khammam,Telangana,1891.82,67
22-01-2022,Potato,Hyderabad,Telangana,2185.84,128
22-01-2022,Potato,Karimnagar,Telangana,2157.61,115
22-01-2022,Onion,Adilabad,Telangana,1325.42,158
22-01-2022,Rice,Warangal,Telangana,2885.12,110
22-01-2023,Rice,Hyderabad,Telangana,2896.24,91
22-01-2023,Tomato,Adilabad,Telangana,1919.24,63
22-01-2023,Tomato,Hyderabad,Telangana,1897.44,145
22-01-2023,Onion,Adilabad,Telangana,1804.97,31
22-01-2023,Rice,Nizamabad,Telangana,2939.09,147
22-01-2023,Onion,Karimnagar,Telangana,1732.38,74
22-01-2023,Potato,Khammam,Telangana,2185.88,118
22-01-2023,Potato,Warangal,Telangana,2153.28,75
22-01-2023,Onion,Khammam,Telangana,1603.15,99
22-01-2023,Rice,Karimnagar,Telangana,2903.78,119
22-01-2023,Rice,Adilabad,Telangana,2574.87,128
22-01-2023,Onion,Hyderabad,Telangana,1667.34,103
22-01-2023,Onion,Nizamabad,Telangana,1487.15,132
22-01-2023,Potato,Nizamabad,Telangana,1881.36,140
22-01-2023,Rice,Warangal,Telangana,2875.7,140
22-01-2023,Tomato,Khammam,Telangana,1823.46,93
22-01-2023,Potato,Adilabad,Telangana,1932.39,107
22-01-2023,Rice,Khammam,Telangana,2780.83,104
22-01-2023,Tomato,Warangal,Telangana,1848.71,108
22-01-2023,Potato,Hyderabad,Telangana,2196.07,67
22-01-2023,Tomato,Karimnagar,Telangana,1934.98,76
22-01-2023,Onion,Warangal,Telangana,1622.67,128
22-01-2023,Potato,Karimnagar,Telangana,2047.23,124
22-01-2024,Potato,Karimnagar,Telangana,2176.5,124
22-01-2024,Tomato,Hyderabad,Telangana,1896.33,87
22-01-2024,Potato,Hyderabad,Telangana,2118.74,169
22-01-2024,Tomato,Nizamabad,Telangana,1742.79,136
22-01-2024,Potato,Adilabad,Telangana,1984.77,72
22-01-2024,Onion,Nizamabad,Telangana,1643.15,170
22-01-2024,Tomato,Adilabad,Telangana,1777.7,151
22-01-2024,Rice,Warangal,Telangana,2461.45,156
22-01-2024,Potato,Warangal,Telangana,1955.14,176
22-01-2024,Tomato,Khammam,Telangana,2023.32,62
22-01-2024,Onion,Karimnagar,Telangana,1625.29,163
22-01-2024,Onion,Warangal,Telangana,1499.92,160
22-01-2024,Onion,Adilabad,Telangana,1439.39,183
22-01-2024,Rice,Nizamabad,Telangana,2504.44,191
22-01-2024,Onion,Khammam,Telangana,1856.45,52
22-01-2024,Rice,Khammam,Telangana,2750.09,95
22-01-2024,Onion,Hyderabad,Telangana,1577.33,171
22-01-2024,Rice,Hyderabad,Telangana,3101.41,61
22-01-2024,Tomato,Warangal,Telangana,1691.64,128
22-01-2024,Potato,Nizamabad,Telangana,1989.72,134
22-01-2024,Rice,Adilabad,Telangana,2538.98,172
22-01-2024,Rice,Karimnagar,Telangana,2850.52,128
22-01-2024,Tomato,Karimnagar,Telangana,1822.11,129
22-02-2022,Onion,Hyderabad,Telangana,1519.43,116
22-02-2022,Potato,Hyderabad,Telangana,1900.39,192
22-02-2022,Potato,Nizamabad,Telangana,1952.05,142
22-02-2022,Rice,Adilabad,Telangana,2740.29,151
22-02-2022,Rice,Khammam,Telangana,2818.66,110
22-02-2022,Potato,Warangal,Telangana,2077.58,162
22-02-2022,Rice,Karimnagar,Telangana,2890.28,124
22-02-2022,Tomato,Nizamabad,Telangana,2057.07,100
22-02-2022,Tomato,Warangal,Telangana,1979.79,115
22-02-2022,Onion,Warangal,Telangana,1788.73,140
22-02-2022,Onion,Khammam,Telangana,1790.7,158
22-02-2022,Onion,Karimnagar,Telangana,1635.42,141
22-02-2022,Tomato,Adilabad,Telangana,1954.88,80
22-02-2022,Onion,Adilabad,Telangana,1485.08,141
22-02-2022,Tomato,Hyderabad,Telangana,1978.55,113
22-02-2022,Rice,Nizamabad,Telangana,2708.37,143
22-02-2022,Tomato,Khammam,Telangana,1514.7,138
22-02-2022,Rice,Warangal,Telangana,2849.88,78
22-02-2022,Potato,Adilabad,Telangana,2344.17,145
22-02-2022,Potato,Khammam,Telangana,2029.69,97
22-02-2022,Rice,Hyderabad,Telangana,2623.62,146
22-02-2023,Onion,Nizamabad,Telangana,1721.68,121
22-02-2023,Potato,Karimnagar,Telangana,2338.6,164
22-02-2023,Potato,Warangal,Telangana,2246.57,92
22-02-2023,Onion,Warangal,Telangana,1958.13,69
22-02-2023,Potato,Adilabad,Telangana,1980.24,84
22-02-2023,Rice,Hyderabad,Telangana,2952.1,85
22-02-2023,Tomato,Warangal,Telangana,1910.64,187
22-02-2023,Potato,Khammam,Telangana,2086.27,77
22-02-2023,Tomato,Karimnagar,Telangana,2045.56,97
22-02-2023,Potato,Hyderabad,Telangana,2162.27,112
22-02-2023,Tomato,Nizamabad,Telangana,2050.38,111
22-02-2023,Rice,Warangal,Telangana,2965.57,118
22-02-2023,Onion,Adilabad,Telangana,1638.03,184
22-02-2023,Rice,Karimnagar,Telangana,2647.04,192
22-02-2023,Tomato,Khammam,Telangana,2182.3,106
22-02-2023,Rice,Adilabad,Telangana,2834.83,130
22-02-2023,Rice,Nizamabad,Telangana,3053.91,68
22-02-2023,Rice,Khammam,Telangana,2957.63,127
22-02-2023,Tomato,Adilabad,Telangana,1870.61,206
22-02-2023,Onion,Hyderabad,Telangana,1659.62,159
22-02-2023,Onion,Khammam,Telangana,1710.18,118
22-02-2024,Potato,Adilabad,Telangana,1979.79,144
22-02-2024,Rice,Adilabad,Telangana,2947.2,101
22-02-2024,Potato,Nizamabad,Telangana,2008.55,98
22-02-2024,Rice,Hyderabad,Telangana,2844.19,182
22-02-2024,Onion,Warangal,Telangana,1824.45,78
22-02-2024,Tomato,Nizamabad,Telangana,1966.56,127
22-02-2024,Onion,Nizamabad,Telangana,1557.49,156
22-02-2024,Potato,Karimnagar,Telangana,1935.69,128
22-02-2024,Tomato,Adilabad,Telangana,1561.1,211
22-02-2024,Rice,Nizamabad,Telangana,3084.19,122
22-02-2024,Potato,Hyderabad,Telangana,2125.35,163
22-02-2024,Potato,Khammam,Telangana,2105.37,132
22-02-2024,Tomato,Hyderabad,Telangana,1824.3,149
22-02-2024,Tomato,Karimnagar,Telangana,1970.89,151
22-02-2024,Rice,Warangal,Telangana,2965.18,109
22-02-2024,Potato,Warangal,Telangana,2211.73,50
22-02-2024,Onion,Karimnagar,Telangana,1898.3,102
22-02-2024,Tomato,Khammam,Telangana,1867.44,117
22-02-2024,Onion,Khammam,Telangana,1953.95,69
22-02-2024,Rice,Karimnagar,Telangana,2906.89,129
22-02-2024,Rice,Khammam,Telangana,2868.23,143
22-02-2024,Onion,Hyderabad,Telangana,1455.63,149
22-03-2022,Onion,Karimnagar,Telangana,1458.59,172
22-03-2022,Potato,Hyderabad,Telangana,2163.78,127
22-03-2022,Onion,Warangal,Telangana,1827.67,166
22-03-2022,Potato,Warangal,Telangana,2066.09,68
22-03-2022,Onion,Nizamabad,Telangana,1765.25,81
22-03-2022,Potato,Khammam,Telangana,2432.26,98
22-03-2022,Onion,Hyderabad,Telangana,1804.38,20
22-03-2022,Onion,Khammam,Telangana,1549.97,189
22-03-2022,Tomato,Warangal,Telangana,1996.53,117
22-03-2022,Potato,Adilabad,Telangana,2057.95,172
22-03-2022,Tomato,Hyderabad,Telangana,2128.71,81
22-03-2022,Onion,Adilabad,Telangana,1686.19,115
22-03-2022,Tomato,Khammam,Telangana,2097.9,89
22-03-2022,Tomato,Karimnagar,Telangana,1930.93,132
22-03-2022,Rice,Warangal,Telangana,3015.31,88
22-03-2022,Rice,Adilabad,Telangana,3141.2,20
22-03-2022,Rice,Nizamabad,Telangana,3036.7,71
22-03-2022,Rice,Karimnagar,Telangana,2828.61,167
22-03-2022,Potato,Karimnagar,Telangana,2054.54,165
22-03-2022,Tomato,Adilabad,Telangana,1988.02,98
22-03-2022,Rice,Hyderabad,Telangana,2987.49,138
22-03-2022,Tomato,Nizamabad,Telangana,2037.11,78
22-03-2022,Potato,Nizamabad,Telangana,2102.48,107
22-03-2023,Potato,Karimnagar,Telangana,2072.88,146
22-03-2023,Rice,Hyderabad,Telangana,2875.21,65
22-03-2023,Tomato,Warangal,Telangana,2008.97,79
22-03-2023,Rice,Karimnagar,Telangana,3264.06,99
22-03-2023,Onion,Nizamabad,Telangana,1979.54,40
22-03-2023,Tomato,Adilabad,Telangana,1966.16,170
22-03-2023,Onion,Hyderabad,Telangana,2013.76,97
22-03-2023,Onion,Warangal,Telangana,1915.39,86
22-03-2023,Onion,Karimnagar,Telangana,1922.68,90
22-03-2023,Tomato,Nizamabad,Telangana,2152.28,110
22-03-2023,Rice,Adilabad,Telangana,2875.57,115
22-03-2023,Potato,Warangal,Telangana,2258.73,105
22-03-2023,Tomato,Karimnagar,Telangana,1811.35,135
22-03-2023,Tomato,Hyderabad,Telangana,1953.13,152
22-03-2023,Rice,Nizamabad,Telangana,3247.5,96
22-03-2023,Rice,Warangal,Telangana,3120.11,79
22-03-2023,Potato,Hyderabad,Telangana,2072.31,120
22-03-2023,Potato,Khammam,Telangana,1941.11,205
22-03-2023,Onion,Khammam,Telangana,1801.37,118
22-03-2023,Onion,Adilabad,Telangana,1716.09,124
22-03-2023,Potato,Nizamabad,Telangana,2084.59,125
22-03-2023,Rice,Khammam,Telangana,2826.14,188
22-03-2023,Tomato,Khammam,Telangana,2143.8,77
22-03-2024,Tomato,Karimnagar,Telangana,1863.44,111
22-03-2024,Onion,Karimnagar,Telangana,1663.68,152
22-03-2024,Onion,Hyderabad,Telangana,1958.62,71
22-03-2024,Potato,Adilabad,Telangana,2203.2,66
22-03-2024,Onion,Nizamabad,Telangana,1759.64,66
22-03-2024,Tomato,Nizamabad,Telangana,2006.81,97
22-03-2024,Potato,Hyderabad,Telangana,2094.88,115
22-03-2024,Tomato,Warangal,Telangana,1973.08,137
22-03-2024,Tomato,Khammam,Telangana,1859.01,130
22-03-2024,Onion,Adilabad,Telangana,1829.08,151
22-03-2024,Onion,Khammam,Telangana,1807.91,146
22-03-2024,Tomato,Hyderabad,Telangana,1804.72,156
22-03-2024,Potato,Warangal,Telangana,2054.77,151
22-03-2024,Onion,Warangal,Telangana,1751.05,156
22-03-2024,Rice,Adilabad,Telangana,2726.06,172
22-03-2024,Potato,Nizamabad,Telangana,2224.47,163
22-03-2024,Rice,Hyderabad,Telangana,2694.84,104
22-03-2024,Potato,Karimnagar,Telangana,2314.14,84
22-03-2024,Potato,Khammam,Telangana,1909.79,178
22-03-2024,Rice,Karimnagar,Telangana,2793.72,91
22-03-2024,Rice,Warangal,Telangana,3020.29,104
22-04-2022,Rice,Khammam,Telangana,2795.77,140
22-04-2022,Tomato,Warangal,Telangana,1683.49,174
22-04-2022,Potato,Nizamabad,Telangana,2007.23,133
22-04-2022,Tomato,Hyderabad,Telangana,1701.03,147
22-04-2022,Rice,Nizamabad,Telangana,3082.62,107
22-04-2022,Tomato,Khammam,Telangana,2164.05,74
22-04-2022,Potato,Karimnagar,Telangana,1842.09,209
22-04-2022,Rice,Hyderabad,Telangana,2885.31,129
22-04-2022,Potato,Warangal,Telangana,2345.44,53
22-04-2022,Onion,Hyderabad,Telangana,1799.25,150
22-04-2022,Tomato,Karimnagar,Telangana,1974.45,118
22-04-2022,Potato,Hyderabad,Telangana,2194.34,100
22-04-2022,Onion,Adilabad,Telangana,1698.19,125
22-04-2022,Rice,Karimnagar,Telangana,2883.53,149
22-04-2022,Potato,Adilabad,Telangana,2013.32,157
22-04-2022,Rice,Adilabad,Telangana,3140.33,102
22-04-2022,Onion,Nizamabad,Telangana,1979.57,59
22-04-2022,Onion,Warangal,Telangana,1811.63,127
22-04-2022,Potato,Khammam,Telangana,2166.16,39
22-04-2022,Rice,Warangal,Telangana,2779.64,106
22-04-2023,Rice,Khammam,Telangana,2983.27,86
22-04-2023,Potato,Warangal,Telangana,2280.88,61
22-04-2023,Tomato,Nizamabad,Telangana,2146.69,65
22-04-2023,Tomato,Khammam,Telangana,1808.17,99
22-04-2023,Tomato,Hyderabad,Telangana,2223.8,69
22-04-2023,Rice,Nizamabad,Telangana,3236.76,34
22-04-2023,Tomato,Karimnagar,Telangana,1764.61,154
22-04-2023,Rice,Hyderabad,Telangana,2718.86,119
22-04-2023,Potato,Khammam,Telangana,2307.39,81
22-04-2023,Rice,Warangal,Telangana,3289.71,65
22-04-2023,Potato,Hyderabad,Telangana,1993.31,151
22-04-2023,Rice,Adilabad,Telangana,2941.77,135
22-04-2023,Onion,Nizamabad,Telangana,2093.32,64
22-04-2023,Onion,Hyderabad,Telangana,1793.14,82
22-04-2023,Onion,Adilabad,Telangana,1718.13,92
22-04-2023,Onion,Karimnagar,Telangana,1764.21,99
22-04-2023,Rice,Karimnagar,Telangana,2919.03,89
22-04-2023,Potato,Nizamabad,Telangana,2200.78,117
22-04-2023,Potato,Karimnagar,Telangana,2132.33,133
22-04-2023,Tomato,Warangal,Telangana,1968.45,101
22-04-2023,Onion,Khammam,Telangana,1864.95,92
22-04-2023,Potato,Adilabad,Telangana,1975.1,108
22-04-2024,Onion,Hyderabad,Telangana,1817.07,77
22-04-2024,Potato,Hyderabad,Telangana,2079.73,181
22-04-2024,Onion,Karimnagar,Telangana,1967.13,87
22-04-2024,Potato,Karimnagar,Telangana,2033.92,125
22-04-2024,Tomato,Warangal,Telangana,1967.55,79
22-04-2024,Potato,Adilabad,Telangana,2337.53,143
22-04-2024,Potato,Khammam,Telangana,2149.55,165
22-04-2024,Tomato,Hyderabad,Telangana,2185.9,72
22-04-2024,Potato,Nizamabad,Telangana,2112.04,126
22-04-2024,Tomato,Nizamabad,Telangana,1720.83,107
22-04-2024,Tomato,Khammam,Telangana,1860.85,189
22-04-2024,Rice,Adilabad,Telangana,2639.21,132
22-04-2024,Tomato,Karimnagar,Telangana,1869.28,184
22-04-2024,Potato,Warangal,Telangana,2182.85,125
22-04-2024,Onion,Khammam,Telangana,1890.28,60
22-04-2024,Rice,Nizamabad,Telangana,2871.32,142
22-04-2024,Onion,Warangal,Telangana,1537.55,104
22-04-2024,Onion,Adilabad,Telangana,1569.24,146
22-04-2024,Rice,Warangal,Telangana,3033.6,115
22-04-2024,Rice,Hyderabad,Telangana,3119.97,94
22-04-2024,Rice,Khammam,Telangana,2957.83,113
22-04-2024,Rice,Karimnagar,Telangana,2705.17,158
22-05-2022,Onion,Adilabad,Telangana,2034.16,20
22-05-2022,Tomato,Hyderabad,Telangana,1616.49,183
22-05-2022,Onion,Karimnagar,Telangana,1763.49,157
22-05-2022,Potato,Warangal,Telangana,2138.14,60
22-05-2022,Rice,Adilabad,Telangana,2925.31,126
22-05-2022,Potato,Adilabad,Telangana,1978.83,127
22-05-2022,Tomato,Adilabad,Telangana,2043.27,86
22-05-2022,Tomato,Karimnagar,Telangana,1932.19,46
22-05-2022,Onion,Khammam,Telangana,1862.99,95
22-05-2022,Potato,Hyderabad,Telangana,2047.47,154
22-05-2022,Onion,Warangal,Telangana,1795.48,78
22-05-2022,Onion,Hyderabad,Telangana,1597.43,141
22-05-2022,Onion,Nizamabad,Telangana,1720.63,125
22-05-2022,Rice,Nizamabad,Telangana,3031.05,139
22-05-2022,Potato,Nizamabad,Telangana,1942.97,116
22-05-2022,Rice,Hyderabad,Telangana,2988.52,163
22-05-2022,Tomato,Warangal,Telangana,1731.49,62
22-05-2022,Rice,Khammam,Telangana,2710.63,199
22-05-2022,Potato,Karimnagar,Telangana,2077.9,107
22-05-2022,Rice,Warangal,Telangana,2624.22,173
22-05-2022,Tomato,Nizamabad,Telangana,1978.77,79
22-05-2023,Tomato,Khammam,Telangana,1837.64,88
22-05-2023,Onion,Hyderabad,Telangana,1903.17,108
22-05-2023,Onion,Nizamabad,Telangana,1687.39,161
22-05-2023,Potato,Adilabad,Telangana,1916.05,190
22-05-2023,Tomato,Nizamabad,Telangana,2076.81,47
22-05-2023,Rice,Khammam,Telangana,2969.7,80
22-05-2023,Rice,Warangal,Telangana,3047.05,63
22-05-2023,Tomato,Warangal,Telangana,1714.48,189
22-05-2023,Rice,Adilabad,Telangana,2914.69,224
22-05-2023,Rice,Hyderabad,Telangana,2970.26,116
22-05-2023,Rice,Nizamabad,Telangana,2824.2,117
22-05-2023,Tomato,Hyderabad,Telangana,1642.33,203
22-05-2023,Potato,Nizamabad,Telangana,1842.5,114
22-05-2023,Tomato,Adilabad,Telangana,1941.12,67
22-05-2023,Potato,Khammam,Telangana,2077.49,109
22-05-2023,Potato,Karimnagar,Telangana,1949.93,117
22-05-2023,Onion,Adilabad,Telangana,1881.99,20
22-05-2023,Tomato,Karimnagar,Telangana,1715.55,177
22-05-2023,Rice,Karimnagar,Telangana,2748.49,160
22-05-2023,Onion,Karimnagar,Telangana,1750.51,102
22-05-2023,Potato,Hyderabad,Telangana,2137.37,98
22-05-2023,Onion,Warangal,Telangana,1690.6,77
22-05-2023,Onion,Khammam,Telangana,1583.06,106
22-05-2024,Potato,Hyderabad,Telangana,2187.24,96
22-05-2024,Rice,Warangal,Telangana,2935.5,87
22-05-2024,Onion,Karimnagar,Telangana,1549.95,173
22-05-2024,Tomato,Khammam,Telangana,1950.75,80
22-05-2024,Potato,Adilabad,Telangana,1986.28,84
22-05-2024,Tomato,Adilabad,Telangana,1745.65,187
22-05-2024,Onion,Khammam,Telangana,1609.9,115
22-05-2024,Tomato,Hyderabad,Telangana,1993.02,82
22-05-2024,Potato,Nizamabad,Telangana,2146.12,154
22-05-2024,Tomato,Karimnagar,Telangana,2117.39,106
22-05-2024,Rice,Nizamabad,Telangana,2846.59,128
22-05-2024,Rice,Khammam,Telangana,2733.22,131
22-05-2024,Onion,Hyderabad,Telangana,1651.43,93
22-05-2024,Rice,Adilabad,Telangana,3099.54,58
22-05-2024,Potato,Khammam,Telangana,2186.01,113
22-05-2024,Potato,Warangal,Telangana,2177.21,78
22-05-2024,Tomato,Warangal,Telangana,1815.99,175
22-05-2024,Rice,Karimnagar,Telangana,2965.33,86
22-05-2024,Onion,Nizamabad,Telangana,1426.76,182
22-05-2024,Onion,Warangal,Telangana,1756.91,71
22-05-2024,Onion,Adilabad,Telangana,1639.67,147
22-05-2024,Tomato,Nizamabad,Telangana,1921.5,132
22-06-2022,Onion,Karimnagar,Telangana,1572.11,138
22-06-2022,Tomato,Karimnagar,Telangana,1939.57,103
22-06-2022,Onion,Hyderabad,Telangana,1609.75,167
22-06-2022,Rice,Khammam,Telangana,2526.04,171
22-06-2022,Tomato,Khammam,Telangana,1768.41,162
22-06-2022,Tomato,Adilabad,Telangana,1774.54,121
22-06-2022,Onion,Khammam,Telangana,1797.07,48
22-06-2022,Potato,Nizamabad,Telangana,2265.56,95
22-06-2022,Rice,Hyderabad,Telangana,2811.94,80
22-06-2022,Rice,Karimnagar,Telangana,2494.03,171
22-06-2022,Rice,Warangal,Telangana,3011.45,135
22-06-2022,Rice,Nizamabad,Telangana,2793.03,112
22-06-2022,Potato,Khammam,Telangana,2348.98,44
22-06-2022,Tomato,Hyderabad,Telangana,1861.8,101
22-06-2022,Onion,Warangal,Telangana,1791.8,72
22-06-2022,Potato,Hyderabad,Telangana,1847.51,87
22-06-2022,Tomato,Nizamabad,Telangana,1981.96,49
22-06-2022,Tomato,Warangal,Telangana,1992.74,111
22-06-2022,Onion,Adilabad,Telangana,1714.46,147
22-06-2022,Potato,Warangal,Telangana,2083.44,77
22-06-2022,Onion,Nizamabad,Telangana,1892.71,72
22-06-2022,Potato,Adilabad,Telangana,2140.45,65
22-06-2023,Potato,Warangal,Telangana,2185.13,65
22-06-2023,Onion,Adilabad,Telangana,1454.78,189
22-06-2023,Potato,Nizamabad,Telangana,1862.08,145
22-06-2023,Onion,Karimnagar,Telangana,1645.69,84
22-06-2023,Tomato,Warangal,Telangana,1690.79,118
22-06-2023,Rice,Karimnagar,Telangana,2746.85,113
22-06-2023,Rice,Nizamabad,Telangana,2845.33,110
22-06-2023,Rice,Warangal,Telangana,2427.48,194
22-06-2023,Rice,Khammam,Telangana,2877.33,148
22-06-2023,Tomato,Karimnagar,Telangana,1616.44,152
22-06-2023,Tomato,Khammam,Telangana,1931.32,75
22-06-2023,Potato,Karimnagar,Telangana,1925.86,69
22-06-2023,Rice,Adilabad,Telangana,2775.85,156
22-06-2023,Tomato,Adilabad,Telangana,1686.71,156
22-06-2023,Potato,Khammam,Telangana,2184.54,48
22-06-2023,Potato,Hyderabad,Telangana,2123.26,95
22-06-2023,Tomato,Nizamabad,Telangana,2017.87,46
22-06-2023,Rice,Hyderabad,Telangana,2747.55,134
22-06-2023,Onion,Warangal,Telangana,1717.86,111
22-06-2023,Onion,Nizamabad,Telangana,1516.58,114
22-06-2023,Tomato,Hyderabad,Telangana,1658.7,159
22-06-2023,Onion,Hyderabad,Telangana,1442.93,105
22-06-2023,Onion,Khammam,Telangana,1692.96,69
22-06-2023,Potato,Adilabad,Telangana,1986.98,152
22-07-2022,Potato,Adilabad,Telangana,1827.07,120
22-07-2022,Tomato,Adilabad,Telangana,1862.77,144
22-07-2022,Potato,Warangal,Telangana,1863.87,140
22-07-2022,Rice,Khammam,Telangana,2631.04,148
22-07-2022,Tomato,Nizamabad,Telangana,1616.53,167
22-07-2022,Tomato,Khammam,Telangana,1582.37,132
22-07-2022,Potato,Hyderabad,Telangana,1749.06,157
22-07-2022,Onion,Khammam,Telangana,1082.99,147
22-07-2022,Rice,Hyderabad,Telangana,3058.2,59
22-07-2022,Potato,Nizamabad,Telangana,1908.3,107
22-07-2022,Onion,Karimnagar,Telangana,1374.74,140
22-07-2022,Rice,Karimnagar,Telangana,2785.34,115
22-07-2022,Onion,Warangal,Telangana,1399.72,114
22-07-2022,Onion,Nizamabad,Telangana,1282.09,201
22-07-2022,Onion,Adilabad,Telangana,1557.08,146
22-07-2022,Potato,Khammam,Telangana,1845.81,107
22-07-2022,Tomato,Warangal,Telangana,1828.81,81
22-07-2022,Tomato,Karimnagar,Telangana,1875.23,65
22-07-2022,Rice,Adilabad,Telangana,2723.18,85
22-07-2022,Rice,Nizamabad,Telangana,2736.91,70
22-07-2022,Onion,Hyderabad,Telangana,1380.54,174
22-07-2022,Potato,Karimnagar,Telangana,2029.33,100
22-07-2023,Onion,Nizamabad,Telangana,1603.72,70
22-07-2023,Potato,Khammam,Telangana,1973.26,102
22-07-2023,Potato,Adilabad,Telangana,1637.47,166
22-07-2023,Rice,Adilabad,Telangana,2494.33,203
22-07-2023,Onion,Khammam,Telangana,1358.14,80
22-07-2023,Rice,Nizamabad,Telangana,2730.29,60
22-07-2023,Potato,Warangal,Telangana,1773.42,141
22-07-2023,Onion,Hyderabad,Telangana,1557.46,104
22-07-2023,Tomato,Hyderabad,Telangana,1829.81,110
22-07-2023,Potato,Karimnagar,Telangana,1784.12,133
22-07-2023,Onion,Warangal,Telangana,1512.8,160
22-07-2023,Tomato,Karimnagar,Telangana,1787.06,131
22-07-2023,Tomato,Warangal,Telangana,1800.84,155
22-07-2023,Onion,Karimnagar,Telangana,1757.79,105
22-07-2023,Onion,Adilabad,Telangana,1525.13,113
22-07-2023,Rice,Hyderabad,Telangana,2641.45,161
22-07-2023,Rice,Warangal,Telangana,2704.06,97
22-07-2023,Potato,Nizamabad,Telangana,1899.23,88
22-07-2023,Potato,Hyderabad,Telangana,1877.7,112
22-07-2023,Tomato,Adilabad,Telangana,1723.05,77
22-07-2023,Rice,Khammam,Telangana,2659.28,104
22-07-2023,Rice,Karimnagar,Telangana,2735.92,67
22-08-2022,Tomato,Warangal,Telangana,1789.58,48
22-08-2022,Rice,Warangal,Telangana,2518.26,153
22-08-2022,Onion,Karimnagar,Telangana,1511.76,160
22-08-2022,Rice,Nizamabad,Telangana,2769.29,63
22-08-2022,Potato,Karimnagar,Telangana,1825.93,107
22-08-2022,Onion,Adilabad,Telangana,1443.51,48
22-08-2022,Potato,Adilabad,Telangana,1830.92,116
22-08-2022,Tomato,Khammam,Telangana,1633.14,78
22-08-2022,Potato,Hyderabad,Telangana,1580.17,106
22-08-2022,Onion,Nizamabad,Telangana,1407.36,118
22-08-2022,Rice,Karimnagar,Telangana,2430.12,157
22-08-2022,Potato,Khammam,Telangana,1496.05,234
22-08-2022,Onion,Khammam,Telangana,1350.01,123
22-08-2022,Rice,Adilabad,Telangana,2505.0,135
22-08-2022,Onion,Hyderabad,Telangana,1482.3,131
22-08-2022,Tomato,Nizamabad,Telangana,1577.5,93
22-08-2022,Tomato,Hyderabad,Telangana,1650.12,144
22-08-2022,Rice,Hyderabad,Telangana,2672.35,105
22-08-2022,Rice,Khammam,Telangana,2617.28,141
22-08-2022,Potato,Warangal,Telangana,1657.86,135
22-08-2022,Tomato,Adilabad,Telangana,1270.06,177
22-08-2022,Onion,Warangal,Telangana,1280.95,215
22-08-2022,Potato,Nizamabad,Telangana,1595.53,152
22-08-2023,Rice,Hyderabad,Telangana,2596.69,133
22-08-2023,Onion,Karimnagar,Telangana,1085.72,136
22-08-2023,Rice,Warangal,Telangana,2764.62,120
22-08-2023,Rice,Nizamabad,Telangana,2805.99,71
22-08-2023,Onion,Hyderabad,Telangana,1513.78,117
22-08-2023,Rice,Khammam,Telangana,2556.65,129
22-08-2023,Potato,Adilabad,Telangana,1538.77,143
22-08-2023,Potato,Khammam,Telangana,1633.06,177
22-08-2023,Tomato,Hyderabad,Telangana,1675.52,119
22-08-2023,Onion,Khammam,Telangana,1624.87,155
22-08-2023,Onion,Adilabad,Telangana,1430.65,178
22-08-2023,Tomato,Adilabad,Telangana,1710.87,130
22-08-2023,Rice,Karimnagar,Telangana,2600.6,71
22-08-2023,Tomato,Karimnagar,Telangana,1335.3,139
22-08-2023,Tomato,Warangal,Telangana,1438.21,130
22-08-2023,Tomato,Khammam,Telangana,1553.46,157
22-08-2023,Tomato,Nizamabad,Telangana,1576.28,99
22-08-2023,Onion,Nizamabad,Telangana,1317.66,121
22-08-2023,Potato,Hyderabad,Telangana,1580.39,154
22-08-2023,Potato,Karimnagar,Telangana,1893.47,122
22-08-2023,Rice,Adilabad,Telangana,2692.63,111
22-09-2022,Rice,Hyderabad,Telangana,2655.33,55
22-09-2022,Onion,Karimnagar,Telangana,1507.47,53
22-09-2022,Potato,Nizamabad,Telangana,1718.52,166
22-09-2022,Tomato,Adilabad,Telangana,1530.58,127
22-09-2022,Rice,Khammam,Telangana,2694.68,49
22-09-2022,Potato,Karimnagar,Telangana,1640.72,118
22-09-2022,Tomato,Hyderabad,Telangana,1434.29,130
22-09-2022,Potato,Khammam,Telangana,1719.95,119
22-09-2022,Onion,Adilabad,Telangana,1106.85,177
22-09-2022,Tomato,Warangal,Telangana,1610.7,147
22-09-2022,Potato,Adilabad,Telangana,1664.44,196
22-09-2022,Potato,Hyderabad,Telangana,1720.26,111
22-09-2022,Rice,Adilabad,Telangana,2336.25,141
22-09-2022,Onion,Warangal,Telangana,1583.74,66
22-09-2022,Tomato,Nizamabad,Telangana,1517.2,167
22-09-2022,Rice,Nizamabad,Telangana,2611.58,49
22-09-2022,Onion,Nizamabad,Telangana,1226.6,124
22-09-2022,Tomato,Khammam,Telangana,1554.79,134
22-09-2022,Rice,Karimnagar,Telangana,2607.62,158
22-09-2022,Onion,Hyderabad,Telangana,1371.8,88
22-09-2022,Onion,Khammam,Telangana,1342.95,52
22-09-2023,Potato,Hyderabad,Telangana,1736.3,128
22-09-2023,Rice,Hyderabad,Telangana,2425.76,157
22-09-2023,Tomato,Warangal,Telangana,1613.33,71
22-09-2023,Rice,Khammam,Telangana,2717.59,123
22-09-2023,Tomato,Hyderabad,Telangana,1614.12,91
22-09-2023,Onion,Adilabad,Telangana,1228.91,118
22-09-2023,Potato,Warangal,Telangana,1888.3,154
22-09-2023,Rice,Karimnagar,Telangana,2441.82,108
22-09-2023,Tomato,Adilabad,Telangana,1594.87,102
22-09-2023,Onion,Karimnagar,Telangana,1270.51,122
22-09-2023,Rice,Nizamabad,Telangana,2795.38,82
22-09-2023,Tomato,Karimnagar,Telangana,1535.83,125
22-09-2023,Tomato,Nizamabad,Telangana,1608.7,115
22-09-2023,Onion,Khammam,Telangana,1262.18,139
22-09-2023,Onion,Nizamabad,Telangana,1404.37,129
22-09-2023,Potato,Khammam,Telangana,2012.09,97
22-09-2023,Potato,Nizamabad,Telangana,2034.64,30
22-09-2023,Onion,Warangal,Telangana,1360.41,124
22-09-2023,Onion,Hyderabad,Telangana,1398.88,119
22-09-2023,Potato,Karimnagar,Telangana,1625.53,197
22-09-2023,Rice,Warangal,Telangana,2820.3,103
22-09-2023,Potato,Adilabad,Telangana,1545.4,154
22-09-2023,Rice,Adilabad,Telangana,2495.63,129
22-09-2023,Tomato,Khammam,Telangana,1823.55,85
22-10-2022,Onion,Warangal,Telangana,1302.37,154
22-10-2022,Rice,Karimnagar,Telangana,2616.56,67
22-10-2022,Rice,Nizamabad,Telangana,2812.3,91
22-10-2022,Rice,Adilabad,Telangana,2608.98,116
22-10-2022,Onion,Hyderabad,Telangana,1290.39,144
22-10-2022,Tomato,Adilabad,Telangana,1833.85,37
22-10-2022,Rice,Hyderabad,Telangana,2366.38,43
22-10-2022,Tomato,Nizamabad,Telangana,1490.75,137
22-10-2022,Potato,Karimnagar,Telangana,1744.15,156
22-10-2022,Onion,Adilabad,Telangana,1341.46,141
22-10-2022,Potato,Khammam,Telangana,1890.16,165
22-10-2022,Tomato,Khammam,Telangana,1713.36,117
22-10-2022,Onion,Nizamabad,Telangana,1310.21,103
22-10-2022,Potato,Nizamabad,Telangana,1537.35,129
22-10-2022,Tomato,Warangal,Telangana,1626.26,155
22-10-2022,Onion,Khammam,Telangana,1483.91,72
22-10-2022,Rice,Khammam,Telangana,2573.83,140
22-10-2022,Rice,Warangal,Telangana,2537.43,133
22-10-2022,Potato,Warangal,Telangana,1751.96,148
22-10-2022,Potato,Adilabad,Telangana,1914.07,120
22-10-2022,Tomato,Karimnagar,Telangana,1598.45,103
22-10-2022,Potato,Hyderabad,Telangana,1581.7,159
22-10-2023,Potato,Warangal,Telangana,2080.22,113
22-10-2023,Rice,Khammam,Telangana,2771.46,122
22-10-2023,Potato,Karimnagar,Telangana,1532.39,138
22-10-2023,Potato,Nizamabad,Telangana,1918.48,140
22-10-2023,Tomato,Nizamabad,Telangana,1537.21,189
22-10-2023,Potato,Khammam,Telangana,1899.32,52
22-10-2023,Onion,Karimnagar,Telangana,1515.02,94
22-10-2023,Rice,Karimnagar,Telangana,2614.79,110
22-10-2023,Tomato,Khammam,Telangana,1759.49,94
22-10-2023,Tomato,Warangal,Telangana,1688.68,161
22-10-2023,Tomato,Karimnagar,Telangana,1619.16,174
22-10-2023,Potato,Adilabad,Telangana,1748.27,121
22-10-2023,Rice,Hyderabad,Telangana,2483.36,135
22-10-2023,Onion,Adilabad,Telangana,1474.48,79
22-10-2023,Onion,Khammam,Telangana,1403.19,125
22-10-2023,Onion,Warangal,Telangana,1554.33,150
22-10-2023,Onion,Nizamabad,Telangana,1342.37,145
22-10-2023,Tomato,Adilabad,Telangana,1729.28,165
22-10-2023,Rice,Warangal,Telangana,2748.26,116
22-10-2023,Potato,Hyderabad,Telangana,1758.27,113
22-10-2023,Tomato,Hyderabad,Telangana,1599.59,95
22-10-2023,Rice,Nizamabad,Telangana,2635.01,96
22-11-2022,Potato,Karimnagar,Telangana,1811.13,59
22-11-2022,Onion,Nizamabad,Telangana,1323.02,189
22-11-2022,Tomato,Adilabad,Telangana,1626.15,164
22-11-2022,Potato,Adilabad,Telangana,1719.71,146
22-11-2022,Tomato,Khammam,Telangana,1436.0,200
22-11-2022,Onion,Warangal,Telangana,1488.54,98
22-11-2022,Rice,Hyderabad,Telangana,2805.19,73
22-11-2022,Rice,Karimnagar,Telangana,2576.57,171
22-11-2022,Onion,Karimnagar,Telangana,1554.28,115
22-11-2022,Rice,Khammam,Telangana,2943.23,55
22-11-2022,Tomato,Hyderabad,Telangana,1622.1,193
22-11-2022,Potato,Nizamabad,Telangana,1621.53,93
22-11-2022,Rice,Nizamabad,Telangana,2724.02,147
22-11-2022,Potato,Khammam,Telangana,1727.98,148
22-11-2022,Tomato,Nizamabad,Telangana,1645.32,175
22-11-2022,Rice,Warangal,Telangana,2778.67,77
22-11-2022,Potato,Warangal,Telangana,1700.84,178
22-11-2022,Potato,Hyderabad,Telangana,1643.22,128
22-11-2022,Onion,Khammam,Telangana,1118.92,237
22-11-2022,Rice,Adilabad,Telangana,2489.89,119
22-11-2022,Onion,Adilabad,Telangana,1428.48,138
22-11-2022,Onion,Hyderabad,Telangana,1378.25,96
22-11-2022,Tomato,Warangal,Telangana,1607.09,83
22-11-2023,Tomato,Warangal,Telangana,1617.57,159
22-11-2023,Onion,Khammam,Telangana,1356.87,161
22-11-2023,Potato,Nizamabad,Telangana,1980.22,100
22-11-2023,Potato,Khammam,Telangana,1819.33,93
22-11-2023,Rice,Karimnagar,Telangana,2406.57,136
22-11-2023,Onion,Nizamabad,Telangana,1372.3,176
22-11-2023,Onion,Adilabad,Telangana,1375.88,168
22-11-2023,Rice,Warangal,Telangana,2513.82,194
22-11-2023,Tomato,Khammam,Telangana,1546.73,126
22-11-2023,Potato,Karimnagar,Telangana,1866.79,164
22-11-2023,Potato,Warangal,Telangana,1814.19,127
22-11-2023,Rice,Nizamabad,Telangana,2572.33,131
22-11-2023,Onion,Karimnagar,Telangana,1459.11,102
22-11-2023,Onion,Warangal,Telangana,1260.56,172
22-11-2023,Rice,Khammam,Telangana,2555.85,85
22-11-2023,Tomato,Karimnagar,Telangana,1835.36,72
22-11-2023,Tomato,Hyderabad,Telangana,1520.36,147
22-11-2023,Potato,Adilabad,Telangana,1507.28,211
22-11-2023,Tomato,Nizamabad,Telangana,1537.97,168
22-11-2023,Rice,Hyderabad,Telangana,2842.62,114
22-11-2023,Potato,Hyderabad,Telangana,1823.76,104
22-11-2023,Rice,Adilabad,Telangana,2463.93,106
22-11-2023,Tomato,Adilabad,Telangana,1560.9,213
22-12-2022,Onion,Hyderabad,Telangana,1457.03,160
22-12-2022,Tomato,Khammam,Telangana,1767.52,133
22-12-2022,Tomato,Karimnagar,Telangana,1514.26,121
22-12-2022,Onion,Adilabad,Telangana,1426.63,153
22-12-2022,Tomato,Warangal,Telangana,1753.41,139
22-12-2022,Potato,Warangal,Telangana,1874.9,133
22-12-2022,Tomato,Hyderabad,Telangana,1698.14,128
22-12-2022,Rice,Warangal,Telangana,2946.44,103
22-12-2022,Tomato,Nizamabad,Telangana,1491.91,161
22-12-2022,Rice,Adilabad,Telangana,2704.92,107
22-12-2022,Rice,Hyderabad,Telangana,2551.01,142
22-12-2022,Potato,Karimnagar,Telangana,1833.77,123
22-12-2022,Rice,Karimnagar,Telangana,2484.39,169
22-12-2022,Potato,Adilabad,Telangana,1694.65,142
22-12-2022,Rice,Khammam,Telangana,2454.03,118
22-12-2022,Onion,Karimnagar,Telangana,1404.8,192
22-12-2022,Tomato,Adilabad,Telangana,1891.1,78
22-12-2022,Potato,Hyderabad,Telangana,1915.31,156
22-12-2022,Onion,Nizamabad,Telangana,1516.34,74
22-12-2022,Onion,Khammam,Telangana,1578.97,140
22-12-2022,Potato,Nizamabad,Telangana,2116.59,117
22-12-2023,Onion,Adilabad,Telangana,1485.83,99
22-12-2023,Potato,Adilabad,Telangana,1709.99,167
22-12-2023,Onion,Khammam,Telangana,1350.15,198
22-12-2023,Rice,Warangal,Telangana,2480.72,122
22-12-2023,Potato,Nizamabad,Telangana,1855.39,87
22-12-2023,Rice,Adilabad,Telangana,2638.83,118
22-12-2023,Tomato,Adilabad,Telangana,1686.75,107
22-12-2023,Rice,Nizamabad,Telangana,2526.42,138
22-12-2023,Potato,Warangal,Telangana,2033.35,122
22-12-2023,Potato,Karimnagar,Telangana,1876.06,156
22-12-2023,Onion,Warangal,Telangana,1525.31,85
22-12-2023,Tomato,Hyderabad,Telangana,1814.56,146
22-12-2023,Potato,Khammam,Telangana,2029.02,60
22-12-2023,Tomato,Warangal,Telangana,2069.95,120
22-12-2023,Onion,Karimnagar,Telangana,1419.36,122
22-12-2023,Tomato,Karimnagar,Telangana,1484.67,139
22-12-2023,Potato,Hyderabad,Telangana,1995.77,108
22-12-2023,Tomato,Khammam,Telangana,1505.29,184
22-12-2023,Onion,Hyderabad,Telangana,1626.08,76
22-12-2023,Rice,Khammam,Telangana,2578.15,137
22-12-2023,Rice,Karimnagar,Telangana,2920.95,73
23-01-2022,Rice,Adilabad,Telangana,2917.83,107
23-01-2022,Tomato,Hyderabad,Telangana,1867.56,60
23-01-2022,Onion,Khammam,Telangana,1428.48,111
23-01-2022,Rice,Hyderabad,Telangana,2811.99,174
23-01-2022,Rice,Khammam,Telangana,2862.46,183
23-01-2022,Tomato,Khammam,Telangana,1704.46,147
23-01-2022,Tomato,Nizamabad,Telangana,1747.32,150
23-01-2022,Tomato,Adilabad,Telangana,1681.81,107
23-01-2022,Potato,Nizamabad,Telangana,1744.41,111
23-01-2022,Rice,Karimnagar,Telangana,2739.0,208
23-01-2022,Rice,Warangal,Telangana,2836.22,94
23-01-2022,Onion,Karimnagar,Telangana,1554.57,103
23-01-2022,Potato,Adilabad,Telangana,2069.76,187
23-01-2022,Onion,Hyderabad,Telangana,1641.09,104
23-01-2022,Potato,Hyderabad,Telangana,1971.01,173
23-01-2022,Tomato,Karimnagar,Telangana,1766.26,87
23-01-2022,Potato,Karimnagar,Telangana,1914.09,124
23-01-2022,Onion,Adilabad,Telangana,1617.3,93
23-01-2022,Onion,Nizamabad,Telangana,1772.19,102
23-01-2022,Onion,Warangal,Telangana,1803.42,132
23-01-2023,Onion,Adilabad,Telangana,1737.76,76
23-01-2023,Potato,Hyderabad,Telangana,2193.54,79
23-01-2023,Tomato,Nizamabad,Telangana,1776.35,133
23-01-2023,Onion,Hyderabad,Telangana,1721.39,96
23-01-2023,Onion,Warangal,Telangana,1685.46,119
23-01-2023,Rice,Adilabad,Telangana,2738.03,118
23-01-2023,Rice,Warangal,Telangana,2622.03,135
23-01-2023,Potato,Adilabad,Telangana,2094.8,95
23-01-2023,Rice,Hyderabad,Telangana,2899.37,154
23-01-2023,Onion,Nizamabad,Telangana,1798.97,67
23-01-2023,Tomato,Adilabad,Telangana,2050.43,107
23-01-2023,Potato,Warangal,Telangana,2065.44,114
23-01-2023,Potato,Nizamabad,Telangana,1964.78,126
23-01-2023,Tomato,Warangal,Telangana,1492.51,224
23-01-2023,Onion,Khammam,Telangana,1779.86,76
23-01-2023,Tomato,Karimnagar,Telangana,1833.47,159
23-01-2023,Rice,Karimnagar,Telangana,2983.55,92
23-01-2023,Tomato,Hyderabad,Telangana,1597.52,144
23-01-2023,Rice,Khammam,Telangana,2772.85,113
23-01-2023,Rice,Nizamabad,Telangana,2806.29,121
23-01-2023,Potato,Khammam,Telangana,1730.86,188
23-01-2024,Potato,Nizamabad,Telangana,2021.59,152
23-01-2024,Rice,Warangal,Telangana,2591.14,164
23-01-2024,Rice,Karimnagar,Telangana,2819.49,130
23-01-2024,Tomato,Karimnagar,Telangana,1826.14,136
23-01-2024,Tomato,Adilabad,Telangana,1925.6,120
23-01-2024,Potato,Karimnagar,Telangana,1938.56,124
23-01-2024,Rice,Hyderabad,Telangana,2763.37,49
23-01-2024,Rice,Adilabad,Telangana,2676.25,211
23-01-2024,Onion,Hyderabad,Telangana,1620.24,86
23-01-2024,Tomato,Hyderabad,Telangana,1793.56,113
23-01-2024,Onion,Nizamabad,Telangana,1624.39,168
23-01-2024,Rice,Nizamabad,Telangana,2713.2,131
23-01-2024,Tomato,Warangal,Telangana,1873.31,164
23-01-2024,Potato,Adilabad,Telangana,2085.39,102
23-01-2024,Tomato,Khammam,Telangana,1775.58,189
23-01-2024,Rice,Khammam,Telangana,2687.56,124
23-01-2024,Onion,Adilabad,Telangana,1564.89,80
23-01-2024,Potato,Warangal,Telangana,1826.28,126
23-01-2024,Potato,Hyderabad,Telangana,1998.31,83
23-01-2024,Onion,Warangal,Telangana,1967.27,90
23-01-2024,Onion,Karimnagar,Telangana,1649.07,64
23-02-2022,Potato,Khammam,Telangana,2201.38,153
23-02-2022,Onion,Warangal,Telangana,1608.2,95
23-02-2022,Tomato,Hyderabad,Telangana,1789.14,195
23-02-2022,Potato,Hyderabad,Telangana,2076.77,162
23-02-2022,Rice,Warangal,Telangana,2778.67,113
23-02-2022,Tomato,Khammam,Telangana,2010.55,160
23-02-2022,Potato,Warangal,Telangana,2349.06,108
23-02-2022,Tomato,Karimnagar,Telangana,2122.45,99
23-02-2022,Potato,Adilabad,Telangana,2038.8,100
23-02-2022,Rice,Khammam,Telangana,2754.05,109
23-02-2022,Rice,Karimnagar,Telangana,3027.45,111
23-02-2022,Onion,Khammam,Telangana,1671.39,90
23-02-2022,Rice,Hyderabad,Telangana,2732.45,133
23-02-2022,Tomato,Nizamabad,Telangana,1700.38,77
23-02-2022,Onion,Adilabad,Telangana,1848.47,70
23-02-2022,Tomato,Adilabad,Telangana,1911.96,150
23-02-2022,Potato,Nizamabad,Telangana,2037.13,114
23-02-2022,Tomato,Warangal,Telangana,1908.98,57
23-02-2022,Onion,Nizamabad,Telangana,1588.09,93
23-02-2022,Rice,Adilabad,Telangana,3060.62,80
23-02-2022,Potato,Karimnagar,Telangana,2053.79,123
23-02-2022,Onion,Hyderabad,Telangana,1826.58,86
23-02-2022,Rice,Nizamabad,Telangana,2821.63,120
23-02-2023,Onion,Warangal,Telangana,2018.28,20
23-02-2023,Onion,Hyderabad,Telangana,1691.98,118
23-02-2023,Tomato,Adilabad,Telangana,1978.42,160
23-02-2023,Onion,Adilabad,Telangana,1819.39,170
23-02-2023,Tomato,Hyderabad,Telangana,1674.39,182
23-02-2023,Rice,Adilabad,Telangana,3133.05,173
23-02-2023,Tomato,Nizamabad,Telangana,1976.49,94
23-02-2023,Rice,Warangal,Telangana,2786.53,139
23-02-2023,Rice,Nizamabad,Telangana,2753.19,180
23-02-2023,Rice,Hyderabad,Telangana,2981.05,142
23-02-2023,Onion,Nizamabad,Telangana,1628.94,129
23-02-2023,Onion,Khammam,Telangana,2052.62,44
23-02-2023,Potato,Hyderabad,Telangana,2078.25,136
23-02-2023,Tomato,Warangal,Telangana,2017.15,127
23-02-2023,Potato,Khammam,Telangana,2070.5,187
23-02-2023,Potato,Warangal,Telangana,1956.44,128
23-02-2023,Potato,Adilabad,Telangana,2217.98,142
23-02-2023,Tomato,Karimnagar,Telangana,1793.48,166
23-02-2023,Rice,Khammam,Telangana,3043.68,48
23-02-2023,Potato,Karimnagar,Telangana,2115.74,73
23-02-2023,Onion,Karimnagar,Telangana,1557.47,210
23-02-2023,Rice,Karimnagar,Telangana,2987.55,128
23-02-2024,Tomato,Nizamabad,Telangana,1956.89,96
23-02-2024,Potato,Adilabad,Telangana,2111.35,74
23-02-2024,Tomato,Karimnagar,Telangana,1942.12,99
23-02-2024,Potato,Hyderabad,Telangana,1928.87,140
23-02-2024,Onion,Khammam,Telangana,1756.72,95
23-02-2024,Rice,Warangal,Telangana,2738.9,141
23-02-2024,Tomato,Adilabad,Telangana,1894.96,171
23-02-2024,Onion,Adilabad,Telangana,1655.79,135
23-02-2024,Potato,Warangal,Telangana,2033.85,202
23-02-2024,Tomato,Hyderabad,Telangana,1976.1,122
23-02-2024,Tomato,Warangal,Telangana,1983.52,98
23-02-2024,Rice,Adilabad,Telangana,2926.64,142
23-02-2024,Rice,Nizamabad,Telangana,2991.55,113
23-02-2024,Rice,Hyderabad,Telangana,2878.65,163
23-02-2024,Tomato,Khammam,Telangana,1860.68,160
23-02-2024,Potato,Nizamabad,Telangana,1863.12,153
23-02-2024,Potato,Karimnagar,Telangana,2132.83,142
23-02-2024,Onion,Karimnagar,Telangana,1883.06,104
23-02-2024,Rice,Karimnagar,Telangana,2675.98,195
23-02-2024,Onion,Nizamabad,Telangana,1697.76,134
23-03-2022,Tomato,Karimnagar,Telangana,2121.69,87
23-03-2022,Rice,Adilabad,Telangana,2920.06,93
23-03-2022,Potato,Karimnagar,Telangana,2156.29,109
23-03-2022,Onion,Nizamabad,Telangana,1526.33,90
23-03-2022,Rice,Khammam,Telangana,2845.05,97
23-03-2022,Onion,Khammam,Telangana,1649.04,43
23-03-2022,Onion,Adilabad,Telangana,1869.47,20
23-03-2022,Potato,Adilabad,Telangana,2131.24,129
23-03-2022,Tomato,Adilabad,Telangana,2033.05,146
23-03-2022,Onion,Warangal,Telangana,1814.1,96
23-03-2022,Tomato,Warangal,Telangana,1994.32,140
23-03-2022,Tomato,Khammam,Telangana,1806.26,162
23-03-2022,Onion,Karimnagar,Telangana,1608.46,179
23-03-2022,Potato,Khammam,Telangana,2154.36,98
23-03-2022,Rice,Warangal,Telangana,3002.43,177
23-03-2022,Potato,Nizamabad,Telangana,2315.99,77
23-03-2022,Rice,Karimnagar,Telangana,2987.04,130
23-03-2022,Tomato,Hyderabad,Telangana,1766.41,166
23-03-2022,Potato,Warangal,Telangana,2132.64,108
23-03-2022,Rice,Nizamabad,Telangana,2918.74,119
23-03-2022,Onion,Hyderabad,Telangana,1851.89,90
23-03-2022,Tomato,Nizamabad,Telangana,2096.53,95
23-03-2022,Potato,Hyderabad,Telangana,2099.28,62
23-03-2023,Rice,Warangal,Telangana,3192.31,51
23-03-2023,Tomato,Warangal,Telangana,1944.76,118
23-03-2023,Potato,Adilabad,Telangana,2316.87,118
23-03-2023,Onion,Hyderabad,Telangana,1582.6,179
23-03-2023,Rice,Nizamabad,Telangana,3057.73,152
23-03-2023,Onion,Nizamabad,Telangana,1638.39,141
23-03-2023,Tomato,Adilabad,Telangana,1960.92,105
23-03-2023,Rice,Adilabad,Telangana,2709.84,177
23-03-2023,Onion,Warangal,Telangana,1765.28,111
23-03-2023,Onion,Adilabad,Telangana,1777.97,122
23-03-2023,Tomato,Khammam,Telangana,1908.15,115
23-03-2023,Tomato,Nizamabad,Telangana,1969.24,140
23-03-2023,Tomato,Karimnagar,Telangana,1949.86,96
23-03-2023,Rice,Khammam,Telangana,2800.3,132
23-03-2023,Onion,Karimnagar,Telangana,1702.79,101
23-03-2023,Potato,Khammam,Telangana,2356.18,61
23-03-2023,Potato,Warangal,Telangana,2031.21,142
23-03-2023,Tomato,Hyderabad,Telangana,2013.21,162
23-03-2024,Tomato,Adilabad,Telangana,1829.2,167
23-03-2024,Rice,Khammam,Telangana,2776.7,128
23-03-2024,Potato,Adilabad,Telangana,2033.7,180
23-03-2024,Onion,Warangal,Telangana,2053.59,74
23-03-2024,Tomato,Nizamabad,Telangana,1915.41,165
23-03-2024,Potato,Nizamabad,Telangana,2368.06,45
23-03-2024,Potato,Hyderabad,Telangana,2259.54,88
23-03-2024,Potato,Karimnagar,Telangana,2055.16,102
23-03-2024,Rice,Hyderabad,Telangana,3003.86,177
23-03-2024,Potato,Khammam,Telangana,2115.63,66
23-03-2024,Onion,Khammam,Telangana,1781.4,130
23-03-2024,Onion,Hyderabad,Telangana,1710.57,107
23-03-2024,Potato,Warangal,Telangana,2157.38,114
23-03-2024,Onion,Karimnagar,Telangana,1706.48,87
23-03-2024,Rice,Adilabad,Telangana,2728.64,94
23-03-2024,Onion,Adilabad,Telangana,1771.55,118
23-03-2024,Rice,Nizamabad,Telangana,3075.77,74
23-03-2024,Tomato,Khammam,Telangana,1723.53,155
23-03-2024,Rice,Karimnagar,Telangana,2987.68,78
23-03-2024,Tomato,Warangal,Telangana,2229.14,48
23-03-2024,Tomato,Hyderabad,Telangana,1939.08,194
23-03-2024,Onion,Nizamabad,Telangana,1754.04,163
23-04-2022,Tomato,Nizamabad,Telangana,1799.67,188
23-04-2022,Rice,Adilabad,Telangana,3083.97,82
23-04-2022,Potato,Karimnagar,Telangana,2112.05,51
23-04-2022,Tomato,Hyderabad,Telangana,2116.05,101
23-04-2022,Onion,Adilabad,Telangana,1988.4,82
23-04-2022,Onion,Hyderabad,Telangana,1931.15,124
23-04-2022,Potato,Warangal,Telangana,2347.05,39
23-04-2022,Onion,Warangal,Telangana,1849.17,98
23-04-2022,Tomato,Khammam,Telangana,2156.15,48
23-04-2022,Onion,Khammam,Telangana,1584.49,136
23-04-2022,Potato,Adilabad,Telangana,2199.84,87
23-04-2022,Rice,Warangal,Telangana,2816.35,111
23-04-2022,Tomato,Karimnagar,Telangana,2141.98,93
23-04-2022,Potato,Hyderabad,Telangana,2214.71,171
23-04-2022,Tomato,Warangal,Telangana,2169.44,20
23-04-2022,Onion,Nizamabad,Telangana,1864.84,123
23-04-2022,Potato,Nizamabad,Telangana,2245.24,80
23-04-2022,Rice,Karimnagar,Telangana,3058.87,91
23-04-2022,Rice,Nizamabad,Telangana,2775.6,83
23-04-2022,Rice,Khammam,Telangana,3108.01,72
23-04-2023,Onion,Khammam,Telangana,1703.97,116
23-04-2023,Rice,Adilabad,Telangana,2855.02,168
23-04-2023,Tomato,Nizamabad,Telangana,2087.14,36
23-04-2023,Tomato,Adilabad,Telangana,2011.02,130
23-04-2023,Rice,Warangal,Telangana,2933.91,77
23-04-2023,Potato,Nizamabad,Telangana,2133.37,119
23-04-2023,Tomato,Warangal,Telangana,1899.18,117
23-04-2023,Potato,Warangal,Telangana,2361.38,151
23-04-2023,Potato,Khammam,Telangana,2158.91,130
23-04-2023,Onion,Warangal,Telangana,1819.25,59
23-04-2023,Onion,Adilabad,Telangana,2015.31,20
23-04-2023,Rice,Nizamabad,Telangana,2901.16,149
23-04-2023,Rice,Karimnagar,Telangana,3000.98,148
23-04-2023,Onion,Karimnagar,Telangana,1642.46,148
23-04-2023,Potato,Karimnagar,Telangana,2334.23,175
23-04-2023,Tomato,Hyderabad,Telangana,2089.45,116
23-04-2023,Potato,Adilabad,Telangana,2317.14,41
23-04-2023,Tomato,Khammam,Telangana,1827.06,157
23-04-2023,Tomato,Karimnagar,Telangana,1919.32,116
23-04-2023,Rice,Khammam,Telangana,2865.79,124
23-04-2023,Rice,Hyderabad,Telangana,2832.26,179
23-04-2023,Onion,Hyderabad,Telangana,1943.63,96
23-04-2023,Potato,Hyderabad,Telangana,2194.02,101
23-04-2024,Potato,Hyderabad,Telangana,2307.29,46
23-04-2024,Tomato,Warangal,Telangana,1903.94,181
23-04-2024,Onion,Karimnagar,Telangana,1767.07,124
23-04-2024,Rice,Warangal,Telangana,2904.62,150
23-04-2024,Rice,Karimnagar,Telangana,2923.95,147
23-04-2024,Rice,Khammam,Telangana,3062.76,160
23-04-2024,Tomato,Khammam,Telangana,1904.74,133
23-04-2024,Onion,Adilabad,Telangana,1758.0,104
23-04-2024,Tomato,Nizamabad,Telangana,1709.81,125
23-04-2024,Potato,Adilabad,Telangana,2241.97,64
23-04-2024,Potato,Khammam,Telangana,2136.97,153
23-04-2024,Potato,Karimnagar,Telangana,2170.83,100
23-04-2024,Onion,Warangal,Telangana,1731.57,143
23-04-2024,Potato,Warangal,Telangana,2420.23,108
23-04-2024,Potato,Nizamabad,Telangana,2317.53,104
23-04-2024,Rice,Nizamabad,Telangana,2904.72,183
23-04-2024,Rice,Adilabad,Telangana,2884.66,119
23-04-2024,Tomato,Adilabad,Telangana,2046.99,54
23-04-2024,Tomato,Hyderabad,Telangana,2008.28,101
23-04-2024,Onion,Nizamabad,Telangana,1821.92,122
23-04-2024,Onion,Khammam,Telangana,1716.96,114
23-04-2024,Onion,Hyderabad,Telangana,1886.56,131
23-04-2024,Tomato,Karimnagar,Telangana,2207.75,71
23-05-2022,Rice,Warangal,Telangana,2646.72,145
23-05-2022,Tomato,Khammam,Telangana,1841.12,106
23-05-2022,Rice,Hyderabad,Telangana,2845.14,126
23-05-2022,Onion,Hyderabad,Telangana,1580.44,172
23-05-2022,Onion,Adilabad,Telangana,1472.92,191
23-05-2022,Rice,Khammam,Telangana,2985.21,108
23-05-2022,Potato,Adilabad,Telangana,2031.48,207
23-05-2022,Tomato,Nizamabad,Telangana,1755.13,97
23-05-2022,Potato,Hyderabad,Telangana,2081.88,156
23-05-2022,Tomato,Hyderabad,Telangana,1484.16,205
23-05-2022,Potato,Warangal,Telangana,2397.25,94
23-05-2022,Rice,Adilabad,Telangana,2823.54,128
23-05-2022,Onion,Khammam,Telangana,1508.68,190
23-05-2022,Potato,Karimnagar,Telangana,2194.48,135
23-05-2022,Tomato,Karimnagar,Telangana,1958.77,117
23-05-2022,Onion,Warangal,Telangana,1651.68,125
23-05-2022,Tomato,Warangal,Telangana,1787.93,97
23-05-2022,Rice,Karimnagar,Telangana,2943.9,122
23-05-2022,Rice,Nizamabad,Telangana,2867.69,154
23-05-2022,Onion,Nizamabad,Telangana,1616.38,89
23-05-2022,Potato,Nizamabad,Telangana,1971.92,129
23-05-2022,Onion,Karimnagar,Telangana,1819.93,90
23-05-2022,Potato,Khammam,Telangana,2031.79,120
23-05-2023,Rice,Hyderabad,Telangana,2934.76,152
23-05-2023,Tomato,Nizamabad,Telangana,1778.79,134
23-05-2023,Rice,Karimnagar,Telangana,2596.55,188
23-05-2023,Potato,Warangal,Telangana,1852.78,112
23-05-2023,Onion,Adilabad,Telangana,1623.07,159
23-05-2023,Onion,Warangal,Telangana,1506.75,219
23-05-2023,Tomato,Khammam,Telangana,1959.2,99
23-05-2023,Onion,Nizamabad,Telangana,1633.51,219
23-05-2023,Tomato,Hyderabad,Telangana,1774.16,189
23-05-2023,Rice,Warangal,Telangana,2893.34,125
23-05-2023,Potato,Adilabad,Telangana,1894.01,105
23-05-2023,Tomato,Warangal,Telangana,1840.11,193
23-05-2023,Potato,Khammam,Telangana,2138.75,110
23-05-2023,Rice,Nizamabad,Telangana,2778.72,225
23-05-2023,Onion,Karimnagar,Telangana,1900.39,87
23-05-2023,Potato,Nizamabad,Telangana,2230.7,120
23-05-2023,Onion,Khammam,Telangana,1867.54,60
23-05-2023,Onion,Hyderabad,Telangana,1722.89,145
23-05-2023,Rice,Adilabad,Telangana,2865.64,120
23-05-2023,Potato,Hyderabad,Telangana,2375.93,27
23-05-2023,Potato,Karimnagar,Telangana,2191.68,184
23-05-2023,Rice,Khammam,Telangana,2871.9,146
23-05-2023,Tomato,Adilabad,Telangana,1829.4,152
23-05-2023,Tomato,Karimnagar,Telangana,1847.25,122
23-05-2024,Potato,Karimnagar,Telangana,2126.35,115
23-05-2024,Rice,Nizamabad,Telangana,3021.68,113
23-05-2024,Tomato,Warangal,Telangana,2007.74,147
23-05-2024,Onion,Hyderabad,Telangana,1725.88,110
23-05-2024,Rice,Hyderabad,Telangana,2728.88,143
23-05-2024,Tomato,Nizamabad,Telangana,1521.53,143
23-05-2024,Rice,Warangal,Telangana,2640.31,169
23-05-2024,Onion,Adilabad,Telangana,1661.65,178
23-05-2024,Onion,Warangal,Telangana,1522.69,92
23-05-2024,Tomato,Khammam,Telangana,1923.93,112
23-05-2024,Onion,Khammam,Telangana,1868.01,84
23-05-2024,Tomato,Hyderabad,Telangana,1867.88,159
23-05-2024,Rice,Adilabad,Telangana,2917.24,58
23-05-2024,Rice,Karimnagar,Telangana,3060.27,117
23-05-2024,Potato,Warangal,Telangana,1873.69,158
23-05-2024,Potato,Hyderabad,Telangana,2072.78,87
23-05-2024,Tomato,Karimnagar,Telangana,1643.6,109
23-05-2024,Potato,Khammam,Telangana,1948.25,175
23-05-2024,Onion,Nizamabad,Telangana,1616.04,129
23-05-2024,Potato,Adilabad,Telangana,1901.27,169
23-06-2022,Tomato,Khammam,Telangana,1674.87,120
23-06-2022,Rice,Warangal,Telangana,2625.65,107
23-06-2022,Rice,Khammam,Telangana,2719.1,145
23-06-2022,Tomato,Hyderabad,Telangana,1739.67,62
23-06-2022,Potato,Nizamabad,Telangana,2143.08,107
23-06-2022,Tomato,Karimnagar,Telangana,1801.94,141
23-06-2022,Potato,Hyderabad,Telangana,1927.47,151
23-06-2022,Rice,Karimnagar,Telangana,2816.16,192
23-06-2022,Potato,Adilabad,Telangana,1976.87,81
23-06-2022,Onion,Karimnagar,Telangana,1248.31,147
23-06-2022,Potato,Karimnagar,Telangana,1872.02,183
23-06-2022,Rice,Hyderabad,Telangana,2809.7,181
23-06-2022,Potato,Khammam,Telangana,2053.52,119
23-06-2022,Onion,Nizamabad,Telangana,1529.41,95
23-06-2022,Onion,Khammam,Telangana,1909.55,67
23-06-2022,Tomato,Warangal,Telangana,1823.14,55
23-06-2022,Onion,Warangal,Telangana,1411.66,152
23-06-2022,Tomato,Nizamabad,Telangana,1848.84,104
23-06-2022,Rice,Adilabad,Telangana,2848.2,64
23-06-2022,Onion,Adilabad,Telangana,1547.45,73
23-06-2022,Onion,Hyderabad,Telangana,1689.66,92
23-06-2022,Rice,Nizamabad,Telangana,2833.54,128
23-06-2023,Potato,Khammam,Telangana,2088.17,173
23-06-2023,Potato,Karimnagar,Telangana,1888.39,164
23-06-2023,Tomato,Hyderabad,Telangana,1867.19,57
23-06-2023,Rice,Hyderabad,Telangana,2854.41,142
23-06-2023,Onion,Khammam,Telangana,1629.67,169
23-06-2023,Onion,Warangal,Telangana,1632.8,105
23-06-2023,Tomato,Khammam,Telangana,1690.34,218
23-06-2023,Potato,Nizamabad,Telangana,1940.76,51
23-06-2023,Tomato,Warangal,Telangana,1788.43,82
23-06-2023,Onion,Karimnagar,Telangana,1698.64,120
23-06-2023,Onion,Adilabad,Telangana,1566.58,109
23-06-2023,Onion,Nizamabad,Telangana,1382.97,146
23-06-2023,Rice,Adilabad,Telangana,2884.89,96
23-06-2023,Onion,Hyderabad,Telangana,1571.92,112
23-06-2023,Tomato,Nizamabad,Telangana,1601.3,161
23-06-2023,Tomato,Adilabad,Telangana,1717.16,93
23-06-2023,Rice,Nizamabad,Telangana,2514.2,156
23-06-2023,Potato,Adilabad,Telangana,1863.09,110
23-06-2023,Rice,Warangal,Telangana,2711.2,155
23-06-2023,Rice,Khammam,Telangana,2688.57,118
23-06-2023,Rice,Karimnagar,Telangana,2643.47,146
23-06-2023,Potato,Warangal,Telangana,1724.16,165
23-06-2023,Tomato,Karimnagar,Telangana,1871.26,147
23-07-2022,Potato,Karimnagar,Telangana,2010.09,166
23-07-2022,Tomato,Hyderabad,Telangana,1759.79,77
23-07-2022,Potato,Adilabad,Telangana,1754.61,184
23-07-2022,Rice,Khammam,Telangana,2961.75,47
23-07-2022,Onion,Khammam,Telangana,1402.61,172
23-07-2022,Rice,Warangal,Telangana,2739.17,110
23-07-2022,Tomato,Karimnagar,Telangana,1815.29,20
23-07-2022,Tomato,Nizamabad,Telangana,1833.56,27
23-07-2022,Potato,Khammam,Telangana,1842.34,92
23-07-2022,Onion,Hyderabad,Telangana,1384.13,138
23-07-2022,Rice,Hyderabad,Telangana,2743.28,132
23-07-2022,Rice,Karimnagar,Telangana,2676.13,105
23-07-2022,Rice,Adilabad,Telangana,2622.78,179
23-07-2022,Onion,Nizamabad,Telangana,1644.89,78
23-07-2022,Onion,Adilabad,Telangana,1320.95,121
23-07-2022,Onion,Karimnagar,Telangana,1411.63,122
23-07-2022,Tomato,Adilabad,Telangana,1735.69,72
23-07-2022,Potato,Warangal,Telangana,2045.97,98
23-07-2022,Tomato,Khammam,Telangana,1686.38,84
23-07-2022,Onion,Warangal,Telangana,1514.89,87
23-07-2022,Rice,Nizamabad,Telangana,2723.18,127
23-07-2022,Tomato,Warangal,Telangana,1615.55,179
23-07-2023,Potato,Adilabad,Telangana,1941.01,144
23-07-2023,Tomato,Adilabad,Telangana,1566.9,72
23-07-2023,Tomato,Warangal,Telangana,1713.33,95
23-07-2023,Rice,Warangal,Telangana,2675.86,98
23-07-2023,Rice,Karimnagar,Telangana,2524.03,113
23-07-2023,Tomato,Hyderabad,Telangana,1449.56,167
23-07-2023,Rice,Nizamabad,Telangana,2659.53,129
23-07-2023,Tomato,Khammam,Telangana,1606.53,81
23-07-2023,Onion,Nizamabad,Telangana,1170.95,172
23-07-2023,Onion,Adilabad,Telangana,1684.36,107
23-07-2023,Potato,Khammam,Telangana,1895.29,133
23-07-2023,Potato,Nizamabad,Telangana,1898.31,99
23-07-2023,Potato,Warangal,Telangana,1935.53,116
23-07-2023,Potato,Hyderabad,Telangana,2098.3,94
23-07-2023,Onion,Hyderabad,Telangana,1360.25,151
23-07-2023,Tomato,Nizamabad,Telangana,1852.39,81
23-07-2023,Onion,Khammam,Telangana,1582.24,100
23-07-2023,Rice,Khammam,Telangana,2728.54,77
23-07-2023,Onion,Warangal,Telangana,1570.92,147
23-07-2023,Rice,Adilabad,Telangana,2728.88,110
23-07-2023,Rice,Hyderabad,Telangana,2631.9,138
23-07-2023,Onion,Karimnagar,Telangana,1218.38,164
23-08-2022,Tomato,Hyderabad,Telangana,1579.93,98
23-08-2022,Potato,Warangal,Telangana,1877.69,82
23-08-2022,Onion,Hyderabad,Telangana,1467.4,163
23-08-2022,Tomato,Khammam,Telangana,1602.07,119
23-08-2022,Onion,Warangal,Telangana,1419.17,80
23-08-2022,Onion,Khammam,Telangana,1367.69,148
23-08-2022,Rice,Karimnagar,Telangana,2684.88,97
23-08-2022,Onion,Adilabad,Telangana,1430.28,92
23-08-2022,Potato,Hyderabad,Telangana,1744.0,143
23-08-2022,Rice,Adilabad,Telangana,2628.04,34
23-08-2022,Onion,Karimnagar,Telangana,1401.16,154
23-08-2022,Tomato,Karimnagar,Telangana,1827.5,72
23-08-2022,Potato,Karimnagar,Telangana,2073.02,72
23-08-2022,Tomato,Adilabad,Telangana,1649.71,92
23-08-2022,Tomato,Warangal,Telangana,1637.24,99
23-08-2022,Rice,Nizamabad,Telangana,2632.42,79
23-08-2022,Onion,Nizamabad,Telangana,1376.34,123
23-08-2022,Potato,Khammam,Telangana,1742.8,130
23-08-2022,Rice,Hyderabad,Telangana,2548.82,105
23-08-2022,Rice,Khammam,Telangana,2782.81,120
23-08-2022,Potato,Nizamabad,Telangana,1752.61,108
23-08-2022,Tomato,Nizamabad,Telangana,1612.64,93
23-08-2023,Onion,Warangal,Telangana,974.35,179
23-08-2023,Onion,Hyderabad,Telangana,1301.47,115
23-08-2023,Rice,Karimnagar,Telangana,2665.61,52
23-08-2023,Tomato,Adilabad,Telangana,1539.86,171
23-08-2023,Rice,Adilabad,Telangana,2611.61,132
23-08-2023,Potato,Karimnagar,Telangana,1768.85,130
23-08-2023,Rice,Hyderabad,Telangana,2703.57,99
23-08-2023,Potato,Khammam,Telangana,1929.56,44
23-08-2023,Rice,Nizamabad,Telangana,2572.78,123
23-08-2023,Tomato,Karimnagar,Telangana,1859.72,37
23-08-2023,Tomato,Nizamabad,Telangana,1955.94,49
23-08-2023,Potato,Hyderabad,Telangana,1636.95,145
23-08-2023,Rice,Warangal,Telangana,2373.09,150
23-08-2023,Potato,Adilabad,Telangana,2148.75,72
23-08-2023,Tomato,Warangal,Telangana,1560.39,133
23-08-2023,Onion,Adilabad,Telangana,1120.63,128
23-08-2023,Potato,Warangal,Telangana,1602.89,147
23-08-2023,Onion,Karimnagar,Telangana,1139.88,162
23-08-2023,Rice,Khammam,Telangana,2319.86,211
23-08-2023,Onion,Nizamabad,Telangana,1546.52,78
23-08-2023,Potato,Nizamabad,Telangana,1858.19,90
23-08-2023,Tomato,Hyderabad,Telangana,1752.72,128
23-08-2023,Onion,Khammam,Telangana,1453.91,139
23-08-2023,Tomato,Khammam,Telangana,1546.5,147
23-09-2022,Potato,Adilabad,Telangana,1624.65,207
23-09-2022,Tomato,Khammam,Telangana,1469.48,181
23-09-2022,Potato,Nizamabad,Telangana,1593.85,154
23-09-2022,Onion,Hyderabad,Telangana,1377.32,133
23-09-2022,Onion,Karimnagar,Telangana,1008.06,217
23-09-2022,Tomato,Nizamabad,Telangana,1544.74,81
23-09-2022,Rice,Khammam,Telangana,2677.34,72
23-09-2022,Potato,Khammam,Telangana,1624.86,141
23-09-2022,Onion,Nizamabad,Telangana,1364.4,106
23-09-2022,Rice,Karimnagar,Telangana,2413.41,154
23-09-2022,Onion,Khammam,Telangana,1277.69,150
23-09-2022,Potato,Karimnagar,Telangana,1893.93,131
23-09-2022,Rice,Nizamabad,Telangana,2495.79,87
23-09-2022,Potato,Hyderabad,Telangana,1560.51,145
23-09-2022,Tomato,Adilabad,Telangana,1646.14,152
23-09-2022,Onion,Adilabad,Telangana,1307.69,69
23-09-2022,Rice,Warangal,Telangana,2531.06,122
23-09-2022,Potato,Warangal,Telangana,1756.47,132
23-09-2022,Tomato,Hyderabad,Telangana,1312.88,145
23-09-2022,Rice,Hyderabad,Telangana,2578.16,140
23-09-2022,Rice,Adilabad,Telangana,2506.71,94
23-09-2022,Tomato,Karimnagar,Telangana,1582.54,110
23-09-2023,Tomato,Karimnagar,Telangana,1503.13,100
23-09-2023,Tomato,Hyderabad,Telangana,1527.39,142
23-09-2023,Tomato,Adilabad,Telangana,1667.66,121
23-09-2023,Tomato,Warangal,Telangana,1498.32,132
23-09-2023,Potato,Adilabad,Telangana,1558.25,143
23-09-2023,Rice,Karimnagar,Telangana,2607.01,88
23-09-2023,Onion,Hyderabad,Telangana,1251.04,96
23-09-2023,Potato,Nizamabad,Telangana,1639.86,63
23-09-2023,Potato,Khammam,Telangana,1846.83,132
23-09-2023,Rice,Adilabad,Telangana,2352.59,187
23-09-2023,Rice,Warangal,Telangana,2767.9,123
23-09-2023,Onion,Warangal,Telangana,1445.24,171
23-09-2023,Potato,Karimnagar,Telangana,1883.17,65
23-09-2023,Rice,Nizamabad,Telangana,2653.54,83
23-09-2023,Onion,Khammam,Telangana,1430.83,74
23-09-2023,Onion,Adilabad,Telangana,1107.35,193
23-09-2023,Onion,Karimnagar,Telangana,1215.23,154
23-09-2023,Rice,Khammam,Telangana,2494.58,139
23-09-2023,Potato,Warangal,Telangana,1778.96,104
23-09-2023,Onion,Nizamabad,Telangana,1350.83,91
23-09-2023,Rice,Hyderabad,Telangana,2553.91,168
23-09-2023,Potato,Hyderabad,Telangana,1659.31,137
23-09-2023,Tomato,Khammam,Telangana,1364.82,89
23-10-2022,Potato,Nizamabad,Telangana,1880.03,89
23-10-2022,Onion,Warangal,Telangana,1351.04,85
23-10-2022,Rice,Hyderabad,Telangana,2536.21,155
23-10-2022,Rice,Karimnagar,Telangana,2681.17,111
23-10-2022,Potato,Adilabad,Telangana,1804.11,50
23-10-2022,Tomato,Khammam,Telangana,1470.02,124
23-10-2022,Rice,Warangal,Telangana,2610.75,141
23-10-2022,Rice,Nizamabad,Telangana,2519.23,58
23-10-2022,Rice,Adilabad,Telangana,2709.12,150
23-10-2022,Potato,Warangal,Telangana,1688.15,194
23-10-2022,Onion,Karimnagar,Telangana,1374.84,174
23-10-2022,Tomato,Hyderabad,Telangana,1511.91,122
23-10-2022,Potato,Karimnagar,Telangana,1579.37,143
23-10-2022,Tomato,Nizamabad,Telangana,1568.0,141
23-10-2022,Potato,Khammam,Telangana,1784.5,123
23-10-2022,Tomato,Adilabad,Telangana,1465.82,155
23-10-2022,Tomato,Warangal,Telangana,1609.69,46
23-10-2022,Potato,Hyderabad,Telangana,1858.06,75
23-10-2022,Tomato,Karimnagar,Telangana,1574.86,135
23-10-2022,Rice,Khammam,Telangana,2633.84,127
23-10-2022,Onion,Hyderabad,Telangana,1534.68,64
23-10-2022,Onion,Khammam,Telangana,967.92,208
23-10-2022,Onion,Adilabad,Telangana,1192.5,116
23-10-2022,Onion,Nizamabad,Telangana,1337.57,132
23-10-2023,Onion,Karimnagar,Telangana,1376.93,154
23-10-2023,Onion,Hyderabad,Telangana,1289.7,157
23-10-2023,Potato,Karimnagar,Telangana,1824.16,106
23-10-2023,Rice,Karimnagar,Telangana,2476.2,119
23-10-2023,Potato,Adilabad,Telangana,1725.39,142
23-10-2023,Rice,Adilabad,Telangana,2587.96,118
23-10-2023,Potato,Nizamabad,Telangana,1800.85,93
23-10-2023,Potato,Hyderabad,Telangana,1786.73,72
23-10-2023,Onion,Khammam,Telangana,1266.44,166
23-10-2023,Tomato,Hyderabad,Telangana,1632.8,122
23-10-2023,Onion,Adilabad,Telangana,1132.87,164
23-10-2023,Onion,Nizamabad,Telangana,1451.69,124
23-10-2023,Potato,Khammam,Telangana,1650.48,162
23-10-2023,Tomato,Adilabad,Telangana,1625.12,130
23-10-2023,Tomato,Nizamabad,Telangana,1659.6,142
23-10-2023,Potato,Warangal,Telangana,1878.91,56
23-10-2023,Tomato,Khammam,Telangana,1617.47,110
23-10-2023,Tomato,Karimnagar,Telangana,1477.86,186
23-10-2023,Rice,Hyderabad,Telangana,2820.56,25
23-10-2023,Rice,Warangal,Telangana,2613.43,63
23-10-2023,Tomato,Warangal,Telangana,1539.77,100
23-10-2023,Rice,Khammam,Telangana,2381.03,181
23-10-2023,Rice,Nizamabad,Telangana,2880.05,26
23-11-2022,Onion,Nizamabad,Telangana,1322.78,122
23-11-2022,Onion,Khammam,Telangana,1574.88,92
23-11-2022,Tomato,Hyderabad,Telangana,1524.81,109
23-11-2022,Tomato,Nizamabad,Telangana,1768.12,105
23-11-2022,Rice,Khammam,Telangana,2638.3,87
23-11-2022,Rice,Hyderabad,Telangana,2581.16,133
23-11-2022,Potato,Adilabad,Telangana,2016.33,65
23-11-2022,Rice,Warangal,Telangana,2678.74,142
23-11-2022,Tomato,Karimnagar,Telangana,1488.6,128
23-11-2022,Potato,Hyderabad,Telangana,1942.47,39
23-11-2022,Rice,Karimnagar,Telangana,2512.77,108
23-11-2022,Potato,Warangal,Telangana,1896.75,120
23-11-2022,Tomato,Khammam,Telangana,1672.55,134
23-11-2022,Onion,Adilabad,Telangana,1362.13,117
23-11-2022,Onion,Warangal,Telangana,1458.93,83
23-11-2022,Tomato,Adilabad,Telangana,1803.8,127
23-11-2022,Potato,Karimnagar,Telangana,1954.83,99
23-11-2022,Potato,Nizamabad,Telangana,1705.05,144
23-11-2022,Rice,Adilabad,Telangana,2733.86,131
23-11-2022,Tomato,Warangal,Telangana,1555.7,117
23-11-2022,Rice,Nizamabad,Telangana,2722.04,117
23-11-2022,Potato,Khammam,Telangana,1835.99,151
23-11-2023,Onion,Hyderabad,Telangana,1278.27,115
23-11-2023,Onion,Nizamabad,Telangana,1451.37,125
23-11-2023,Tomato,Khammam,Telangana,1841.16,55
23-11-2023,Rice,Karimnagar,Telangana,2619.73,105
23-11-2023,Onion,Karimnagar,Telangana,1371.58,103
23-11-2023,Rice,Adilabad,Telangana,2843.68,178
23-11-2023,Potato,Hyderabad,Telangana,2010.34,85
23-11-2023,Tomato,Adilabad,Telangana,1721.59,83
23-11-2023,Onion,Khammam,Telangana,1559.72,115
23-11-2023,Onion,Warangal,Telangana,1395.14,136
23-11-2023,Potato,Khammam,Telangana,1857.5,152
23-11-2023,Potato,Adilabad,Telangana,1888.33,87
23-11-2023,Rice,Hyderabad,Telangana,2468.94,121
23-11-2023,Tomato,Hyderabad,Telangana,1390.9,206
23-11-2023,Rice,Warangal,Telangana,2812.8,125
23-11-2023,Potato,Karimnagar,Telangana,1599.55,162
23-11-2023,Rice,Nizamabad,Telangana,2284.48,205
23-11-2023,Potato,Warangal,Telangana,1843.0,120
23-11-2023,Onion,Adilabad,Telangana,1361.11,124
23-12-2022,Tomato,Hyderabad,Telangana,1821.03,98
23-12-2022,Potato,Khammam,Telangana,1950.38,97
23-12-2022,Tomato,Nizamabad,Telangana,1586.38,139
23-12-2022,Onion,Karimnagar,Telangana,1490.3,107
23-12-2022,Rice,Warangal,Telangana,2943.84,57
23-12-2022,Tomato,Khammam,Telangana,1812.2,111
23-12-2022,Tomato,Karimnagar,Telangana,1737.15,139
23-12-2022,Tomato,Adilabad,Telangana,1793.42,68
23-12-2022,Onion,Khammam,Telangana,1813.64,97
23-12-2022,Potato,Warangal,Telangana,1910.99,128
23-12-2022,Rice,Karimnagar,Telangana,2700.95,114
23-12-2022,Tomato,Warangal,Telangana,1656.54,141
23-12-2022,Rice,Khammam,Telangana,2760.25,109
23-12-2022,Onion,Nizamabad,Telangana,1613.23,64
23-12-2022,Potato,Karimnagar,Telangana,1887.38,159
23-12-2022,Rice,Adilabad,Telangana,2391.16,187
23-12-2022,Onion,Hyderabad,Telangana,1415.79,93
23-12-2022,Onion,Warangal,Telangana,1346.16,145
23-12-2022,Potato,Hyderabad,Telangana,1936.23,73
23-12-2022,Potato,Adilabad,Telangana,1996.0,147
23-12-2022,Onion,Adilabad,Telangana,1488.87,157
23-12-2022,Potato,Nizamabad,Telangana,2117.05,73
23-12-2022,Rice,Hyderabad,Telangana,2885.72,107
23-12-2023,Rice,Khammam,Telangana,2468.38,188
23-12-2023,Onion,Nizamabad,Telangana,1663.81,138
23-12-2023,Potato,Adilabad,Telangana,2003.08,120
23-12-2023,Tomato,Karimnagar,Telangana,1645.6,113
23-12-2023,Rice,Adilabad,Telangana,2802.63,140
23-12-2023,Rice,Nizamabad,Telangana,2732.58,171
23-12-2023,Onion,Karimnagar,Telangana,2120.63,93
23-12-2023,Rice,Karimnagar,Telangana,2783.55,121
23-12-2023,Tomato,Khammam,Telangana,1661.32,165
23-12-2023,Onion,Warangal,Telangana,1334.08,171
23-12-2023,Tomato,Warangal,Telangana,1990.19,53
23-12-2023,Tomato,Adilabad,Telangana,1667.16,116
23-12-2023,Tomato,Nizamabad,Telangana,1479.03,194
23-12-2023,Potato,Warangal,Telangana,2068.85,129
23-12-2023,Onion,Khammam,Telangana,1573.86,149
23-12-2023,Onion,Adilabad,Telangana,1459.88,132
23-12-2023,Rice,Warangal,Telangana,2624.5,152
23-12-2023,Onion,Hyderabad,Telangana,1589.6,145
23-12-2023,Potato,Nizamabad,Telangana,1937.26,84
23-12-2023,Potato,Hyderabad,Telangana,1722.76,161
23-12-2023,Potato,Karimnagar,Telangana,1897.44,204
23-12-2023,Tomato,Hyderabad,Telangana,1559.52,127
23-12-2023,Potato,Khammam,Telangana,2078.69,102
24-01-2022,Rice,Khammam,Telangana,2861.15,83
24-01-2022,Rice,Nizamabad,Telangana,3039.51,81
24-01-2022,Tomato,Hyderabad,Telangana,2001.99,101
24-01-2022,Tomato,Khammam,Telangana,1848.94,115
24-01-2022,Rice,Warangal,Telangana,2773.26,132
24-01-2022,Onion,Khammam,Telangana,1582.32,92
24-01-2022,Onion,Karimnagar,Telangana,1538.4,117
24-01-2022,Potato,Warangal,Telangana,2139.52,94
24-01-2022,Onion,Nizamabad,Telangana,1413.5,182
24-01-2022,Tomato,Karimnagar,Telangana,1842.66,130
24-01-2022,Tomato,Adilabad,Telangana,1727.83,171
24-01-2022,Potato,Hyderabad,Telangana,1924.25,213
24-01-2022,Potato,Nizamabad,Telangana,2198.89,57
24-01-2022,Potato,Adilabad,Telangana,1930.42,208
24-01-2022,Tomato,Warangal,Telangana,1633.19,170
24-01-2022,Onion,Warangal,Telangana,1488.35,167
24-01-2022,Onion,Adilabad,Telangana,1914.16,86
24-01-2022,Rice,Hyderabad,Telangana,2828.4,113
24-01-2022,Potato,Karimnagar,Telangana,2165.83,81
24-01-2022,Tomato,Nizamabad,Telangana,2157.31,66
24-01-2022,Rice,Adilabad,Telangana,2686.65,104
24-01-2023,Tomato,Hyderabad,Telangana,1867.43,90
24-01-2023,Potato,Nizamabad,Telangana,2076.04,70
24-01-2023,Potato,Hyderabad,Telangana,2048.64,73
24-01-2023,Potato,Warangal,Telangana,2269.73,186
24-01-2023,Rice,Adilabad,Telangana,2881.89,128
24-01-2023,Onion,Adilabad,Telangana,1605.47,182
24-01-2023,Potato,Khammam,Telangana,2033.49,168
24-01-2023,Tomato,Nizamabad,Telangana,1705.91,113
24-01-2023,Potato,Karimnagar,Telangana,1744.82,165
24-01-2023,Rice,Khammam,Telangana,2804.38,126
24-01-2023,Potato,Adilabad,Telangana,1969.15,101
24-01-2023,Onion,Karimnagar,Telangana,1687.93,125
24-01-2023,Tomato,Warangal,Telangana,1840.76,178
24-01-2023,Tomato,Khammam,Telangana,2003.9,80
24-01-2023,Tomato,Adilabad,Telangana,1827.04,135
24-01-2023,Rice,Karimnagar,Telangana,2929.62,148
24-01-2023,Rice,Nizamabad,Telangana,2699.9,117
24-01-2023,Onion,Nizamabad,Telangana,1539.64,164
24-01-2023,Tomato,Karimnagar,Telangana,2272.18,25
24-01-2023,Onion,Warangal,Telangana,1614.74,102
24-01-2023,Rice,Warangal,Telangana,2746.04,129
24-01-2023,Rice,Hyderabad,Telangana,2917.83,58
24-01-2023,Onion,Khammam,Telangana,1807.38,93
24-01-2024,Onion,Warangal,Telangana,1549.24,192
24-01-2024,Onion,Adilabad,Telangana,1386.56,183
24-01-2024,Rice,Warangal,Telangana,2838.58,77
24-01-2024,Rice,Adilabad,Telangana,2945.37,87
24-01-2024,Onion,Nizamabad,Telangana,1463.66,133
24-01-2024,Potato,Karimnagar,Telangana,1737.5,143
24-01-2024,Potato,Warangal,Telangana,2093.3,68
24-01-2024,Tomato,Warangal,Telangana,1838.53,141
24-01-2024,Onion,Khammam,Telangana,1684.7,158
24-01-2024,Rice,Karimnagar,Telangana,2717.77,167
24-01-2024,Tomato,Karimnagar,Telangana,1926.66,78
24-01-2024,Rice,Hyderabad,Telangana,2654.71,137
24-01-2024,Potato,Hyderabad,Telangana,1862.67,136
24-01-2024,Potato,Nizamabad,Telangana,1846.34,104
24-01-2024,Rice,Khammam,Telangana,2817.31,110
24-01-2024,Tomato,Khammam,Telangana,1870.23,128
24-01-2024,Rice,Nizamabad,Telangana,2821.03,60
24-01-2024,Potato,Adilabad,Telangana,1986.4,183
24-01-2024,Potato,Khammam,Telangana,1990.28,139
24-01-2024,Onion,Hyderabad,Telangana,1708.14,147
24-01-2024,Tomato,Adilabad,Telangana,1643.23,104
24-01-2024,Tomato,Nizamabad,Telangana,1888.17,73
24-01-2024,Tomato,Hyderabad,Telangana,1897.77,147
24-01-2024,Onion,Karimnagar,Telangana,1504.74,174
24-02-2022,Potato,Hyderabad,Telangana,2150.72,63
24-02-2022,Potato,Adilabad,Telangana,2386.55,92
24-02-2022,Onion,Karimnagar,Telangana,1580.05,120
24-02-2022,Rice,Khammam,Telangana,2786.17,156
24-02-2022,Rice,Nizamabad,Telangana,2590.54,146
24-02-2022,Potato,Warangal,Telangana,2209.21,109
24-02-2022,Potato,Khammam,Telangana,2080.02,148
24-02-2022,Tomato,Warangal,Telangana,2033.43,72
24-02-2022,Rice,Adilabad,Telangana,2837.26,148
24-02-2022,Tomato,Khammam,Telangana,1889.6,77
24-02-2022,Onion,Khammam,Telangana,1613.64,108
24-02-2022,Tomato,Nizamabad,Telangana,1923.26,110
24-02-2022,Onion,Hyderabad,Telangana,1680.64,98
24-02-2022,Tomato,Adilabad,Telangana,1848.74,181
24-02-2022,Potato,Nizamabad,Telangana,2012.49,127
24-02-2022,Onion,Adilabad,Telangana,1575.39,133
24-02-2022,Rice,Hyderabad,Telangana,2820.94,85
24-02-2022,Tomato,Hyderabad,Telangana,1891.34,130
24-02-2022,Onion,Warangal,Telangana,1552.27,251
24-02-2022,Potato,Karimnagar,Telangana,1969.84,112
24-02-2022,Rice,Karimnagar,Telangana,2920.47,110
24-02-2022,Onion,Nizamabad,Telangana,1338.66,229
24-02-2023,Potato,Khammam,Telangana,2136.32,159
24-02-2023,Rice,Hyderabad,Telangana,2769.63,109
24-02-2023,Rice,Karimnagar,Telangana,2994.2,108
24-02-2023,Tomato,Warangal,Telangana,2052.02,78
24-02-2023,Onion,Khammam,Telangana,1685.98,80
24-02-2023,Tomato,Khammam,Telangana,2198.76,116
24-02-2023,Potato,Hyderabad,Telangana,1988.09,190
24-02-2023,Tomato,Adilabad,Telangana,1853.59,80
24-02-2023,Onion,Warangal,Telangana,1594.38,157
24-02-2023,Tomato,Nizamabad,Telangana,2025.53,89
24-02-2023,Onion,Hyderabad,Telangana,1811.29,111
24-02-2023,Rice,Nizamabad,Telangana,3074.32,89
24-02-2023,Onion,Karimnagar,Telangana,2086.75,97
24-02-2023,Rice,Adilabad,Telangana,2759.16,179
24-02-2023,Potato,Adilabad,Telangana,2203.82,56
24-02-2023,Potato,Warangal,Telangana,2502.09,42
24-02-2023,Rice,Warangal,Telangana,2927.93,100
24-02-2023,Onion,Adilabad,Telangana,1906.88,83
24-02-2023,Rice,Khammam,Telangana,2968.08,141
24-02-2023,Potato,Karimnagar,Telangana,1957.48,227
24-02-2024,Tomato,Khammam,Telangana,2009.85,122
24-02-2024,Tomato,Karimnagar,Telangana,1846.9,89
24-02-2024,Rice,Karimnagar,Telangana,3037.69,129
24-02-2024,Tomato,Adilabad,Telangana,2155.79,100
24-02-2024,Potato,Hyderabad,Telangana,2083.98,145
24-02-2024,Tomato,Nizamabad,Telangana,2025.44,117
24-02-2024,Rice,Nizamabad,Telangana,2991.74,136
24-02-2024,Onion,Khammam,Telangana,1749.58,120
24-02-2024,Potato,Warangal,Telangana,2222.05,111
24-02-2024,Rice,Khammam,Telangana,2864.49,99
24-02-2024,Tomato,Warangal,Telangana,1904.0,136
24-02-2024,Rice,Warangal,Telangana,2705.45,109
24-02-2024,Rice,Adilabad,Telangana,3038.92,68
24-02-2024,Potato,Nizamabad,Telangana,1903.06,144
24-02-2024,Onion,Adilabad,Telangana,1893.79,152
24-02-2024,Onion,Warangal,Telangana,2008.62,101
24-02-2024,Potato,Adilabad,Telangana,1974.75,118
24-02-2024,Potato,Khammam,Telangana,2111.85,136
24-02-2024,Potato,Karimnagar,Telangana,2344.07,70
24-03-2022,Onion,Nizamabad,Telangana,1859.64,125
24-03-2022,Rice,Karimnagar,Telangana,3214.66,79
24-03-2022,Rice,Khammam,Telangana,3088.42,121
24-03-2022,Potato,Adilabad,Telangana,2226.19,112
24-03-2022,Onion,Warangal,Telangana,1817.79,127
24-03-2022,Tomato,Karimnagar,Telangana,1941.58,129
24-03-2022,Onion,Karimnagar,Telangana,1819.79,74
24-03-2022,Onion,Hyderabad,Telangana,1715.04,131
24-03-2022,Potato,Hyderabad,Telangana,2345.02,87
24-03-2022,Tomato,Warangal,Telangana,1924.22,142
24-03-2022,Tomato,Nizamabad,Telangana,2038.28,121
24-03-2022,Potato,Warangal,Telangana,2160.44,112
24-03-2022,Rice,Nizamabad,Telangana,3008.93,56
24-03-2022,Potato,Nizamabad,Telangana,2259.75,106
24-03-2022,Tomato,Khammam,Telangana,1967.18,161
24-03-2022,Tomato,Hyderabad,Telangana,1931.0,158
24-03-2022,Onion,Adilabad,Telangana,1814.53,148
24-03-2022,Onion,Khammam,Telangana,1951.46,72
24-03-2022,Tomato,Adilabad,Telangana,1875.8,157
24-03-2022,Potato,Khammam,Telangana,2098.67,184
24-03-2022,Rice,Warangal,Telangana,3172.58,89
24-03-2022,Potato,Karimnagar,Telangana,2298.79,74
24-03-2022,Rice,Adilabad,Telangana,2817.94,101
24-03-2023,Rice,Adilabad,Telangana,2798.35,128
24-03-2023,Potato,Warangal,Telangana,2342.13,65
24-03-2023,Tomato,Warangal,Telangana,2103.23,133
24-03-2023,Rice,Karimnagar,Telangana,2755.14,100
24-03-2023,Rice,Khammam,Telangana,2955.17,149
24-03-2023,Onion,Adilabad,Telangana,1663.22,94
24-03-2023,Potato,Nizamabad,Telangana,2264.05,121
24-03-2023,Tomato,Nizamabad,Telangana,2134.92,72
24-03-2023,Rice,Warangal,Telangana,3012.5,137
24-03-2023,Onion,Nizamabad,Telangana,1443.7,125
24-03-2023,Onion,Karimnagar,Telangana,1941.76,34
24-03-2023,Tomato,Hyderabad,Telangana,1925.32,175
24-03-2023,Tomato,Karimnagar,Telangana,2090.76,154
24-03-2023,Onion,Khammam,Telangana,1774.1,98
24-03-2023,Potato,Khammam,Telangana,2082.99,189
24-03-2023,Onion,Warangal,Telangana,1767.3,131
24-03-2023,Onion,Hyderabad,Telangana,1677.84,99
24-03-2023,Tomato,Adilabad,Telangana,1876.07,114
24-03-2023,Tomato,Khammam,Telangana,2271.87,121
24-03-2023,Potato,Adilabad,Telangana,2252.81,98
24-03-2023,Rice,Hyderabad,Telangana,3035.45,80
24-03-2023,Potato,Karimnagar,Telangana,2203.06,164
24-03-2023,Rice,Nizamabad,Telangana,3118.01,71
24-03-2023,Potato,Hyderabad,Telangana,2299.1,20
24-03-2024,Potato,Warangal,Telangana,2135.55,132
24-03-2024,Tomato,Nizamabad,Telangana,1798.71,132
24-03-2024,Tomato,Hyderabad,Telangana,2147.71,102
24-03-2024,Potato,Nizamabad,Telangana,2160.19,59
24-03-2024,Onion,Adilabad,Telangana,1659.85,122
24-03-2024,Onion,Nizamabad,Telangana,1891.51,97
24-03-2024,Tomato,Khammam,Telangana,2086.29,76
24-03-2024,Tomato,Warangal,Telangana,2104.13,130
24-03-2024,Potato,Khammam,Telangana,2001.77,226
24-03-2024,Potato,Karimnagar,Telangana,2261.98,137
24-03-2024,Onion,Warangal,Telangana,1585.92,192
24-03-2024,Rice,Warangal,Telangana,2898.07,125
24-03-2024,Rice,Hyderabad,Telangana,2988.32,124
24-03-2024,Onion,Karimnagar,Telangana,1673.33,133
24-03-2024,Onion,Hyderabad,Telangana,1826.19,91
24-03-2024,Potato,Adilabad,Telangana,2449.88,89
24-03-2024,Onion,Khammam,Telangana,1877.11,56
24-03-2024,Rice,Adilabad,Telangana,2822.75,134
24-03-2024,Tomato,Adilabad,Telangana,1770.3,171
24-03-2024,Rice,Nizamabad,Telangana,2972.93,171
24-03-2024,Rice,Khammam,Telangana,3207.43,65
24-03-2024,Tomato,Karimnagar,Telangana,2043.89,102
24-03-2024,Rice,Karimnagar,Telangana,2986.14,70
24-04-2022,Rice,Hyderabad,Telangana,3247.28,129
24-04-2022,Potato,Khammam,Telangana,2120.21,110
24-04-2022,Tomato,Khammam,Telangana,1833.63,106
24-04-2022,Potato,Nizamabad,Telangana,2270.88,156
24-04-2022,Onion,Hyderabad,Telangana,1560.13,128
24-04-2022,Potato,Adilabad,Telangana,1973.26,134
24-04-2022,Rice,Adilabad,Telangana,2963.38,153
24-04-2022,Onion,Adilabad,Telangana,1490.93,194
24-04-2022,Tomato,Karimnagar,Telangana,2100.65,72
24-04-2022,Rice,Warangal,Telangana,2829.16,155
24-04-2022,Tomato,Nizamabad,Telangana,2034.44,133
24-04-2022,Potato,Warangal,Telangana,2149.07,130
24-04-2022,Tomato,Warangal,Telangana,1950.82,192
24-04-2022,Onion,Khammam,Telangana,1915.6,89
24-04-2022,Onion,Warangal,Telangana,1557.99,126
24-04-2022,Potato,Hyderabad,Telangana,2066.11,104
24-04-2022,Rice,Khammam,Telangana,2866.11,173
24-04-2022,Onion,Nizamabad,Telangana,1622.28,102
24-04-2022,Onion,Karimnagar,Telangana,1918.35,102
24-04-2022,Tomato,Hyderabad,Telangana,1812.82,122
24-04-2022,Rice,Nizamabad,Telangana,3198.52,78
24-04-2022,Tomato,Adilabad,Telangana,1910.9,100
24-04-2022,Rice,Karimnagar,Telangana,3024.21,50
24-04-2023,Potato,Karimnagar,Telangana,2265.82,69
24-04-2023,Rice,Hyderabad,Telangana,2846.28,156
24-04-2023,Potato,Hyderabad,Telangana,2061.28,174
24-04-2023,Rice,Adilabad,Telangana,2887.29,116
24-04-2023,Onion,Khammam,Telangana,1676.4,130
24-04-2023,Potato,Khammam,Telangana,2119.82,146
24-04-2023,Potato,Nizamabad,Telangana,2110.02,172
24-04-2023,Onion,Karimnagar,Telangana,1769.96,87
24-04-2023,Tomato,Khammam,Telangana,1807.83,127
24-04-2023,Onion,Adilabad,Telangana,1752.57,110
24-04-2023,Rice,Nizamabad,Telangana,2988.19,98
24-04-2023,Rice,Karimnagar,Telangana,2833.67,148
24-04-2023,Rice,Khammam,Telangana,3130.5,111
24-04-2023,Tomato,Adilabad,Telangana,1791.99,135
24-04-2023,Rice,Warangal,Telangana,2832.03,141
24-04-2023,Tomato,Nizamabad,Telangana,1590.75,205
24-04-2023,Tomato,Hyderabad,Telangana,1974.96,133
24-04-2023,Onion,Warangal,Telangana,1803.71,49
24-04-2023,Potato,Warangal,Telangana,2110.3,100
24-04-2023,Tomato,Warangal,Telangana,1841.15,127
24-04-2023,Onion,Nizamabad,Telangana,1719.3,103
24-04-2023,Potato,Adilabad,Telangana,2243.67,124
24-04-2023,Tomato,Karimnagar,Telangana,2071.36,79
24-04-2024,Tomato,Nizamabad,Telangana,2044.69,122
24-04-2024,Potato,Warangal,Telangana,2335.44,83
24-04-2024,Potato,Khammam,Telangana,1942.77,134
24-04-2024,Tomato,Adilabad,Telangana,1788.2,168
24-04-2024,Tomato,Khammam,Telangana,1919.25,117
24-04-2024,Onion,Adilabad,Telangana,1613.91,85
24-04-2024,Tomato,Warangal,Telangana,1827.15,83
24-04-2024,Onion,Warangal,Telangana,1914.28,112
24-04-2024,Rice,Adilabad,Telangana,3114.77,86
24-04-2024,Onion,Khammam,Telangana,1739.61,134
24-04-2024,Tomato,Hyderabad,Telangana,1891.79,131
24-04-2024,Potato,Adilabad,Telangana,2067.36,166
24-04-2024,Onion,Nizamabad,Telangana,2110.18,30
24-04-2024,Rice,Hyderabad,Telangana,2974.5,143
24-04-2024,Onion,Karimnagar,Telangana,1663.99,52
24-04-2024,Potato,Nizamabad,Telangana,2296.81,21
24-04-2024,Potato,Karimnagar,Telangana,2174.31,161
24-04-2024,Potato,Hyderabad,Telangana,2252.5,131
24-04-2024,Rice,Warangal,Telangana,3093.66,53
24-04-2024,Rice,Karimnagar,Telangana,3052.47,42
24-04-2024,Rice,Nizamabad,Telangana,3085.88,123
24-04-2024,Rice,Khammam,Telangana,3349.25,69
24-04-2024,Onion,Hyderabad,Telangana,1859.2,119
24-04-2024,Tomato,Karimnagar,Telangana,2104.11,95
24-05-2022,Tomato,Karimnagar,Telangana,2042.3,32
24-05-2022,Tomato,Hyderabad,Telangana,1970.35,113
24-05-2022,Rice,Adilabad,Telangana,2955.14,154
24-05-2022,Onion,Warangal,Telangana,1659.15,134
24-05-2022,Tomato,Nizamabad,Telangana,1726.03,170
24-05-2022,Tomato,Adilabad,Telangana,1898.77,137
24-05-2022,Onion,Adilabad,Telangana,1755.3,77
24-05-2022,Onion,Khammam,Telangana,1537.82,175
24-05-2022,Potato,Khammam,Telangana,2094.0,110
24-05-2022,Onion,Nizamabad,Telangana,1714.02,100
24-05-2022,Onion,Hyderabad,Telangana,1664.61,128
24-05-2022,Potato,Nizamabad,Telangana,1931.34,163
24-05-2022,Potato,Hyderabad,Telangana,2173.42,135
24-05-2022,Rice,Karimnagar,Telangana,3167.69,95
24-05-2022,Tomato,Khammam,Telangana,1843.08,169
24-05-2022,Potato,Adilabad,Telangana,2373.89,120
24-05-2022,Potato,Karimnagar,Telangana,2418.36,100
24-05-2022,Rice,Hyderabad,Telangana,3014.72,62
24-05-2022,Tomato,Warangal,Telangana,1910.02,99
24-05-2022,Rice,Nizamabad,Telangana,2957.5,107
24-05-2022,Rice,Khammam,Telangana,2714.7,164
24-05-2022,Potato,Warangal,Telangana,2041.46,186
24-05-2022,Rice,Warangal,Telangana,2935.02,156
24-05-2023,Onion,Karimnagar,Telangana,1714.76,86
24-05-2023,Rice,Khammam,Telangana,2958.75,127
24-05-2023,Onion,Warangal,Telangana,1511.07,134
24-05-2023,Potato,Karimnagar,Telangana,1957.36,101
24-05-2023,Rice,Hyderabad,Telangana,2823.18,191
24-05-2023,Onion,Hyderabad,Telangana,1666.24,155
24-05-2023,Rice,Karimnagar,Telangana,2845.05,126
24-05-2023,Tomato,Hyderabad,Telangana,1881.69,93
24-05-2023,Tomato,Karimnagar,Telangana,1455.25,165
24-05-2023,Tomato,Warangal,Telangana,1892.0,139
24-05-2023,Onion,Khammam,Telangana,1521.66,132
24-05-2023,Potato,Adilabad,Telangana,1946.57,147
24-05-2023,Tomato,Khammam,Telangana,1522.06,179
24-05-2023,Rice,Warangal,Telangana,3096.14,77
24-05-2023,Rice,Adilabad,Telangana,2822.85,148
24-05-2023,Rice,Nizamabad,Telangana,2786.45,163
24-05-2023,Onion,Adilabad,Telangana,1675.42,175
24-05-2023,Potato,Nizamabad,Telangana,2217.01,62
24-05-2023,Tomato,Adilabad,Telangana,2026.75,77
24-05-2023,Potato,Hyderabad,Telangana,1813.95,192
24-05-2023,Tomato,Nizamabad,Telangana,2166.86,68
24-05-2023,Potato,Warangal,Telangana,2060.84,80
24-05-2023,Potato,Khammam,Telangana,2372.66,84
24-05-2023,Onion,Nizamabad,Telangana,1751.01,128
24-05-2024,Potato,Warangal,Telangana,1994.21,129
24-05-2024,Potato,Adilabad,Telangana,2035.99,136
24-05-2024,Onion,Adilabad,Telangana,1437.99,146
24-05-2024,Onion,Warangal,Telangana,1515.56,162
24-05-2024,Potato,Karimnagar,Telangana,2053.47,127
24-05-2024,Rice,Nizamabad,Telangana,2724.95,130
24-05-2024,Potato,Nizamabad,Telangana,1937.35,200
24-05-2024,Onion,Hyderabad,Telangana,1848.1,107
24-05-2024,Rice,Khammam,Telangana,2828.5,134
24-05-2024,Tomato,Khammam,Telangana,1924.24,133
24-05-2024,Rice,Hyderabad,Telangana,3136.95,72
24-05-2024,Tomato,Nizamabad,Telangana,1686.53,174
24-05-2024,Rice,Karimnagar,Telangana,2752.56,139
24-05-2024,Tomato,Hyderabad,Telangana,1989.18,127
24-05-2024,Onion,Nizamabad,Telangana,1773.24,92
24-05-2024,Potato,Khammam,Telangana,2171.33,78
24-05-2024,Tomato,Warangal,Telangana,1968.76,75
24-05-2024,Rice,Warangal,Telangana,2722.67,165
24-05-2024,Onion,Karimnagar,Telangana,1597.72,96
24-05-2024,Tomato,Adilabad,Telangana,2015.85,44
24-05-2024,Rice,Adilabad,Telangana,2793.44,175
24-05-2024,Potato,Hyderabad,Telangana,2107.89,95
24-06-2022,Potato,Nizamabad,Telangana,2048.14,20
24-06-2022,Tomato,Adilabad,Telangana,1701.34,144
24-06-2022,Rice,Hyderabad,Telangana,2899.0,60
24-06-2022,Tomato,Warangal,Telangana,1601.98,115
24-06-2022,Tomato,Khammam,Telangana,1932.73,149
24-06-2022,Potato,Warangal,Telangana,2058.43,151
24-06-2022,Rice,Nizamabad,Telangana,2855.95,83
24-06-2022,Potato,Adilabad,Telangana,2217.98,136
24-06-2022,Potato,Karimnagar,Telangana,2106.7,92
24-06-2022,Onion,Warangal,Telangana,1458.94,199
24-06-2022,Onion,Khammam,Telangana,1456.36,137
24-06-2022,Rice,Khammam,Telangana,2839.01,174
24-06-2022,Tomato,Karimnagar,Telangana,1659.68,108
24-06-2022,Potato,Hyderabad,Telangana,1868.75,121
24-06-2022,Onion,Karimnagar,Telangana,1455.77,124
24-06-2022,Rice,Warangal,Telangana,2610.79,120
24-06-2022,Tomato,Nizamabad,Telangana,1673.99,119
24-06-2022,Onion,Hyderabad,Telangana,1802.47,68
24-06-2022,Onion,Nizamabad,Telangana,1592.49,179
24-06-2022,Potato,Khammam,Telangana,1896.91,146
24-06-2022,Rice,Karimnagar,Telangana,2707.1,94
24-06-2022,Tomato,Hyderabad,Telangana,1821.55,91
24-06-2022,Onion,Adilabad,Telangana,1338.09,121
24-06-2023,Potato,Hyderabad,Telangana,2007.56,79
24-06-2023,Potato,Warangal,Telangana,1877.42,112
24-06-2023,Tomato,Adilabad,Telangana,1636.38,134
24-06-2023,Potato,Adilabad,Telangana,1954.26,86
24-06-2023,Onion,Nizamabad,Telangana,1445.39,178
24-06-2023,Potato,Karimnagar,Telangana,2021.31,96
24-06-2023,Tomato,Nizamabad,Telangana,1844.53,110
24-06-2023,Onion,Hyderabad,Telangana,1492.33,131
24-06-2023,Rice,Khammam,Telangana,2717.06,116
24-06-2023,Tomato,Warangal,Telangana,1744.68,131
24-06-2023,Rice,Karimnagar,Telangana,2791.05,156
24-06-2023,Tomato,Karimnagar,Telangana,1751.32,154
24-06-2023,Onion,Karimnagar,Telangana,1258.9,184
24-06-2023,Tomato,Khammam,Telangana,1995.43,85
24-06-2023,Onion,Warangal,Telangana,1479.47,176
24-06-2023,Rice,Adilabad,Telangana,2778.25,129
24-06-2023,Rice,Nizamabad,Telangana,2970.12,84
24-06-2023,Potato,Khammam,Telangana,2124.75,99
24-06-2023,Onion,Khammam,Telangana,1471.19,102
24-06-2023,Rice,Hyderabad,Telangana,2845.52,118
24-06-2023,Rice,Warangal,Telangana,2853.08,82
24-06-2023,Onion,Adilabad,Telangana,1794.52,57
24-07-2022,Potato,Warangal,Telangana,2057.95,31
24-07-2022,Onion,Karimnagar,Telangana,1498.65,90
24-07-2022,Onion,Nizamabad,Telangana,1329.83,114
24-07-2022,Rice,Hyderabad,Telangana,2532.32,166
24-07-2022,Tomato,Nizamabad,Telangana,1443.98,228
24-07-2022,Tomato,Khammam,Telangana,1713.8,104
24-07-2022,Potato,Adilabad,Telangana,2026.75,105
24-07-2022,Onion,Adilabad,Telangana,1472.13,36
24-07-2022,Potato,Khammam,Telangana,1857.27,176
24-07-2022,Rice,Khammam,Telangana,2367.92,170
24-07-2022,Rice,Nizamabad,Telangana,2866.31,79
24-07-2022,Onion,Warangal,Telangana,1396.53,145
24-07-2022,Potato,Karimnagar,Telangana,2026.68,75
24-07-2022,Rice,Adilabad,Telangana,2671.64,81
24-07-2022,Tomato,Adilabad,Telangana,1882.35,104
24-07-2022,Tomato,Hyderabad,Telangana,1741.39,124
24-07-2022,Potato,Hyderabad,Telangana,1717.39,134
24-07-2022,Onion,Hyderabad,Telangana,1650.93,139
24-07-2022,Tomato,Warangal,Telangana,1713.57,107
24-07-2022,Potato,Nizamabad,Telangana,1734.77,159
24-07-2022,Rice,Karimnagar,Telangana,2233.21,218
24-07-2022,Tomato,Karimnagar,Telangana,1803.66,100
24-07-2023,Rice,Hyderabad,Telangana,2411.98,162
24-07-2023,Potato,Khammam,Telangana,1996.95,117
24-07-2023,Onion,Hyderabad,Telangana,1738.72,94
24-07-2023,Tomato,Nizamabad,Telangana,1606.87,99
24-07-2023,Potato,Hyderabad,Telangana,1735.35,120
24-07-2023,Onion,Nizamabad,Telangana,1586.63,153
24-07-2023,Rice,Adilabad,Telangana,2798.52,112
24-07-2023,Onion,Warangal,Telangana,1271.38,116
24-07-2023,Rice,Khammam,Telangana,2929.85,95
24-07-2023,Rice,Warangal,Telangana,2658.4,89
24-07-2023,Potato,Adilabad,Telangana,2065.19,66
24-07-2023,Onion,Khammam,Telangana,1766.68,124
24-07-2023,Potato,Warangal,Telangana,1850.52,42
24-07-2023,Potato,Karimnagar,Telangana,1696.39,139
24-07-2023,Rice,Karimnagar,Telangana,2701.87,117
24-07-2023,Rice,Nizamabad,Telangana,2733.7,133
24-07-2023,Tomato,Karimnagar,Telangana,1881.84,65
24-07-2023,Tomato,Adilabad,Telangana,1452.13,160
24-07-2023,Tomato,Warangal,Telangana,1772.56,54
24-07-2023,Onion,Karimnagar,Telangana,1537.23,117
24-07-2023,Tomato,Khammam,Telangana,1657.11,125
24-07-2023,Onion,Adilabad,Telangana,1750.59,77
24-08-2022,Rice,Warangal,Telangana,2622.97,172
24-08-2022,Rice,Hyderabad,Telangana,2730.68,59
24-08-2022,Potato,Hyderabad,Telangana,1816.12,80
24-08-2022,Onion,Karimnagar,Telangana,1480.71,133
24-08-2022,Tomato,Nizamabad,Telangana,1679.87,94
24-08-2022,Potato,Khammam,Telangana,1994.53,88
24-08-2022,Tomato,Karimnagar,Telangana,1474.3,142
24-08-2022,Rice,Khammam,Telangana,2429.89,119
24-08-2022,Rice,Karimnagar,Telangana,2924.0,101
24-08-2022,Potato,Nizamabad,Telangana,1758.94,123
24-08-2022,Onion,Adilabad,Telangana,1392.18,108
24-08-2022,Onion,Khammam,Telangana,1368.61,79
24-08-2022,Rice,Adilabad,Telangana,2608.35,170
24-08-2022,Potato,Karimnagar,Telangana,1906.55,154
24-08-2022,Onion,Warangal,Telangana,1435.65,131
24-08-2022,Tomato,Warangal,Telangana,1518.4,133
24-08-2022,Potato,Warangal,Telangana,1974.42,146
24-08-2022,Tomato,Khammam,Telangana,1303.08,149
24-08-2022,Potato,Adilabad,Telangana,1537.25,181
24-08-2022,Rice,Nizamabad,Telangana,2584.52,127
24-08-2022,Onion,Hyderabad,Telangana,1194.97,194
24-08-2023,Rice,Nizamabad,Telangana,2594.62,134
24-08-2023,Potato,Warangal,Telangana,1902.39,106
24-08-2023,Potato,Khammam,Telangana,1836.27,40
24-08-2023,Tomato,Adilabad,Telangana,1606.56,131
24-08-2023,Onion,Adilabad,Telangana,1200.48,220
24-08-2023,Onion,Hyderabad,Telangana,1085.39,166
24-08-2023,Potato,Adilabad,Telangana,1935.95,112
24-08-2023,Potato,Hyderabad,Telangana,1793.78,120
24-08-2023,Onion,Karimnagar,Telangana,1291.91,129
24-08-2023,Rice,Karimnagar,Telangana,2777.76,70
24-08-2023,Tomato,Hyderabad,Telangana,1541.34,125
24-08-2023,Onion,Nizamabad,Telangana,1330.36,145
24-08-2023,Rice,Adilabad,Telangana,2474.55,199
24-08-2023,Tomato,Khammam,Telangana,1724.67,129
24-08-2023,Rice,Warangal,Telangana,2655.01,124
24-08-2023,Rice,Khammam,Telangana,2728.85,112
24-08-2023,Tomato,Karimnagar,Telangana,1555.98,140
24-08-2023,Potato,Nizamabad,Telangana,2079.23,51
24-08-2023,Rice,Hyderabad,Telangana,2434.57,157
24-08-2023,Onion,Warangal,Telangana,1186.58,124
24-08-2023,Potato,Karimnagar,Telangana,2107.88,107
24-08-2023,Onion,Khammam,Telangana,1505.84,101
24-09-2022,Rice,Warangal,Telangana,2307.23,185
24-09-2022,Rice,Karimnagar,Telangana,2454.63,72
24-09-2022,Onion,Karimnagar,Telangana,1602.79,116
24-09-2022,Onion,Khammam,Telangana,1115.2,171
24-09-2022,Potato,Warangal,Telangana,1697.21,137
24-09-2022,Onion,Nizamabad,Telangana,1371.16,65
24-09-2022,Rice,Hyderabad,Telangana,2392.96,182
24-09-2022,Potato,Adilabad,Telangana,1715.67,97
24-09-2022,Onion,Adilabad,Telangana,1566.28,84
24-09-2022,Tomato,Adilabad,Telangana,1614.14,58
24-09-2022,Potato,Khammam,Telangana,1636.65,183
24-09-2022,Potato,Nizamabad,Telangana,1576.81,128
24-09-2022,Potato,Hyderabad,Telangana,1533.69,156
24-09-2022,Potato,Karimnagar,Telangana,1753.9,113
24-09-2022,Tomato,Warangal,Telangana,1640.93,59
24-09-2022,Tomato,Nizamabad,Telangana,1276.09,124
24-09-2022,Tomato,Khammam,Telangana,1595.99,103
24-09-2022,Rice,Adilabad,Telangana,2812.99,89
24-09-2022,Rice,Khammam,Telangana,2350.12,167
24-09-2022,Onion,Hyderabad,Telangana,1453.82,140
24-09-2022,Tomato,Hyderabad,Telangana,1422.46,117
24-09-2022,Onion,Warangal,Telangana,1327.6,137
24-09-2022,Tomato,Karimnagar,Telangana,1630.4,162
24-09-2023,Rice,Adilabad,Telangana,2344.57,113
24-09-2023,Tomato,Hyderabad,Telangana,1409.3,141
24-09-2023,Potato,Adilabad,Telangana,1827.3,151
24-09-2023,Onion,Hyderabad,Telangana,1438.08,95
24-09-2023,Onion,Karimnagar,Telangana,1359.77,128
24-09-2023,Potato,Nizamabad,Telangana,1534.93,173
24-09-2023,Potato,Khammam,Telangana,1824.18,126
24-09-2023,Rice,Hyderabad,Telangana,2497.11,145
24-09-2023,Onion,Nizamabad,Telangana,1319.75,89
24-09-2023,Rice,Karimnagar,Telangana,2659.35,69
24-09-2023,Potato,Hyderabad,Telangana,1728.62,165
24-09-2023,Onion,Adilabad,Telangana,1316.23,99
24-09-2023,Tomato,Nizamabad,Telangana,1168.87,154
24-09-2023,Potato,Warangal,Telangana,1695.33,78
24-09-2023,Tomato,Karimnagar,Telangana,1455.71,92
24-09-2023,Rice,Khammam,Telangana,2743.62,105
24-09-2023,Potato,Karimnagar,Telangana,1778.85,95
24-09-2023,Tomato,Adilabad,Telangana,1497.01,143
24-09-2023,Rice,Warangal,Telangana,2632.07,47
24-09-2023,Tomato,Khammam,Telangana,1393.2,138
24-09-2023,Onion,Warangal,Telangana,1445.13,85
24-09-2023,Onion,Khammam,Telangana,1314.71,108
24-10-2022,Onion,Khammam,Telangana,1443.64,114
24-10-2022,Tomato,Adilabad,Telangana,1610.87,170
24-10-2022,Rice,Hyderabad,Telangana,2417.83,120
24-10-2022,Tomato,Warangal,Telangana,1616.49,60
24-10-2022,Potato,Karimnagar,Telangana,1655.04,124
24-10-2022,Rice,Warangal,Telangana,2497.41,98
24-10-2022,Onion,Adilabad,Telangana,1512.8,87
24-10-2022,Rice,Nizamabad,Telangana,2463.36,138
24-10-2022,Potato,Khammam,Telangana,1721.29,151
24-10-2022,Rice,Khammam,Telangana,2400.8,215
24-10-2022,Tomato,Nizamabad,Telangana,1716.75,80
24-10-2022,Onion,Hyderabad,Telangana,1045.87,141
24-10-2022,Onion,Nizamabad,Telangana,1579.27,131
24-10-2022,Rice,Adilabad,Telangana,2628.48,193
24-10-2022,Potato,Adilabad,Telangana,1625.51,211
24-10-2022,Onion,Karimnagar,Telangana,1387.36,128
24-10-2022,Tomato,Khammam,Telangana,1596.47,82
24-10-2022,Potato,Hyderabad,Telangana,1686.79,132
24-10-2022,Rice,Karimnagar,Telangana,2944.93,92
24-10-2022,Tomato,Karimnagar,Telangana,1181.32,171
24-10-2022,Potato,Warangal,Telangana,1734.72,164
24-10-2022,Onion,Warangal,Telangana,1202.2,99
24-10-2022,Tomato,Hyderabad,Telangana,1576.53,139
24-10-2022,Potato,Nizamabad,Telangana,1618.43,165
24-10-2023,Onion,Khammam,Telangana,1156.75,202
24-10-2023,Onion,Hyderabad,Telangana,1315.72,131
24-10-2023,Tomato,Adilabad,Telangana,1459.43,161
24-10-2023,Tomato,Hyderabad,Telangana,1638.87,117
24-10-2023,Rice,Khammam,Telangana,2634.02,164
24-10-2023,Potato,Khammam,Telangana,1913.67,136
24-10-2023,Potato,Adilabad,Telangana,1776.63,120
24-10-2023,Rice,Karimnagar,Telangana,2651.97,101
24-10-2023,Tomato,Nizamabad,Telangana,1249.35,133
24-10-2023,Tomato,Warangal,Telangana,1493.53,139
24-10-2023,Potato,Warangal,Telangana,1760.38,172
24-10-2023,Onion,Warangal,Telangana,1578.41,119
24-10-2023,Rice,Warangal,Telangana,2673.81,148
24-10-2023,Rice,Hyderabad,Telangana,2335.28,125
24-10-2023,Rice,Adilabad,Telangana,2520.99,168
24-10-2023,Tomato,Karimnagar,Telangana,1698.19,143
24-10-2023,Onion,Karimnagar,Telangana,1404.88,78
24-10-2023,Onion,Adilabad,Telangana,1311.27,100
24-10-2023,Potato,Hyderabad,Telangana,1822.11,103
24-10-2023,Potato,Nizamabad,Telangana,1811.54,106
24-10-2023,Onion,Nizamabad,Telangana,1647.95,85
24-10-2023,Tomato,Khammam,Telangana,1492.57,100
24-11-2022,Tomato,Warangal,Telangana,1762.77,147
24-11-2022,Onion,Karimnagar,Telangana,1307.87,111
24-11-2022,Rice,Karimnagar,Telangana,2822.49,129
24-11-2022,Onion,Khammam,Telangana,1451.34,96
24-11-2022,Tomato,Khammam,Telangana,1617.69,79
24-11-2022,Onion,Warangal,Telangana,1428.24,111
24-11-2022,Rice,Nizamabad,Telangana,2600.16,124
24-11-2022,Onion,Adilabad,Telangana,1581.89,140
24-11-2022,Tomato,Nizamabad,Telangana,1792.34,133
24-11-2022,Rice,Hyderabad,Telangana,2499.05,132
24-11-2022,Tomato,Karimnagar,Telangana,1744.56,129
24-11-2022,Potato,Warangal,Telangana,1688.0,140
24-11-2022,Potato,Nizamabad,Telangana,1770.9,76
24-11-2022,Rice,Warangal,Telangana,2737.2,80
24-11-2022,Potato,Karimnagar,Telangana,1929.26,64
24-11-2022,Tomato,Hyderabad,Telangana,1441.41,222
24-11-2022,Tomato,Adilabad,Telangana,1762.9,136
24-11-2022,Onion,Hyderabad,Telangana,1317.45,217
24-11-2022,Rice,Khammam,Telangana,2448.0,145
24-11-2022,Potato,Khammam,Telangana,1989.64,145
24-11-2022,Potato,Hyderabad,Telangana,1861.64,114
24-11-2022,Potato,Adilabad,Telangana,2019.47,71
24-11-2022,Rice,Adilabad,Telangana,2599.42,143
24-11-2023,Rice,Karimnagar,Telangana,2645.45,158
24-11-2023,Potato,Adilabad,Telangana,2177.14,58
24-11-2023,Tomato,Karimnagar,Telangana,1790.6,142
24-11-2023,Potato,Nizamabad,Telangana,1730.49,144
24-11-2023,Potato,Khammam,Telangana,1963.46,119
24-11-2023,Onion,Warangal,Telangana,1325.76,137
24-11-2023,Potato,Warangal,Telangana,1835.53,125
24-11-2023,Tomato,Adilabad,Telangana,1650.06,106
24-11-2023,Onion,Karimnagar,Telangana,1347.95,148
24-11-2023,Rice,Khammam,Telangana,2515.73,142
24-11-2023,Onion,Hyderabad,Telangana,1628.97,140
24-11-2023,Rice,Adilabad,Telangana,2589.59,106
24-11-2023,Onion,Adilabad,Telangana,1543.79,167
24-11-2023,Rice,Nizamabad,Telangana,2625.97,209
24-11-2023,Tomato,Warangal,Telangana,1861.97,88
24-11-2023,Tomato,Khammam,Telangana,1727.13,109
24-11-2023,Tomato,Nizamabad,Telangana,1533.76,147
24-11-2023,Tomato,Hyderabad,Telangana,1616.22,149
24-11-2023,Rice,Warangal,Telangana,2805.07,90
24-11-2023,Rice,Hyderabad,Telangana,2912.05,55
24-11-2023,Potato,Karimnagar,Telangana,1777.51,141
24-11-2023,Potato,Hyderabad,Telangana,1722.98,135
24-12-2022,Tomato,Khammam,Telangana,1760.81,106
24-12-2022,Potato,Khammam,Telangana,1738.86,142
24-12-2022,Onion,Hyderabad,Telangana,1720.51,118
24-12-2022,Onion,Khammam,Telangana,1378.51,124
24-12-2022,Tomato,Adilabad,Telangana,1688.6,138
24-12-2022,Rice,Warangal,Telangana,2658.53,104
24-12-2022,Potato,Karimnagar,Telangana,2080.57,97
24-12-2022,Potato,Nizamabad,Telangana,2250.63,62
24-12-2022,Onion,Nizamabad,Telangana,1458.71,129
24-12-2022,Onion,Adilabad,Telangana,1611.53,84
24-12-2022,Potato,Adilabad,Telangana,2031.48,97
24-12-2022,Rice,Adilabad,Telangana,2750.31,86
24-12-2022,Tomato,Nizamabad,Telangana,1626.82,111
24-12-2022,Rice,Karimnagar,Telangana,2825.75,129
24-12-2022,Rice,Hyderabad,Telangana,2643.33,191
24-12-2022,Tomato,Warangal,Telangana,1783.89,114
24-12-2022,Onion,Warangal,Telangana,1513.32,147
24-12-2022,Tomato,Karimnagar,Telangana,1887.26,103
24-12-2022,Onion,Karimnagar,Telangana,1533.21,82
24-12-2022,Tomato,Hyderabad,Telangana,1868.94,118
24-12-2022,Rice,Nizamabad,Telangana,2653.38,112
24-12-2022,Rice,Khammam,Telangana,2698.76,87
24-12-2022,Potato,Warangal,Telangana,1836.0,183
24-12-2023,Tomato,Karimnagar,Telangana,1795.07,153
24-12-2023,Potato,Hyderabad,Telangana,1926.67,160
24-12-2023,Potato,Khammam,Telangana,1850.56,147
24-12-2023,Potato,Nizamabad,Telangana,2077.02,110
24-12-2023,Rice,Warangal,Telangana,2870.45,71
24-12-2023,Tomato,Khammam,Telangana,1476.11,130
24-12-2023,Potato,Warangal,Telangana,2069.96,40
24-12-2023,Onion,Khammam,Telangana,1651.24,101
24-12-2023,Rice,Adilabad,Telangana,2745.0,137
24-12-2023,Tomato,Adilabad,Telangana,1718.22,139
24-12-2023,Rice,Karimnagar,Telangana,2756.15,116
24-12-2023,Potato,Karimnagar,Telangana,1782.11,139
24-12-2023,Rice,Nizamabad,Telangana,2769.1,119
24-12-2023,Tomato,Nizamabad,Telangana,1591.0,217
24-12-2023,Onion,Adilabad,Telangana,1524.75,97
24-12-2023,Rice,Hyderabad,Telangana,2815.39,115
24-12-2023,Onion,Nizamabad,Telangana,1502.99,128
24-12-2023,Onion,Karimnagar,Telangana,1555.88,160
24-12-2023,Tomato,Hyderabad,Telangana,1624.38,135
24-12-2023,Potato,Adilabad,Telangana,2018.99,78
25-01-2022,Tomato,Hyderabad,Telangana,1602.73,133
25-01-2022,Potato,Karimnagar,Telangana,2106.83,83
25-01-2022,Onion,Khammam,Telangana,1609.81,113
25-01-2022,Rice,Warangal,Telangana,2937.12,120
25-01-2022,Rice,Hyderabad,Telangana,2833.63,123
25-01-2022,Tomato,Nizamabad,Telangana,1647.46,132
25-01-2022,Onion,Karimnagar,Telangana,1764.15,126
25-01-2022,Rice,Nizamabad,Telangana,2702.22,153
25-01-2022,Tomato,Warangal,Telangana,1815.56,158
25-01-2022,Tomato,Karimnagar,Telangana,1726.56,151
25-01-2022,Potato,Warangal,Telangana,2152.87,132
25-01-2022,Onion,Nizamabad,Telangana,1729.92,138
25-01-2022,Potato,Hyderabad,Telangana,1963.63,161
25-01-2022,Potato,Khammam,Telangana,2155.22,67
25-01-2022,Onion,Hyderabad,Telangana,1588.59,108
25-01-2022,Potato,Adilabad,Telangana,1890.71,140
25-01-2022,Onion,Warangal,Telangana,1950.57,48
25-01-2022,Rice,Adilabad,Telangana,2792.11,125
25-01-2022,Onion,Adilabad,Telangana,1637.91,119
25-01-2022,Tomato,Khammam,Telangana,1817.76,43
25-01-2022,Tomato,Adilabad,Telangana,1963.91,112
25-01-2022,Potato,Nizamabad,Telangana,2054.43,61
25-01-2022,Rice,Khammam,Telangana,2949.93,91
25-01-2023,Tomato,Warangal,Telangana,2029.33,131
25-01-2023,Onion,Nizamabad,Telangana,1696.98,101
25-01-2023,Onion,Adilabad,Telangana,1450.92,181
25-01-2023,Rice,Khammam,Telangana,2890.69,128
25-01-2023,Onion,Warangal,Telangana,1597.42,175
25-01-2023,Tomato,Karimnagar,Telangana,1725.12,131
25-01-2023,Rice,Karimnagar,Telangana,2810.51,152
25-01-2023,Onion,Karimnagar,Telangana,1830.25,103
25-01-2023,Potato,Nizamabad,Telangana,2072.59,130
25-01-2023,Onion,Khammam,Telangana,1531.28,111
25-01-2023,Rice,Warangal,Telangana,2978.3,81
25-01-2023,Tomato,Nizamabad,Telangana,1819.5,183
25-01-2023,Tomato,Khammam,Telangana,1628.41,123
25-01-2023,Potato,Adilabad,Telangana,1935.95,165
25-01-2023,Rice,Adilabad,Telangana,2978.77,135
25-01-2023,Potato,Warangal,Telangana,2290.37,54
25-01-2023,Potato,Hyderabad,Telangana,2151.23,105
25-01-2023,Potato,Khammam,Telangana,2043.89,167
25-01-2023,Onion,Hyderabad,Telangana,1457.98,168
25-01-2023,Potato,Karimnagar,Telangana,2147.46,60
25-01-2023,Tomato,Hyderabad,Telangana,1920.78,117
25-01-2023,Rice,Nizamabad,Telangana,2605.42,150
25-01-2023,Rice,Hyderabad,Telangana,2955.82,158
25-01-2023,Tomato,Adilabad,Telangana,1818.52,153
25-01-2024,Rice,Adilabad,Telangana,2653.23,164
25-01-2024,Tomato,Adilabad,Telangana,1666.57,139
25-01-2024,Onion,Karimnagar,Telangana,1528.34,167
25-01-2024,Rice,Nizamabad,Telangana,2886.26,118
25-01-2024,Onion,Adilabad,Telangana,1527.02,118
25-01-2024,Potato,Nizamabad,Telangana,1839.97,179
25-01-2024,Onion,Warangal,Telangana,1283.19,165
25-01-2024,Potato,Adilabad,Telangana,2064.9,71
25-01-2024,Onion,Nizamabad,Telangana,1701.91,125
25-01-2024,Tomato,Khammam,Telangana,1623.39,176
25-01-2024,Potato,Hyderabad,Telangana,2212.6,100
25-01-2024,Potato,Khammam,Telangana,2172.17,111
25-01-2024,Rice,Karimnagar,Telangana,2880.18,119
25-01-2024,Rice,Khammam,Telangana,2832.12,143
25-01-2024,Rice,Warangal,Telangana,2647.58,163
25-01-2024,Tomato,Hyderabad,Telangana,2011.6,123
25-01-2024,Tomato,Nizamabad,Telangana,1803.43,85
25-01-2024,Tomato,Karimnagar,Telangana,1936.03,77
25-01-2024,Potato,Karimnagar,Telangana,2097.15,172
25-01-2024,Tomato,Warangal,Telangana,1700.26,190
25-01-2024,Onion,Khammam,Telangana,1629.23,101
25-01-2024,Rice,Hyderabad,Telangana,2889.88,99
25-01-2024,Potato,Warangal,Telangana,1727.1,152
25-02-2022,Rice,Karimnagar,Telangana,3123.5,112
25-02-2022,Potato,Hyderabad,Telangana,1979.25,213
25-02-2022,Tomato,Karimnagar,Telangana,1880.41,62
25-02-2022,Rice,Warangal,Telangana,3146.3,20
25-02-2022,Tomato,Nizamabad,Telangana,1999.73,125
25-02-2022,Onion,Karimnagar,Telangana,1752.43,88
25-02-2022,Rice,Hyderabad,Telangana,3038.27,129
25-02-2022,Rice,Nizamabad,Telangana,2648.18,148
25-02-2022,Onion,Adilabad,Telangana,1547.93,97
25-02-2022,Onion,Warangal,Telangana,1848.59,109
25-02-2022,Onion,Khammam,Telangana,1689.63,124
25-02-2022,Rice,Khammam,Telangana,2912.46,128
25-02-2022,Tomato,Khammam,Telangana,1869.59,101
25-02-2022,Tomato,Warangal,Telangana,2052.06,189
25-02-2022,Onion,Hyderabad,Telangana,1769.54,117
25-02-2022,Potato,Adilabad,Telangana,1943.28,178
25-02-2022,Potato,Karimnagar,Telangana,2262.1,80
25-02-2022,Potato,Khammam,Telangana,2337.3,81
25-02-2022,Potato,Nizamabad,Telangana,2085.63,122
25-02-2022,Rice,Adilabad,Telangana,2949.92,154
25-02-2022,Potato,Warangal,Telangana,2332.05,113
25-02-2023,Potato,Hyderabad,Telangana,2134.74,161
25-02-2023,Potato,Nizamabad,Telangana,2274.27,118
25-02-2023,Onion,Nizamabad,Telangana,1764.86,109
25-02-2023,Tomato,Karimnagar,Telangana,2059.09,65
25-02-2023,Potato,Karimnagar,Telangana,2094.46,127
25-02-2023,Rice,Karimnagar,Telangana,3203.31,59
25-02-2023,Onion,Khammam,Telangana,1737.31,106
25-02-2023,Tomato,Khammam,Telangana,1918.32,111
25-02-2023,Potato,Adilabad,Telangana,2242.47,93
25-02-2023,Tomato,Nizamabad,Telangana,1827.6,111
25-02-2023,Tomato,Adilabad,Telangana,2172.45,75
25-02-2023,Rice,Hyderabad,Telangana,3054.67,71
25-02-2023,Potato,Warangal,Telangana,2283.63,71
25-02-2023,Rice,Warangal,Telangana,3036.87,104
25-02-2023,Tomato,Warangal,Telangana,1752.14,192
25-02-2023,Onion,Karimnagar,Telangana,1809.12,136
25-02-2023,Tomato,Hyderabad,Telangana,2007.29,118
25-02-2023,Rice,Adilabad,Telangana,2950.25,140
25-02-2023,Onion,Warangal,Telangana,1614.74,170
25-02-2023,Rice,Nizamabad,Telangana,2746.32,160
25-02-2023,Rice,Khammam,Telangana,2888.46,152
25-02-2023,Onion,Hyderabad,Telangana,1690.53,134
25-02-2024,Rice,Khammam,Telangana,2991.6,95
25-02-2024,Onion,Khammam,Telangana,1669.05,121
25-02-2024,Rice,Nizamabad,Telangana,3001.75,131
25-02-2024,Onion,Adilabad,Telangana,1559.95,207
25-02-2024,Tomato,Nizamabad,Telangana,2002.12,77
25-02-2024,Onion,Karimnagar,Telangana,1430.14,202
25-02-2024,Onion,Hyderabad,Telangana,1676.82,131
25-02-2024,Rice,Hyderabad,Telangana,2901.62,97
25-02-2024,Potato,Warangal,Telangana,2068.23,99
25-02-2024,Rice,Warangal,Telangana,2954.37,113
25-02-2024,Rice,Karimnagar,Telangana,3060.75,93
25-02-2024,Onion,Nizamabad,Telangana,1578.2,194
25-02-2024,Potato,Hyderabad,Telangana,2119.2,170
25-02-2024,Potato,Adilabad,Telangana,2100.8,123
25-02-2024,Tomato,Khammam,Telangana,2142.53,104
25-02-2024,Potato,Karimnagar,Telangana,2167.11,142
25-02-2024,Potato,Nizamabad,Telangana,2224.38,125
25-02-2024,Tomato,Hyderabad,Telangana,1709.79,151
25-02-2024,Potato,Khammam,Telangana,2173.23,142
25-02-2024,Tomato,Adilabad,Telangana,2007.7,46
25-02-2024,Rice,Adilabad,Telangana,2923.08,98
25-02-2024,Tomato,Karimnagar,Telangana,1745.48,132
25-02-2024,Onion,Warangal,Telangana,2001.37,68
25-03-2022,Onion,Khammam,Telangana,1865.3,94
25-03-2022,Rice,Adilabad,Telangana,2618.64,162
25-03-2022,Onion,Karimnagar,Telangana,1868.88,91
25-03-2022,Tomato,Nizamabad,Telangana,1954.98,163
25-03-2022,Rice,Warangal,Telangana,2973.99,150
25-03-2022,Potato,Adilabad,Telangana,1993.83,149
25-03-2022,Onion,Adilabad,Telangana,1726.99,145
25-03-2022,Onion,Hyderabad,Telangana,1584.84,145
25-03-2022,Potato,Khammam,Telangana,1971.25,159
25-03-2022,Potato,Nizamabad,Telangana,2168.16,75
25-03-2022,Rice,Hyderabad,Telangana,2755.88,149
25-03-2022,Rice,Khammam,Telangana,3229.81,68
25-03-2022,Potato,Karimnagar,Telangana,2079.1,114
25-03-2022,Rice,Nizamabad,Telangana,3086.01,94
25-03-2022,Potato,Warangal,Telangana,2174.5,99
25-03-2022,Onion,Nizamabad,Telangana,1573.49,160
25-03-2022,Potato,Hyderabad,Telangana,2122.43,106
25-03-2022,Tomato,Warangal,Telangana,1955.83,112
25-03-2022,Tomato,Hyderabad,Telangana,2121.6,152
25-03-2022,Rice,Karimnagar,Telangana,3199.16,93
25-03-2022,Tomato,Karimnagar,Telangana,2194.41,80
25-03-2022,Tomato,Khammam,Telangana,1763.66,189
25-03-2022,Onion,Warangal,Telangana,1780.81,120
25-03-2022,Tomato,Adilabad,Telangana,1940.11,69
25-03-2023,Rice,Adilabad,Telangana,2938.59,86
25-03-2023,Rice,Nizamabad,Telangana,2889.38,76
25-03-2023,Potato,Hyderabad,Telangana,2174.01,64
25-03-2023,Potato,Khammam,Telangana,2117.23,188
25-03-2023,Rice,Warangal,Telangana,3057.17,101
25-03-2023,Tomato,Hyderabad,Telangana,1989.59,113
25-03-2023,Onion,Hyderabad,Telangana,1662.08,94
25-03-2023,Rice,Hyderabad,Telangana,2965.56,167
25-03-2023,Tomato,Warangal,Telangana,1714.52,163
25-03-2023,Potato,Warangal,Telangana,2079.79,142
25-03-2023,Potato,Nizamabad,Telangana,2051.78,100
25-03-2023,Onion,Adilabad,Telangana,2076.05,37
25-03-2023,Potato,Adilabad,Telangana,2279.4,116
25-03-2023,Onion,Khammam,Telangana,1632.18,172
25-03-2023,Potato,Karimnagar,Telangana,2177.67,124
25-03-2023,Rice,Karimnagar,Telangana,2858.34,125
25-03-2023,Tomato,Nizamabad,Telangana,1897.9,82
25-03-2023,Tomato,Karimnagar,Telangana,2153.21,87
25-03-2023,Onion,Nizamabad,Telangana,1731.95,148
25-03-2023,Onion,Karimnagar,Telangana,1821.56,94
25-03-2023,Onion,Warangal,Telangana,2028.34,62
25-03-2023,Rice,Khammam,Telangana,2896.77,106
25-03-2023,Tomato,Adilabad,Telangana,1961.55,102
25-03-2023,Tomato,Khammam,Telangana,2005.5,166
25-03-2024,Tomato,Nizamabad,Telangana,2091.15,73
25-03-2024,Rice,Nizamabad,Telangana,2908.68,140
25-03-2024,Tomato,Khammam,Telangana,1769.04,140
25-03-2024,Rice,Adilabad,Telangana,2852.17,143
25-03-2024,Rice,Warangal,Telangana,3026.79,127
25-03-2024,Potato,Nizamabad,Telangana,2113.41,152
25-03-2024,Onion,Karimnagar,Telangana,1802.4,186
25-03-2024,Tomato,Warangal,Telangana,2056.6,137
25-03-2024,Rice,Khammam,Telangana,2972.23,103
25-03-2024,Onion,Nizamabad,Telangana,1669.16,155
25-03-2024,Tomato,Adilabad,Telangana,2101.71,157
25-03-2024,Rice,Hyderabad,Telangana,2917.05,69
25-03-2024,Potato,Adilabad,Telangana,2119.02,82
25-03-2024,Onion,Adilabad,Telangana,1696.68,137
25-03-2024,Rice,Karimnagar,Telangana,3002.59,97
25-03-2024,Potato,Warangal,Telangana,2100.24,118
25-03-2024,Potato,Hyderabad,Telangana,1997.4,77
25-03-2024,Potato,Khammam,Telangana,2188.64,109
25-03-2024,Onion,Khammam,Telangana,1864.21,84
25-03-2024,Potato,Karimnagar,Telangana,1822.02,141
25-03-2024,Onion,Hyderabad,Telangana,1745.67,110
25-03-2024,Tomato,Karimnagar,Telangana,2025.4,144
25-04-2022,Tomato,Warangal,Telangana,1869.86,128
25-04-2022,Potato,Warangal,Telangana,2270.8,90
25-04-2022,Potato,Nizamabad,Telangana,2291.94,48
25-04-2022,Rice,Khammam,Telangana,2974.39,65
25-04-2022,Onion,Nizamabad,Telangana,1687.84,71
25-04-2022,Onion,Khammam,Telangana,1765.71,153
25-04-2022,Potato,Khammam,Telangana,2159.91,60
25-04-2022,Onion,Adilabad,Telangana,1698.87,116
25-04-2022,Tomato,Adilabad,Telangana,2089.2,49
25-04-2022,Tomato,Hyderabad,Telangana,2084.41,91
25-04-2022,Tomato,Nizamabad,Telangana,2054.88,87
25-04-2022,Potato,Karimnagar,Telangana,2250.4,113
25-04-2022,Potato,Adilabad,Telangana,2199.48,99
25-04-2022,Onion,Warangal,Telangana,1576.84,138
25-04-2022,Rice,Nizamabad,Telangana,3001.75,108
25-04-2022,Rice,Adilabad,Telangana,2702.73,206
25-04-2022,Rice,Karimnagar,Telangana,2974.48,118
25-04-2022,Tomato,Karimnagar,Telangana,1908.57,167
25-04-2022,Potato,Hyderabad,Telangana,2261.15,77
25-04-2022,Tomato,Khammam,Telangana,1742.02,128
25-04-2022,Onion,Hyderabad,Telangana,1746.25,134
25-04-2023,Potato,Hyderabad,Telangana,2067.14,141
25-04-2023,Potato,Karimnagar,Telangana,2133.15,125
25-04-2023,Potato,Khammam,Telangana,2266.32,97
25-04-2023,Rice,Adilabad,Telangana,2544.12,179
25-04-2023,Potato,Adilabad,Telangana,2023.62,109
25-04-2023,Tomato,Khammam,Telangana,1819.43,137
25-04-2023,Tomato,Adilabad,Telangana,1943.97,146
25-04-2023,Rice,Nizamabad,Telangana,3185.71,49
25-04-2023,Onion,Nizamabad,Telangana,1751.04,114
25-04-2023,Onion,Khammam,Telangana,1537.99,165
25-04-2023,Onion,Warangal,Telangana,1755.51,145
25-04-2023,Tomato,Nizamabad,Telangana,1924.96,40
25-04-2023,Rice,Khammam,Telangana,3109.01,49
25-04-2023,Onion,Adilabad,Telangana,1649.46,173
25-04-2023,Potato,Nizamabad,Telangana,2311.74,81
25-04-2023,Rice,Warangal,Telangana,2805.55,147
25-04-2023,Tomato,Karimnagar,Telangana,2067.51,98
25-04-2023,Potato,Warangal,Telangana,2375.72,73
25-04-2023,Tomato,Hyderabad,Telangana,1954.58,142
25-04-2023,Tomato,Warangal,Telangana,2111.58,74
25-04-2023,Onion,Hyderabad,Telangana,1741.95,136
25-04-2023,Rice,Hyderabad,Telangana,3066.32,127
25-04-2023,Rice,Karimnagar,Telangana,2865.05,104
25-04-2024,Rice,Karimnagar,Telangana,2961.34,114
25-04-2024,Rice,Nizamabad,Telangana,3032.51,136
25-04-2024,Potato,Adilabad,Telangana,2254.31,112
25-04-2024,Onion,Warangal,Telangana,1783.9,64
25-04-2024,Tomato,Khammam,Telangana,2033.22,107
25-04-2024,Onion,Nizamabad,Telangana,1792.02,31
25-04-2024,Potato,Warangal,Telangana,2288.04,78
25-04-2024,Onion,Karimnagar,Telangana,1828.28,125
25-04-2024,Potato,Karimnagar,Telangana,2301.38,117
25-04-2024,Potato,Khammam,Telangana,2102.52,134
25-04-2024,Potato,Nizamabad,Telangana,2362.14,25
25-04-2024,Tomato,Warangal,Telangana,1945.9,106
25-04-2024,Rice,Warangal,Telangana,2892.28,60
25-04-2024,Tomato,Karimnagar,Telangana,1874.32,182
25-04-2024,Rice,Adilabad,Telangana,2994.38,94
25-04-2024,Onion,Khammam,Telangana,1724.19,138
25-04-2024,Tomato,Nizamabad,Telangana,2184.77,100
25-04-2024,Rice,Hyderabad,Telangana,3269.32,61
25-04-2024,Onion,Hyderabad,Telangana,1702.33,148
25-04-2024,Tomato,Adilabad,Telangana,2090.12,99
25-04-2024,Tomato,Hyderabad,Telangana,1840.53,143
25-05-2022,Potato,Hyderabad,Telangana,2146.08,140
25-05-2022,Rice,Khammam,Telangana,2752.66,167
25-05-2022,Rice,Nizamabad,Telangana,2868.12,177
25-05-2022,Rice,Hyderabad,Telangana,2873.88,202
25-05-2022,Onion,Nizamabad,Telangana,1807.13,167
25-05-2022,Potato,Warangal,Telangana,2255.13,106
25-05-2022,Onion,Adilabad,Telangana,1818.52,112
25-05-2022,Onion,Khammam,Telangana,1970.57,81
25-05-2022,Rice,Karimnagar,Telangana,3152.51,55
25-05-2022,Potato,Karimnagar,Telangana,2086.57,198
25-05-2022,Tomato,Warangal,Telangana,2095.35,101
25-05-2022,Rice,Adilabad,Telangana,3079.42,113
25-05-2022,Onion,Karimnagar,Telangana,1521.11,168
25-05-2022,Tomato,Karimnagar,Telangana,1975.01,125
25-05-2022,Potato,Khammam,Telangana,2122.66,62
25-05-2022,Potato,Nizamabad,Telangana,2391.17,50
25-05-2022,Tomato,Adilabad,Telangana,1990.06,120
25-05-2022,Rice,Warangal,Telangana,3090.98,43
25-05-2022,Onion,Hyderabad,Telangana,2075.63,20
25-05-2022,Onion,Warangal,Telangana,1598.37,124
25-05-2022,Tomato,Hyderabad,Telangana,1786.33,131
25-05-2022,Tomato,Khammam,Telangana,1960.09,130
25-05-2023,Rice,Warangal,Telangana,2705.25,138
25-05-2023,Potato,Warangal,Telangana,2227.51,97
25-05-2023,Tomato,Khammam,Telangana,1741.14,111
25-05-2023,Potato,Adilabad,Telangana,2035.25,125
25-05-2023,Onion,Nizamabad,Telangana,1565.76,111
25-05-2023,Tomato,Hyderabad,Telangana,1959.96,107
25-05-2023,Rice,Adilabad,Telangana,2630.99,170
25-05-2023,Onion,Adilabad,Telangana,1686.28,188
25-05-2023,Onion,Khammam,Telangana,1882.4,90
25-05-2023,Tomato,Adilabad,Telangana,2156.4,91
25-05-2023,Onion,Hyderabad,Telangana,1754.53,124
25-05-2023,Potato,Khammam,Telangana,2241.43,118
25-05-2023,Potato,Nizamabad,Telangana,2327.85,96
25-05-2023,Potato,Hyderabad,Telangana,2211.96,82
25-05-2023,Rice,Nizamabad,Telangana,2823.51,124
25-05-2023,Rice,Hyderabad,Telangana,2825.5,117
25-05-2023,Rice,Karimnagar,Telangana,2600.22,173
25-05-2023,Tomato,Nizamabad,Telangana,1817.57,139
25-05-2023,Onion,Karimnagar,Telangana,1666.58,107
25-05-2023,Tomato,Karimnagar,Telangana,1872.36,119
25-05-2023,Potato,Karimnagar,Telangana,1999.2,133
25-05-2024,Potato,Khammam,Telangana,1805.39,200
25-05-2024,Onion,Nizamabad,Telangana,1644.52,165
25-05-2024,Tomato,Hyderabad,Telangana,2161.67,20
25-05-2024,Onion,Warangal,Telangana,1692.13,167
25-05-2024,Onion,Khammam,Telangana,1592.1,151
25-05-2024,Rice,Hyderabad,Telangana,2858.61,154
25-05-2024,Rice,Karimnagar,Telangana,2902.35,89
25-05-2024,Rice,Nizamabad,Telangana,2823.72,116
25-05-2024,Potato,Karimnagar,Telangana,1944.92,137
25-05-2024,Rice,Warangal,Telangana,2946.49,85
25-05-2024,Potato,Nizamabad,Telangana,2138.76,86
25-05-2024,Tomato,Khammam,Telangana,1717.04,129
25-05-2024,Onion,Karimnagar,Telangana,1824.72,117
25-05-2024,Tomato,Karimnagar,Telangana,1877.38,144
25-05-2024,Potato,Hyderabad,Telangana,1775.11,190
25-05-2024,Potato,Adilabad,Telangana,1903.35,235
25-05-2024,Rice,Khammam,Telangana,3100.49,76
25-05-2024,Tomato,Nizamabad,Telangana,1915.25,147
25-05-2024,Potato,Warangal,Telangana,1928.58,148
25-05-2024,Onion,Hyderabad,Telangana,1449.42,140
25-05-2024,Onion,Adilabad,Telangana,1576.6,108
25-05-2024,Tomato,Warangal,Telangana,1736.18,98
25-05-2024,Tomato,Adilabad,Telangana,1986.27,133
25-06-2022,Onion,Hyderabad,Telangana,1542.63,117
25-06-2022,Onion,Adilabad,Telangana,1413.42,102
25-06-2022,Potato,Warangal,Telangana,1772.65,154
25-06-2022,Rice,Karimnagar,Telangana,2537.39,162
25-06-2022,Rice,Warangal,Telangana,2647.29,227
25-06-2022,Tomato,Khammam,Telangana,1989.82,133
25-06-2022,Rice,Adilabad,Telangana,2668.1,88
25-06-2022,Onion,Khammam,Telangana,1571.07,110
25-06-2022,Tomato,Hyderabad,Telangana,1938.79,132
25-06-2022,Rice,Hyderabad,Telangana,2643.78,178
25-06-2022,Tomato,Warangal,Telangana,2001.13,112
25-06-2022,Potato,Adilabad,Telangana,2146.14,83
25-06-2022,Onion,Warangal,Telangana,1350.5,146
25-06-2022,Onion,Nizamabad,Telangana,1371.74,170
25-06-2022,Onion,Karimnagar,Telangana,1476.09,166
25-06-2022,Potato,Nizamabad,Telangana,1766.06,108
25-06-2022,Rice,Nizamabad,Telangana,2786.21,183
25-06-2022,Rice,Khammam,Telangana,2806.46,103
25-06-2022,Potato,Khammam,Telangana,2159.02,129
25-06-2022,Tomato,Nizamabad,Telangana,1641.78,118
25-06-2022,Tomato,Karimnagar,Telangana,1645.64,140
25-06-2023,Onion,Nizamabad,Telangana,1634.78,129
25-06-2023,Potato,Khammam,Telangana,1919.92,177
25-06-2023,Potato,Warangal,Telangana,1908.75,137
25-06-2023,Onion,Karimnagar,Telangana,1579.83,107
25-06-2023,Potato,Nizamabad,Telangana,2055.4,111
25-06-2023,Potato,Adilabad,Telangana,1726.04,149
25-06-2023,Onion,Hyderabad,Telangana,1539.74,123
25-06-2023,Tomato,Karimnagar,Telangana,1736.58,110
25-06-2023,Potato,Karimnagar,Telangana,1993.2,163
25-06-2023,Rice,Adilabad,Telangana,2590.66,141
25-06-2023,Tomato,Hyderabad,Telangana,1771.84,106
25-06-2023,Tomato,Adilabad,Telangana,1482.83,193
25-06-2023,Potato,Hyderabad,Telangana,1914.75,82
25-06-2023,Rice,Khammam,Telangana,3034.32,95
25-06-2023,Tomato,Warangal,Telangana,1711.27,30
25-06-2023,Tomato,Khammam,Telangana,1976.69,107
25-06-2023,Rice,Hyderabad,Telangana,2990.78,125
25-06-2023,Tomato,Nizamabad,Telangana,1488.43,147
25-06-2023,Onion,Warangal,Telangana,1765.83,52
25-06-2023,Onion,Adilabad,Telangana,1656.94,115
25-07-2022,Onion,Warangal,Telangana,1278.73,163
25-07-2022,Rice,Khammam,Telangana,3011.32,78
25-07-2022,Tomato,Hyderabad,Telangana,1493.5,148
25-07-2022,Tomato,Nizamabad,Telangana,1769.49,164
25-07-2022,Potato,Warangal,Telangana,1917.0,49
25-07-2022,Rice,Hyderabad,Telangana,2699.28,153
25-07-2022,Onion,Adilabad,Telangana,1460.27,134
25-07-2022,Onion,Nizamabad,Telangana,1264.16,209
25-07-2022,Tomato,Warangal,Telangana,1859.0,69
25-07-2022,Onion,Karimnagar,Telangana,1624.49,91
25-07-2022,Tomato,Khammam,Telangana,1223.85,129
25-07-2022,Potato,Adilabad,Telangana,1701.2,60
25-07-2022,Potato,Nizamabad,Telangana,1967.99,104
25-07-2022,Rice,Karimnagar,Telangana,2657.41,68
25-07-2022,Onion,Khammam,Telangana,1470.39,163
25-07-2022,Onion,Hyderabad,Telangana,1396.68,159
25-07-2022,Potato,Hyderabad,Telangana,2138.21,87
25-07-2022,Rice,Adilabad,Telangana,2725.83,144
25-07-2022,Rice,Nizamabad,Telangana,2833.01,72
25-07-2022,Potato,Karimnagar,Telangana,1841.99,81
25-07-2022,Rice,Warangal,Telangana,2594.06,82
25-07-2022,Potato,Khammam,Telangana,1960.38,169
25-07-2022,Tomato,Karimnagar,Telangana,1515.79,120
25-07-2022,Tomato,Adilabad,Telangana,1579.58,118
25-07-2023,Potato,Adilabad,Telangana,1700.5,155
25-07-2023,Onion,Khammam,Telangana,1286.72,163
25-07-2023,Tomato,Karimnagar,Telangana,1703.96,140
25-07-2023,Potato,Warangal,Telangana,1732.81,156
25-07-2023,Tomato,Warangal,Telangana,1550.48,159
25-07-2023,Onion,Nizamabad,Telangana,1733.76,97
25-07-2023,Rice,Nizamabad,Telangana,2667.43,72
25-07-2023,Potato,Hyderabad,Telangana,1931.86,104
25-07-2023,Rice,Khammam,Telangana,2892.94,78
25-07-2023,Rice,Warangal,Telangana,2819.62,39
25-07-2023,Onion,Hyderabad,Telangana,1501.34,159
25-07-2023,Onion,Adilabad,Telangana,1529.18,135
25-07-2023,Rice,Adilabad,Telangana,2538.86,178
25-07-2023,Rice,Karimnagar,Telangana,2570.01,150
25-07-2023,Onion,Warangal,Telangana,1371.52,117
25-07-2023,Tomato,Khammam,Telangana,1676.53,123
25-07-2023,Tomato,Hyderabad,Telangana,1873.54,108
25-07-2023,Potato,Karimnagar,Telangana,1951.2,99
25-07-2023,Tomato,Adilabad,Telangana,1790.81,112
25-07-2023,Onion,Karimnagar,Telangana,1269.35,89
25-07-2023,Potato,Khammam,Telangana,2073.44,109
25-07-2023,Potato,Nizamabad,Telangana,1846.7,150
25-07-2023,Tomato,Nizamabad,Telangana,1341.51,131
25-07-2023,Rice,Hyderabad,Telangana,2910.82,84
25-08-2022,Onion,Karimnagar,Telangana,1512.91,123
25-08-2022,Potato,Khammam,Telangana,1809.63,75
25-08-2022,Onion,Nizamabad,Telangana,1352.87,129
25-08-2022,Rice,Khammam,Telangana,2759.28,111
25-08-2022,Onion,Khammam,Telangana,1461.0,40
25-08-2022,Tomato,Karimnagar,Telangana,1707.37,58
25-08-2022,Rice,Karimnagar,Telangana,2528.83,157
25-08-2022,Onion,Hyderabad,Telangana,1552.78,91
25-08-2022,Potato,Nizamabad,Telangana,1605.32,165
25-08-2022,Tomato,Hyderabad,Telangana,1886.79,59
25-08-2022,Potato,Adilabad,Telangana,1499.94,186
25-08-2022,Rice,Adilabad,Telangana,2628.24,116
25-08-2022,Rice,Hyderabad,Telangana,2823.26,88
25-08-2022,Tomato,Nizamabad,Telangana,1463.49,134
25-08-2022,Potato,Hyderabad,Telangana,1550.28,177
25-08-2022,Tomato,Khammam,Telangana,1539.97,133
25-08-2022,Onion,Warangal,Telangana,1401.99,147
25-08-2022,Rice,Warangal,Telangana,2574.98,81
25-08-2022,Potato,Warangal,Telangana,1897.67,132
25-08-2022,Potato,Karimnagar,Telangana,1781.84,165
25-08-2023,Potato,Nizamabad,Telangana,1757.63,43
25-08-2023,Potato,Karimnagar,Telangana,1738.22,181
25-08-2023,Potato,Adilabad,Telangana,1758.04,165
25-08-2023,Tomato,Nizamabad,Telangana,1579.37,156
25-08-2023,Onion,Karimnagar,Telangana,1403.52,205
25-08-2023,Rice,Nizamabad,Telangana,2435.86,123
25-08-2023,Rice,Warangal,Telangana,2576.15,143
25-08-2023,Rice,Hyderabad,Telangana,2214.81,221
25-08-2023,Onion,Adilabad,Telangana,1364.08,107
25-08-2023,Rice,Khammam,Telangana,2758.64,87
25-08-2023,Onion,Nizamabad,Telangana,1261.51,174
25-08-2023,Tomato,Khammam,Telangana,1530.45,145
25-08-2023,Tomato,Karimnagar,Telangana,1627.81,64
25-08-2023,Rice,Karimnagar,Telangana,2693.96,90
25-08-2023,Potato,Hyderabad,Telangana,1833.23,55
25-08-2023,Tomato,Hyderabad,Telangana,1657.96,124
25-08-2023,Onion,Warangal,Telangana,1150.59,217
25-08-2023,Onion,Khammam,Telangana,1446.67,104
25-08-2023,Tomato,Adilabad,Telangana,1569.38,139
25-08-2023,Tomato,Warangal,Telangana,1861.29,103
25-08-2023,Onion,Hyderabad,Telangana,1423.76,106
25-08-2023,Rice,Adilabad,Telangana,2579.99,80
25-08-2023,Potato,Khammam,Telangana,1866.72,96
25-08-2023,Potato,Warangal,Telangana,1881.24,139
25-09-2022,Onion,Nizamabad,Telangana,1330.49,136
25-09-2022,Potato,Nizamabad,Telangana,1383.67,188
25-09-2022,Rice,Adilabad,Telangana,2496.4,113
25-09-2022,Potato,Khammam,Telangana,1865.77,103
25-09-2022,Tomato,Karimnagar,Telangana,1524.76,115
25-09-2022,Tomato,Hyderabad,Telangana,1621.04,93
25-09-2022,Potato,Adilabad,Telangana,1722.79,105
25-09-2022,Onion,Khammam,Telangana,1417.3,116
25-09-2022,Potato,Hyderabad,Telangana,1633.56,145
25-09-2022,Onion,Karimnagar,Telangana,1211.74,164
25-09-2022,Potato,Warangal,Telangana,1703.51,100
25-09-2022,Rice,Warangal,Telangana,2525.34,95
25-09-2022,Onion,Warangal,Telangana,1433.27,113
25-09-2022,Rice,Hyderabad,Telangana,2852.95,46
25-09-2022,Onion,Hyderabad,Telangana,1358.41,63
25-09-2022,Rice,Karimnagar,Telangana,2571.21,93
25-09-2022,Rice,Khammam,Telangana,2663.08,129
25-09-2022,Tomato,Adilabad,Telangana,1441.22,152
25-09-2022,Potato,Karimnagar,Telangana,1889.53,123
25-09-2022,Rice,Nizamabad,Telangana,2984.81,28
25-09-2022,Tomato,Khammam,Telangana,1352.74,124
25-09-2023,Tomato,Warangal,Telangana,1721.94,59
25-09-2023,Tomato,Adilabad,Telangana,1549.44,150
25-09-2023,Tomato,Karimnagar,Telangana,1367.19,116
25-09-2023,Potato,Warangal,Telangana,1650.24,129
25-09-2023,Onion,Nizamabad,Telangana,1165.69,147
25-09-2023,Rice,Khammam,Telangana,2752.36,71
25-09-2023,Potato,Hyderabad,Telangana,1665.65,126
25-09-2023,Potato,Khammam,Telangana,1759.88,136
25-09-2023,Potato,Nizamabad,Telangana,1938.1,91
25-09-2023,Rice,Warangal,Telangana,2540.6,136
25-09-2023,Potato,Adilabad,Telangana,1961.64,93
25-09-2023,Rice,Nizamabad,Telangana,2657.08,90
25-09-2023,Tomato,Hyderabad,Telangana,1379.7,126
25-09-2023,Potato,Karimnagar,Telangana,1456.62,199
25-09-2023,Tomato,Nizamabad,Telangana,1508.46,91
25-09-2023,Onion,Khammam,Telangana,1547.51,98
25-09-2023,Onion,Adilabad,Telangana,1519.79,123
25-09-2023,Onion,Hyderabad,Telangana,1328.76,146
25-09-2023,Onion,Warangal,Telangana,1491.31,146
25-09-2023,Rice,Karimnagar,Telangana,2514.41,122
25-09-2023,Rice,Adilabad,Telangana,2428.59,107
25-09-2023,Rice,Hyderabad,Telangana,2276.99,136
25-10-2022,Rice,Nizamabad,Telangana,2500.32,93
25-10-2022,Tomato,Khammam,Telangana,1715.04,122
25-10-2022,Potato,Hyderabad,Telangana,1772.88,98
25-10-2022,Potato,Khammam,Telangana,1724.8,163
25-10-2022,Tomato,Adilabad,Telangana,1513.63,124
25-10-2022,Rice,Hyderabad,Telangana,2637.66,51
25-10-2022,Potato,Nizamabad,Telangana,1587.69,118
25-10-2022,Tomato,Nizamabad,Telangana,1528.38,154
25-10-2022,Onion,Karimnagar,Telangana,1292.65,107
25-10-2022,Onion,Nizamabad,Telangana,1307.05,156
25-10-2022,Onion,Hyderabad,Telangana,1360.88,86
25-10-2022,Onion,Adilabad,Telangana,1576.45,92
25-10-2022,Potato,Karimnagar,Telangana,1937.12,64
25-10-2022,Potato,Adilabad,Telangana,1905.19,103
25-10-2022,Onion,Warangal,Telangana,1279.91,79
25-10-2022,Potato,Warangal,Telangana,1891.57,132
25-10-2022,Rice,Adilabad,Telangana,2482.74,146
25-10-2022,Tomato,Hyderabad,Telangana,1432.6,161
25-10-2022,Rice,Khammam,Telangana,2611.51,160
25-10-2022,Tomato,Karimnagar,Telangana,1708.3,24
25-10-2022,Onion,Khammam,Telangana,1419.64,121
25-10-2022,Rice,Warangal,Telangana,2302.06,114
25-10-2022,Tomato,Warangal,Telangana,1409.85,116
25-10-2023,Onion,Adilabad,Telangana,1456.87,159
25-10-2023,Potato,Hyderabad,Telangana,1717.51,97
25-10-2023,Rice,Hyderabad,Telangana,2414.97,92
25-10-2023,Potato,Warangal,Telangana,1770.24,114
25-10-2023,Onion,Hyderabad,Telangana,1232.87,155
25-10-2023,Rice,Adilabad,Telangana,2997.53,26
25-10-2023,Onion,Nizamabad,Telangana,1714.45,38
25-10-2023,Tomato,Nizamabad,Telangana,1759.47,100
25-10-2023,Rice,Khammam,Telangana,2570.32,146
25-10-2023,Onion,Karimnagar,Telangana,1261.89,126
25-10-2023,Tomato,Khammam,Telangana,1589.17,50
25-10-2023,Rice,Karimnagar,Telangana,2804.41,137
25-10-2023,Tomato,Karimnagar,Telangana,1481.66,137
25-10-2023,Tomato,Hyderabad,Telangana,1334.75,122
25-10-2023,Rice,Nizamabad,Telangana,2794.96,55
25-10-2023,Potato,Khammam,Telangana,1715.26,176
25-10-2023,Tomato,Warangal,Telangana,1676.56,114
25-10-2023,Potato,Karimnagar,Telangana,1758.24,125
25-10-2023,Tomato,Adilabad,Telangana,1404.1,127
25-10-2023,Potato,Adilabad,Telangana,1714.77,114
25-10-2023,Onion,Warangal,Telangana,1135.38,205
25-10-2023,Rice,Warangal,Telangana,2455.0,144
25-10-2023,Potato,Nizamabad,Telangana,1579.5,220
25-11-2022,Tomato,Hyderabad,Telangana,1638.16,120
25-11-2022,Rice,Nizamabad,Telangana,2570.59,86
25-11-2022,Tomato,Adilabad,Telangana,1372.02,144
25-11-2022,Tomato,Karimnagar,Telangana,1879.99,86
25-11-2022,Potato,Nizamabad,Telangana,1685.44,103
25-11-2022,Rice,Karimnagar,Telangana,2857.22,73
25-11-2022,Onion,Khammam,Telangana,1588.04,76
25-11-2022,Rice,Warangal,Telangana,2679.94,119
25-11-2022,Onion,Hyderabad,Telangana,1388.55,196
25-11-2022,Onion,Karimnagar,Telangana,1226.06,103
25-11-2022,Onion,Adilabad,Telangana,1360.57,99
25-11-2022,Potato,Warangal,Telangana,1851.39,117
25-11-2022,Potato,Karimnagar,Telangana,1952.18,112
25-11-2022,Potato,Khammam,Telangana,1742.22,133
25-11-2022,Tomato,Warangal,Telangana,1717.78,96
25-11-2022,Onion,Warangal,Telangana,1338.44,194
25-11-2022,Potato,Hyderabad,Telangana,2043.93,95
25-11-2022,Rice,Hyderabad,Telangana,2712.14,162
25-11-2022,Tomato,Khammam,Telangana,1632.74,71
25-11-2022,Rice,Adilabad,Telangana,2570.27,142
25-11-2022,Potato,Adilabad,Telangana,1730.93,147
25-11-2023,Rice,Khammam,Telangana,2611.67,114
25-11-2023,Tomato,Adilabad,Telangana,1691.62,70
25-11-2023,Rice,Warangal,Telangana,2815.44,98
25-11-2023,Onion,Adilabad,Telangana,1514.17,170
25-11-2023,Tomato,Nizamabad,Telangana,1427.2,159
25-11-2023,Potato,Khammam,Telangana,1759.57,151
25-11-2023,Tomato,Khammam,Telangana,1236.08,194
25-11-2023,Potato,Nizamabad,Telangana,2029.41,83
25-11-2023,Onion,Hyderabad,Telangana,1357.94,136
25-11-2023,Tomato,Hyderabad,Telangana,1724.44,172
25-11-2023,Potato,Warangal,Telangana,1912.79,75
25-11-2023,Rice,Adilabad,Telangana,2615.52,67
25-11-2023,Potato,Karimnagar,Telangana,1556.45,163
25-11-2023,Rice,Karimnagar,Telangana,2693.88,52
25-11-2023,Tomato,Warangal,Telangana,1844.3,72
25-11-2023,Tomato,Karimnagar,Telangana,1667.38,111
25-11-2023,Rice,Hyderabad,Telangana,2892.07,87
25-11-2023,Potato,Adilabad,Telangana,1732.26,127
25-11-2023,Onion,Warangal,Telangana,1565.99,124
25-11-2023,Onion,Khammam,Telangana,1394.41,145
25-11-2023,Onion,Karimnagar,Telangana,1623.18,62
25-11-2023,Onion,Nizamabad,Telangana,1532.37,87
25-11-2023,Rice,Nizamabad,Telangana,2741.77,156
25-12-2022,Rice,Karimnagar,Telangana,2700.53,130
25-12-2022,Onion,Khammam,Telangana,1413.53,109
25-12-2022,Tomato,Warangal,Telangana,1463.64,123
25-12-2022,Rice,Hyderabad,Telangana,2689.79,113
25-12-2022,Onion,Nizamabad,Telangana,1597.05,98
25-12-2022,Onion,Warangal,Telangana,1398.43,213
25-12-2022,Rice,Adilabad,Telangana,2821.28,120
25-12-2022,Potato,Karimnagar,Telangana,1938.54,120
25-12-2022,Potato,Hyderabad,Telangana,1938.85,160
25-12-2022,Rice,Warangal,Telangana,2893.27,135
25-12-2022,Tomato,Nizamabad,Telangana,1571.52,152
25-12-2022,Potato,Nizamabad,Telangana,2239.44,102
25-12-2022,Tomato,Karimnagar,Telangana,1963.31,74
25-12-2022,Potato,Adilabad,Telangana,2072.2,105
25-12-2022,Rice,Nizamabad,Telangana,3016.92,20
25-12-2022,Onion,Adilabad,Telangana,1414.06,172
25-12-2022,Onion,Karimnagar,Telangana,1507.44,105
25-12-2022,Potato,Warangal,Telangana,1909.34,119
25-12-2022,Rice,Khammam,Telangana,2856.54,106
25-12-2022,Tomato,Khammam,Telangana,1703.09,109
25-12-2022,Tomato,Hyderabad,Telangana,1745.99,124
25-12-2022,Potato,Khammam,Telangana,1883.17,123
25-12-2022,Onion,Hyderabad,Telangana,1656.17,107
25-12-2023,Onion,Adilabad,Telangana,1615.84,92
25-12-2023,Potato,Warangal,Telangana,1920.7,185
25-12-2023,Onion,Warangal,Telangana,1556.42,107
25-12-2023,Onion,Hyderabad,Telangana,1436.39,130
25-12-2023,Onion,Nizamabad,Telangana,1529.54,127
25-12-2023,Rice,Khammam,Telangana,2903.37,72
25-12-2023,Tomato,Karimnagar,Telangana,1899.31,37
25-12-2023,Rice,Karimnagar,Telangana,2789.61,84
25-12-2023,Rice,Hyderabad,Telangana,2760.27,99
25-12-2023,Tomato,Nizamabad,Telangana,1787.11,123
25-12-2023,Rice,Warangal,Telangana,2917.33,105
25-12-2023,Onion,Khammam,Telangana,1467.11,95
25-12-2023,Tomato,Adilabad,Telangana,1549.85,150
25-12-2023,Tomato,Warangal,Telangana,1613.98,137
25-12-2023,Tomato,Khammam,Telangana,1887.49,31
25-12-2023,Potato,Khammam,Telangana,2144.54,78
25-12-2023,Tomato,Hyderabad,Telangana,1850.32,98
25-12-2023,Potato,Hyderabad,Telangana,1847.55,99
25-12-2023,Potato,Nizamabad,Telangana,1988.11,123
25-12-2023,Onion,Karimnagar,Telangana,1774.31,95
25-12-2023,Rice,Adilabad,Telangana,2781.07,150
26-01-2022,Tomato,Hyderabad,Telangana,1773.23,132
26-01-2022,Onion,Hyderabad,Telangana,1796.57,85
26-01-2022,Onion,Nizamabad,Telangana,1369.45,120
26-01-2022,Potato,Khammam,Telangana,1989.44,113
26-01-2022,Rice,Karimnagar,Telangana,3058.91,48
26-01-2022,Potato,Hyderabad,Telangana,2002.41,88
26-01-2022,Onion,Warangal,Telangana,1371.49,174
26-01-2022,Potato,Warangal,Telangana,2306.45,137
26-01-2022,Tomato,Adilabad,Telangana,1676.0,136
26-01-2022,Potato,Nizamabad,Telangana,1749.51,120
26-01-2022,Onion,Khammam,Telangana,1621.1,127
26-01-2022,Tomato,Khammam,Telangana,1729.0,133
26-01-2022,Onion,Karimnagar,Telangana,1675.44,113
26-01-2022,Rice,Khammam,Telangana,2873.71,176
26-01-2022,Onion,Adilabad,Telangana,1667.75,142
26-01-2022,Potato,Adilabad,Telangana,1852.85,96
26-01-2022,Tomato,Warangal,Telangana,2108.48,94
26-01-2022,Tomato,Karimnagar,Telangana,1877.53,136
26-01-2022,Rice,Warangal,Telangana,2725.58,99
26-01-2022,Potato,Karimnagar,Telangana,1995.92,162
26-01-2022,Rice,Adilabad,Telangana,3054.3,89
26-01-2022,Rice,Hyderabad,Telangana,2693.35,81
26-01-2022,Tomato,Nizamabad,Telangana,1892.75,102
26-01-2023,Potato,Warangal,Telangana,2183.18,113
26-01-2023,Rice,Karimnagar,Telangana,2740.27,94
26-01-2023,Rice,Nizamabad,Telangana,2823.59,135
26-01-2023,Potato,Adilabad,Telangana,1957.55,98
26-01-2023,Rice,Khammam,Telangana,2778.96,108
26-01-2023,Tomato,Karimnagar,Telangana,1852.58,126
26-01-2023,Tomato,Hyderabad,Telangana,1669.2,127
26-01-2023,Potato,Khammam,Telangana,2307.38,110
26-01-2023,Onion,Khammam,Telangana,1614.14,110
26-01-2023,Tomato,Khammam,Telangana,1858.94,82
26-01-2023,Tomato,Adilabad,Telangana,2010.02,101
26-01-2023,Potato,Hyderabad,Telangana,2031.84,127
26-01-2023,Onion,Nizamabad,Telangana,1668.59,122
26-01-2023,Potato,Nizamabad,Telangana,2032.92,69
26-01-2023,Onion,Karimnagar,Telangana,1440.34,104
26-01-2023,Onion,Hyderabad,Telangana,1710.8,114
26-01-2023,Rice,Hyderabad,Telangana,3074.84,87
26-01-2023,Rice,Adilabad,Telangana,2533.41,207
26-01-2023,Tomato,Warangal,Telangana,1862.14,134
26-01-2023,Rice,Warangal,Telangana,2890.64,186
26-01-2023,Onion,Adilabad,Telangana,1530.11,114
26-01-2023,Tomato,Nizamabad,Telangana,1730.79,158
26-01-2023,Onion,Warangal,Telangana,1724.57,153
26-01-2024,Tomato,Warangal,Telangana,1993.38,72
26-01-2024,Potato,Nizamabad,Telangana,1785.45,134
26-01-2024,Onion,Khammam,Telangana,1555.7,92
26-01-2024,Potato,Karimnagar,Telangana,2088.61,167
26-01-2024,Onion,Warangal,Telangana,1651.04,88
26-01-2024,Rice,Khammam,Telangana,3027.86,126
26-01-2024,Onion,Karimnagar,Telangana,1685.05,81
26-01-2024,Rice,Hyderabad,Telangana,2762.91,147
26-01-2024,Tomato,Karimnagar,Telangana,2188.16,100
26-01-2024,Onion,Hyderabad,Telangana,1566.36,185
26-01-2024,Onion,Nizamabad,Telangana,1609.79,178
26-01-2024,Potato,Warangal,Telangana,1938.23,151
26-01-2024,Potato,Adilabad,Telangana,1868.74,118
26-01-2024,Rice,Warangal,Telangana,2782.04,93
26-01-2024,Tomato,Hyderabad,Telangana,1912.2,74
26-01-2024,Onion,Adilabad,Telangana,1724.35,62
26-01-2024,Tomato,Khammam,Telangana,1799.12,115
26-01-2024,Tomato,Adilabad,Telangana,1921.47,81
26-01-2024,Tomato,Nizamabad,Telangana,2174.16,35
26-01-2024,Rice,Nizamabad,Telangana,2936.56,162
26-01-2024,Potato,Khammam,Telangana,2072.52,85
26-02-2022,Onion,Khammam,Telangana,1863.93,134
26-02-2022,Tomato,Warangal,Telangana,1934.4,145
26-02-2022,Onion,Adilabad,Telangana,1458.31,175
26-02-2022,Rice,Karimnagar,Telangana,3035.85,100
26-02-2022,Potato,Adilabad,Telangana,2289.59,25
26-02-2022,Onion,Karimnagar,Telangana,1739.69,82
26-02-2022,Onion,Warangal,Telangana,1838.35,115
26-02-2022,Tomato,Karimnagar,Telangana,1646.38,131
26-02-2022,Potato,Nizamabad,Telangana,2384.41,113
26-02-2022,Rice,Nizamabad,Telangana,2857.23,111
26-02-2022,Potato,Karimnagar,Telangana,2039.43,121
26-02-2022,Tomato,Adilabad,Telangana,1801.47,162
26-02-2022,Rice,Hyderabad,Telangana,2953.24,133
26-02-2022,Onion,Hyderabad,Telangana,1906.31,62
26-02-2022,Tomato,Khammam,Telangana,1674.71,128
26-02-2022,Tomato,Nizamabad,Telangana,1905.35,145
26-02-2022,Potato,Warangal,Telangana,2132.27,123
26-02-2022,Rice,Warangal,Telangana,2829.72,142
26-02-2022,Onion,Nizamabad,Telangana,1896.03,40
26-02-2022,Potato,Hyderabad,Telangana,2020.85,159
26-02-2022,Tomato,Hyderabad,Telangana,2215.88,122
26-02-2022,Rice,Adilabad,Telangana,2862.25,195
26-02-2022,Potato,Khammam,Telangana,2321.28,143
26-02-2023,Rice,Karimnagar,Telangana,2822.48,165
26-02-2023,Rice,Adilabad,Telangana,2755.71,184
26-02-2023,Onion,Khammam,Telangana,1640.63,178
26-02-2023,Potato,Karimnagar,Telangana,2341.64,168
26-02-2023,Potato,Hyderabad,Telangana,2207.93,68
26-02-2023,Rice,Warangal,Telangana,2892.38,67
26-02-2023,Rice,Khammam,Telangana,3016.47,104
26-02-2023,Onion,Warangal,Telangana,1761.04,122
26-02-2023,Potato,Warangal,Telangana,2022.01,180
26-02-2023,Tomato,Khammam,Telangana,2153.81,62
26-02-2023,Onion,Nizamabad,Telangana,1747.57,108
26-02-2023,Tomato,Hyderabad,Telangana,2060.18,75
26-02-2023,Onion,Karimnagar,Telangana,1753.06,143
26-02-2023,Potato,Khammam,Telangana,2135.28,103
26-02-2023,Rice,Hyderabad,Telangana,2980.39,159
26-02-2023,Potato,Adilabad,Telangana,2311.05,106
26-02-2023,Onion,Hyderabad,Telangana,1248.28,180
26-02-2023,Rice,Nizamabad,Telangana,2814.44,178
26-02-2023,Tomato,Warangal,Telangana,1914.04,86
26-02-2023,Tomato,Karimnagar,Telangana,1961.92,142
26-02-2023,Potato,Nizamabad,Telangana,2092.03,53
26-02-2023,Tomato,Nizamabad,Telangana,1929.77,173
26-02-2023,Onion,Adilabad,Telangana,1879.45,117
26-02-2023,Tomato,Adilabad,Telangana,1818.13,98
26-02-2024,Onion,Hyderabad,Telangana,1567.95,141
26-02-2024,Potato,Khammam,Telangana,1913.19,179
26-02-2024,Tomato,Nizamabad,Telangana,1911.98,196
26-02-2024,Rice,Nizamabad,Telangana,2963.17,140
26-02-2024,Tomato,Khammam,Telangana,2067.13,88
26-02-2024,Onion,Khammam,Telangana,1754.23,133
26-02-2024,Onion,Adilabad,Telangana,1887.76,133
26-02-2024,Tomato,Hyderabad,Telangana,1739.51,131
26-02-2024,Tomato,Warangal,Telangana,2025.16,178
26-02-2024,Rice,Khammam,Telangana,2825.12,105
26-02-2024,Onion,Warangal,Telangana,1856.4,168
26-02-2024,Onion,Karimnagar,Telangana,2032.15,131
26-02-2024,Rice,Adilabad,Telangana,2998.19,80
26-02-2024,Tomato,Karimnagar,Telangana,1838.87,103
26-02-2024,Rice,Warangal,Telangana,2898.79,142
26-02-2024,Rice,Hyderabad,Telangana,3131.23,133
26-02-2024,Potato,Warangal,Telangana,1851.22,188
26-02-2024,Potato,Hyderabad,Telangana,1878.19,142
26-02-2024,Potato,Karimnagar,Telangana,2177.77,104
26-02-2024,Onion,Nizamabad,Telangana,1855.93,56
26-02-2024,Tomato,Adilabad,Telangana,2071.75,71
26-02-2024,Rice,Karimnagar,Telangana,3283.35,46
26-03-2022,Onion,Karimnagar,Telangana,1581.05,94
26-03-2022,Tomato,Adilabad,Telangana,1979.51,130
26-03-2022,Rice,Hyderabad,Telangana,2916.91,78
26-03-2022,Onion,Hyderabad,Telangana,1767.41,144
26-03-2022,Potato,Adilabad,Telangana,2374.76,112
26-03-2022,Rice,Karimnagar,Telangana,2929.94,114
26-03-2022,Tomato,Nizamabad,Telangana,1818.66,130
26-03-2022,Rice,Nizamabad,Telangana,2740.22,136
26-03-2022,Rice,Adilabad,Telangana,2844.74,126
26-03-2022,Potato,Khammam,Telangana,2077.68,98
26-03-2022,Tomato,Karimnagar,Telangana,1840.09,146
26-03-2022,Potato,Hyderabad,Telangana,2185.93,98
26-03-2022,Potato,Karimnagar,Telangana,2061.15,95
26-03-2022,Rice,Khammam,Telangana,2910.08,168
26-03-2022,Onion,Khammam,Telangana,1496.43,185
26-03-2022,Onion,Nizamabad,Telangana,1863.04,69
26-03-2022,Rice,Warangal,Telangana,2812.8,137
26-03-2022,Tomato,Khammam,Telangana,2001.79,68
26-03-2022,Onion,Warangal,Telangana,1792.27,110
26-03-2022,Tomato,Warangal,Telangana,2110.5,112
26-03-2022,Tomato,Hyderabad,Telangana,1888.0,110
26-03-2022,Potato,Warangal,Telangana,2411.32,85
26-03-2023,Tomato,Hyderabad,Telangana,1764.41,168
26-03-2023,Potato,Adilabad,Telangana,2228.07,135
26-03-2023,Tomato,Khammam,Telangana,1944.42,137
26-03-2023,Onion,Adilabad,Telangana,1763.95,139
26-03-2023,Rice,Nizamabad,Telangana,2990.67,143
26-03-2023,Tomato,Warangal,Telangana,2069.92,144
26-03-2023,Tomato,Karimnagar,Telangana,1989.14,33
26-03-2023,Onion,Warangal,Telangana,1726.13,124
26-03-2023,Potato,Karimnagar,Telangana,2076.2,80
26-03-2023,Potato,Khammam,Telangana,2040.28,148
26-03-2023,Tomato,Adilabad,Telangana,1944.04,184
26-03-2023,Onion,Nizamabad,Telangana,1764.95,118
26-03-2023,Tomato,Nizamabad,Telangana,1916.15,106
26-03-2023,Rice,Warangal,Telangana,3002.7,73
26-03-2023,Potato,Hyderabad,Telangana,2212.93,114
26-03-2023,Onion,Karimnagar,Telangana,1962.82,28
26-03-2023,Rice,Adilabad,Telangana,2991.5,114
26-03-2023,Onion,Hyderabad,Telangana,1549.72,137
26-03-2023,Rice,Hyderabad,Telangana,2782.85,208
26-03-2023,Onion,Khammam,Telangana,1722.64,121
26-03-2023,Rice,Khammam,Telangana,2858.38,193
26-03-2023,Potato,Warangal,Telangana,2070.94,137
26-03-2024,Potato,Hyderabad,Telangana,1911.87,192
26-03-2024,Tomato,Hyderabad,Telangana,1819.28,139
26-03-2024,Rice,Karimnagar,Telangana,3146.46,61
26-03-2024,Potato,Khammam,Telangana,2063.99,129
26-03-2024,Rice,Adilabad,Telangana,3014.03,200
26-03-2024,Tomato,Karimnagar,Telangana,1875.58,192
26-03-2024,Onion,Khammam,Telangana,1998.46,117
26-03-2024,Tomato,Khammam,Telangana,1918.11,104
26-03-2024,Onion,Karimnagar,Telangana,1567.36,145
26-03-2024,Tomato,Nizamabad,Telangana,2005.02,65
26-03-2024,Potato,Warangal,Telangana,2150.62,57
26-03-2024,Tomato,Adilabad,Telangana,1875.54,168
26-03-2024,Onion,Hyderabad,Telangana,1837.41,173
26-03-2024,Rice,Khammam,Telangana,3104.35,74
26-03-2024,Potato,Nizamabad,Telangana,1989.35,149
26-03-2024,Potato,Karimnagar,Telangana,2254.54,75
26-03-2024,Rice,Hyderabad,Telangana,3075.52,52
26-03-2024,Rice,Warangal,Telangana,2967.28,156
26-03-2024,Onion,Warangal,Telangana,1690.61,142
26-03-2024,Rice,Nizamabad,Telangana,3028.15,59
26-03-2024,Onion,Nizamabad,Telangana,1845.89,64
26-03-2024,Potato,Adilabad,Telangana,2140.2,169
26-03-2024,Onion,Adilabad,Telangana,1671.21,157
26-03-2024,Tomato,Warangal,Telangana,2084.39,138
26-04-2022,Tomato,Hyderabad,Telangana,2029.49,90
26-04-2022,Onion,Warangal,Telangana,1588.97,157
26-04-2022,Rice,Adilabad,Telangana,2970.19,176
26-04-2022,Onion,Nizamabad,Telangana,1882.75,139
26-04-2022,Tomato,Khammam,Telangana,1770.77,121
26-04-2022,Tomato,Karimnagar,Telangana,1898.12,111
26-04-2022,Potato,Adilabad,Telangana,1734.07,173
26-04-2022,Rice,Nizamabad,Telangana,3032.92,109
26-04-2022,Onion,Hyderabad,Telangana,1862.34,95
26-04-2022,Potato,Warangal,Telangana,2088.32,135
26-04-2022,Potato,Khammam,Telangana,2173.86,167
26-04-2022,Onion,Karimnagar,Telangana,1658.51,91
26-04-2022,Tomato,Adilabad,Telangana,2027.93,117
26-04-2022,Rice,Karimnagar,Telangana,2872.33,114
26-04-2022,Rice,Warangal,Telangana,3025.05,114
26-04-2022,Potato,Hyderabad,Telangana,2024.21,212
26-04-2022,Onion,Khammam,Telangana,1894.78,99
26-04-2022,Tomato,Nizamabad,Telangana,2107.3,90
26-04-2022,Potato,Karimnagar,Telangana,2182.01,113
26-04-2022,Potato,Nizamabad,Telangana,2141.0,139
26-04-2022,Rice,Hyderabad,Telangana,2901.03,138
26-04-2023,Potato,Khammam,Telangana,2089.81,120
26-04-2023,Rice,Nizamabad,Telangana,3139.34,113
26-04-2023,Potato,Adilabad,Telangana,2192.69,42
26-04-2023,Rice,Warangal,Telangana,3004.21,88
26-04-2023,Potato,Nizamabad,Telangana,2038.08,140
26-04-2023,Potato,Warangal,Telangana,2169.05,85
26-04-2023,Tomato,Hyderabad,Telangana,2053.02,145
26-04-2023,Tomato,Khammam,Telangana,2060.86,114
26-04-2023,Tomato,Adilabad,Telangana,1935.4,77
26-04-2023,Rice,Hyderabad,Telangana,2953.64,125
26-04-2023,Rice,Karimnagar,Telangana,2648.14,150
26-04-2023,Potato,Hyderabad,Telangana,2145.65,116
26-04-2023,Rice,Khammam,Telangana,3167.9,88
26-04-2023,Tomato,Karimnagar,Telangana,2235.8,77
26-04-2023,Tomato,Warangal,Telangana,1797.0,145
26-04-2023,Onion,Warangal,Telangana,1759.96,122
26-04-2023,Potato,Karimnagar,Telangana,2121.45,76
26-04-2023,Onion,Hyderabad,Telangana,1837.68,122
26-04-2023,Rice,Adilabad,Telangana,2901.07,140
26-04-2023,Onion,Khammam,Telangana,1590.94,112
26-04-2023,Tomato,Nizamabad,Telangana,2008.49,155
26-04-2023,Onion,Karimnagar,Telangana,1881.85,55
26-04-2024,Potato,Adilabad,Telangana,2292.29,96
26-04-2024,Potato,Khammam,Telangana,2091.62,141
26-04-2024,Onion,Adilabad,Telangana,1903.04,122
26-04-2024,Onion,Karimnagar,Telangana,1996.53,93
26-04-2024,Tomato,Adilabad,Telangana,1847.49,162
26-04-2024,Rice,Hyderabad,Telangana,3047.59,109
26-04-2024,Rice,Karimnagar,Telangana,2956.56,67
26-04-2024,Rice,Adilabad,Telangana,3026.97,82
26-04-2024,Tomato,Karimnagar,Telangana,1951.94,60
26-04-2024,Rice,Warangal,Telangana,3148.1,80
26-04-2024,Tomato,Warangal,Telangana,1839.88,139
26-04-2024,Potato,Hyderabad,Telangana,2189.26,137
26-04-2024,Onion,Hyderabad,Telangana,1657.97,76
26-04-2024,Tomato,Nizamabad,Telangana,2203.07,61
26-04-2024,Tomato,Khammam,Telangana,1889.01,82
26-04-2024,Onion,Warangal,Telangana,1778.67,85
26-04-2024,Potato,Warangal,Telangana,2102.72,143
26-04-2024,Onion,Nizamabad,Telangana,1842.83,110
26-04-2024,Onion,Khammam,Telangana,1721.32,136
26-04-2024,Rice,Khammam,Telangana,2958.03,122
26-04-2024,Potato,Nizamabad,Telangana,1919.99,150
26-04-2024,Rice,Nizamabad,Telangana,3067.46,85
26-05-2022,Onion,Hyderabad,Telangana,1681.9,139
26-05-2022,Tomato,Karimnagar,Telangana,1896.23,147
26-05-2022,Onion,Khammam,Telangana,1640.86,140
26-05-2022,Onion,Adilabad,Telangana,1581.21,122
26-05-2022,Onion,Warangal,Telangana,1550.63,159
26-05-2022,Onion,Karimnagar,Telangana,1676.99,131
26-05-2022,Tomato,Nizamabad,Telangana,1666.75,122
26-05-2022,Tomato,Warangal,Telangana,1890.38,133
26-05-2022,Tomato,Adilabad,Telangana,1974.7,93
26-05-2022,Potato,Karimnagar,Telangana,2273.28,144
26-05-2022,Potato,Warangal,Telangana,2301.51,74
26-05-2022,Rice,Warangal,Telangana,2936.69,134
26-05-2022,Potato,Khammam,Telangana,1914.21,122
26-05-2022,Rice,Hyderabad,Telangana,2904.73,126
26-05-2022,Potato,Hyderabad,Telangana,2037.83,126
26-05-2022,Potato,Nizamabad,Telangana,2069.82,127
26-05-2022,Rice,Karimnagar,Telangana,2940.38,127
26-05-2022,Potato,Adilabad,Telangana,1977.4,211
26-05-2022,Tomato,Khammam,Telangana,1809.42,109
26-05-2022,Rice,Nizamabad,Telangana,2847.64,126
26-05-2023,Rice,Karimnagar,Telangana,2817.02,137
26-05-2023,Potato,Adilabad,Telangana,2102.2,102
26-05-2023,Onion,Warangal,Telangana,1606.44,177
26-05-2023,Tomato,Hyderabad,Telangana,1771.48,140
26-05-2023,Rice,Adilabad,Telangana,2982.55,110
26-05-2023,Rice,Warangal,Telangana,2691.03,202
26-05-2023,Potato,Khammam,Telangana,2116.18,52
26-05-2023,Onion,Nizamabad,Telangana,1697.4,172
26-05-2023,Onion,Hyderabad,Telangana,1554.59,98
26-05-2023,Potato,Nizamabad,Telangana,2308.6,97
26-05-2023,Onion,Adilabad,Telangana,1722.33,103
26-05-2023,Potato,Karimnagar,Telangana,1893.87,166
26-05-2023,Onion,Karimnagar,Telangana,1586.33,148
26-05-2023,Tomato,Karimnagar,Telangana,2125.47,101
26-05-2023,Rice,Hyderabad,Telangana,3070.41,114
26-05-2023,Tomato,Nizamabad,Telangana,1873.71,74
26-05-2023,Tomato,Warangal,Telangana,2005.74,108
26-05-2023,Tomato,Khammam,Telangana,2130.36,53
26-05-2023,Tomato,Adilabad,Telangana,1830.82,181
26-05-2023,Rice,Nizamabad,Telangana,2659.26,224
26-05-2023,Potato,Warangal,Telangana,2059.37,161
26-05-2023,Rice,Khammam,Telangana,2838.72,149
26-05-2024,Potato,Khammam,Telangana,2167.87,155
26-05-2024,Tomato,Karimnagar,Telangana,2005.03,126
26-05-2024,Rice,Warangal,Telangana,2739.93,75
26-05-2024,Onion,Karimnagar,Telangana,1826.53,100
26-05-2024,Potato,Adilabad,Telangana,2368.61,45
26-05-2024,Rice,Karimnagar,Telangana,2975.95,57
26-05-2024,Potato,Karimnagar,Telangana,1820.55,143
26-05-2024,Onion,Nizamabad,Telangana,1765.34,107
26-05-2024,Potato,Nizamabad,Telangana,1968.38,104
26-05-2024,Tomato,Nizamabad,Telangana,2028.81,84
26-05-2024,Onion,Adilabad,Telangana,1610.36,112
26-05-2024,Rice,Khammam,Telangana,2968.79,106
26-05-2024,Onion,Warangal,Telangana,1707.1,142
26-05-2024,Rice,Hyderabad,Telangana,3192.27,70
26-05-2024,Potato,Hyderabad,Telangana,2064.09,171
26-05-2024,Onion,Hyderabad,Telangana,1710.22,140
26-05-2024,Tomato,Warangal,Telangana,2152.94,133
26-05-2024,Tomato,Adilabad,Telangana,1922.55,30
26-05-2024,Onion,Khammam,Telangana,1813.18,122
26-05-2024,Rice,Nizamabad,Telangana,2849.91,140
26-05-2024,Potato,Warangal,Telangana,1998.57,150
26-05-2024,Tomato,Khammam,Telangana,1887.99,82
26-06-2022,Tomato,Khammam,Telangana,1767.83,58
26-06-2022,Onion,Khammam,Telangana,1665.36,141
26-06-2022,Onion,Warangal,Telangana,1267.38,204
26-06-2022,Rice,Karimnagar,Telangana,2678.52,93
26-06-2022,Onion,Adilabad,Telangana,1382.01,174
26-06-2022,Tomato,Hyderabad,Telangana,1695.14,154
26-06-2022,Potato,Karimnagar,Telangana,2090.76,93
26-06-2022,Potato,Warangal,Telangana,2056.17,134
26-06-2022,Onion,Karimnagar,Telangana,1399.72,121
26-06-2022,Rice,Warangal,Telangana,2813.78,151
26-06-2022,Potato,Adilabad,Telangana,1951.36,107
26-06-2022,Rice,Nizamabad,Telangana,2697.2,151
26-06-2022,Tomato,Warangal,Telangana,1810.02,120
26-06-2022,Potato,Hyderabad,Telangana,1985.83,120
26-06-2022,Tomato,Nizamabad,Telangana,1509.62,175
26-06-2022,Onion,Nizamabad,Telangana,1722.31,58
26-06-2022,Rice,Khammam,Telangana,2830.33,155
26-06-2022,Tomato,Karimnagar,Telangana,1676.79,207
26-06-2022,Tomato,Adilabad,Telangana,1884.52,79
26-06-2022,Potato,Nizamabad,Telangana,1971.89,144
26-06-2022,Onion,Hyderabad,Telangana,1383.03,71
26-06-2022,Potato,Khammam,Telangana,2099.38,118
26-06-2022,Rice,Hyderabad,Telangana,2935.46,109
26-06-2023,Rice,Nizamabad,Telangana,2619.58,148
26-06-2023,Potato,Adilabad,Telangana,1956.3,118
26-06-2023,Potato,Nizamabad,Telangana,1926.9,55
26-06-2023,Tomato,Warangal,Telangana,1887.25,95
26-06-2023,Rice,Hyderabad,Telangana,2729.88,105
26-06-2023,Tomato,Karimnagar,Telangana,1582.39,178
26-06-2023,Potato,Warangal,Telangana,1945.01,114
26-06-2023,Onion,Adilabad,Telangana,1389.44,193
26-06-2023,Onion,Karimnagar,Telangana,1638.12,63
26-06-2023,Potato,Karimnagar,Telangana,2024.88,137
26-06-2023,Tomato,Hyderabad,Telangana,2057.54,107
26-06-2023,Rice,Adilabad,Telangana,3089.13,38
26-06-2023,Rice,Warangal,Telangana,2851.95,39
26-06-2023,Onion,Warangal,Telangana,1742.16,92
26-06-2023,Tomato,Khammam,Telangana,1365.15,152
26-06-2023,Tomato,Nizamabad,Telangana,1814.42,84
26-06-2023,Potato,Hyderabad,Telangana,2039.27,96
26-06-2023,Rice,Khammam,Telangana,2803.54,144
26-06-2023,Rice,Karimnagar,Telangana,2502.06,189
26-06-2023,Potato,Khammam,Telangana,1876.03,171
26-06-2023,Tomato,Adilabad,Telangana,1950.35,130
26-06-2023,Onion,Khammam,Telangana,1535.73,137
26-06-2023,Onion,Nizamabad,Telangana,1367.25,143
26-07-2022,Potato,Khammam,Telangana,2110.5,26
26-07-2022,Onion,Hyderabad,Telangana,1496.58,147
26-07-2022,Rice,Nizamabad,Telangana,2543.16,133
26-07-2022,Tomato,Khammam,Telangana,1700.29,87
26-07-2022,Rice,Hyderabad,Telangana,2966.84,68
26-07-2022,Rice,Khammam,Telangana,2663.71,129
26-07-2022,Tomato,Karimnagar,Telangana,1785.12,80
26-07-2022,Onion,Nizamabad,Telangana,1532.46,104
26-07-2022,Potato,Adilabad,Telangana,1688.93,166
26-07-2022,Onion,Warangal,Telangana,1814.44,69
26-07-2022,Tomato,Adilabad,Telangana,1588.73,142
26-07-2022,Potato,Karimnagar,Telangana,1862.58,134
26-07-2022,Rice,Warangal,Telangana,2735.54,81
26-07-2022,Potato,Warangal,Telangana,1688.38,140
26-07-2022,Onion,Khammam,Telangana,1231.33,163
26-07-2022,Rice,Karimnagar,Telangana,2461.93,191
26-07-2022,Potato,Hyderabad,Telangana,2067.4,83
26-07-2022,Rice,Adilabad,Telangana,2618.31,134
26-07-2022,Tomato,Nizamabad,Telangana,1564.26,128
26-07-2022,Onion,Karimnagar,Telangana,1432.93,90
26-07-2022,Tomato,Warangal,Telangana,1557.03,155
26-07-2022,Potato,Nizamabad,Telangana,1750.07,132
26-07-2023,Onion,Warangal,Telangana,1392.19,90
26-07-2023,Potato,Hyderabad,Telangana,1738.73,155
26-07-2023,Potato,Khammam,Telangana,2108.1,46
26-07-2023,Rice,Hyderabad,Telangana,2459.78,102
26-07-2023,Onion,Hyderabad,Telangana,1474.43,151
26-07-2023,Potato,Warangal,Telangana,1951.25,95
26-07-2023,Potato,Nizamabad,Telangana,1895.6,113
26-07-2023,Onion,Adilabad,Telangana,1352.3,106
26-07-2023,Tomato,Nizamabad,Telangana,1801.98,49
26-07-2023,Onion,Nizamabad,Telangana,1590.21,92
26-07-2023,Tomato,Warangal,Telangana,1608.42,145
26-07-2023,Rice,Khammam,Telangana,2678.51,109
26-07-2023,Rice,Nizamabad,Telangana,2812.82,32
26-07-2023,Potato,Adilabad,Telangana,1923.64,110
26-07-2023,Tomato,Adilabad,Telangana,1632.26,95
26-07-2023,Onion,Khammam,Telangana,1902.08,72
26-07-2023,Onion,Karimnagar,Telangana,1380.75,123
26-07-2023,Tomato,Karimnagar,Telangana,1731.05,120
26-07-2023,Rice,Karimnagar,Telangana,2649.83,130
26-07-2023,Rice,Warangal,Telangana,2929.35,41
26-07-2023,Potato,Karimnagar,Telangana,1888.79,130
26-08-2022,Tomato,Nizamabad,Telangana,1381.1,170
26-08-2022,Onion,Karimnagar,Telangana,1307.52,144
26-08-2022,Rice,Khammam,Telangana,2739.42,44
26-08-2022,Tomato,Khammam,Telangana,1577.61,86
26-08-2022,Onion,Warangal,Telangana,1322.36,120
26-08-2022,Potato,Khammam,Telangana,1842.1,143
26-08-2022,Onion,Adilabad,Telangana,1268.8,104
26-08-2022,Rice,Adilabad,Telangana,2837.58,78
26-08-2022,Potato,Warangal,Telangana,2170.26,55
26-08-2022,Onion,Nizamabad,Telangana,1373.9,113
26-08-2022,Rice,Hyderabad,Telangana,2654.16,126
26-08-2022,Potato,Hyderabad,Telangana,1788.86,138
26-08-2022,Rice,Nizamabad,Telangana,2371.4,153
26-08-2022,Onion,Hyderabad,Telangana,1435.79,148
26-08-2022,Potato,Adilabad,Telangana,1808.49,58
26-08-2022,Onion,Khammam,Telangana,1495.56,151
26-08-2022,Tomato,Hyderabad,Telangana,1438.82,185
26-08-2022,Potato,Karimnagar,Telangana,2111.91,74
26-08-2022,Tomato,Karimnagar,Telangana,1648.28,102
26-08-2022,Tomato,Warangal,Telangana,1556.4,76
26-08-2023,Tomato,Warangal,Telangana,1394.45,142
26-08-2023,Tomato,Nizamabad,Telangana,1400.5,117
26-08-2023,Potato,Karimnagar,Telangana,1857.28,123
26-08-2023,Rice,Khammam,Telangana,2759.09,100
26-08-2023,Potato,Hyderabad,Telangana,1651.31,208
26-08-2023,Onion,Karimnagar,Telangana,1443.42,90
26-08-2023,Potato,Warangal,Telangana,1763.08,116
26-08-2023,Rice,Adilabad,Telangana,2564.76,178
26-08-2023,Onion,Warangal,Telangana,1336.47,149
26-08-2023,Tomato,Khammam,Telangana,1206.92,174
26-08-2023,Potato,Adilabad,Telangana,1465.16,160
26-08-2023,Potato,Nizamabad,Telangana,1945.11,162
26-08-2023,Rice,Karimnagar,Telangana,2681.27,149
26-08-2023,Onion,Hyderabad,Telangana,1420.36,120
26-08-2023,Rice,Warangal,Telangana,2587.31,126
26-08-2023,Rice,Nizamabad,Telangana,2772.5,78
26-08-2023,Onion,Adilabad,Telangana,1415.09,135
26-08-2023,Onion,Khammam,Telangana,1344.43,126
26-08-2023,Tomato,Hyderabad,Telangana,1601.58,121
26-08-2023,Tomato,Adilabad,Telangana,1744.3,119
26-08-2023,Tomato,Karimnagar,Telangana,1429.2,109
26-08-2023,Rice,Hyderabad,Telangana,2696.78,85
26-08-2023,Potato,Khammam,Telangana,1802.0,160
26-09-2022,Rice,Khammam,Telangana,2482.1,128
26-09-2022,Onion,Adilabad,Telangana,1531.5,119
26-09-2022,Onion,Karimnagar,Telangana,1344.73,128
26-09-2022,Potato,Karimnagar,Telangana,2007.08,84
26-09-2022,Tomato,Karimnagar,Telangana,1607.53,117
26-09-2022,Tomato,Nizamabad,Telangana,1273.31,169
26-09-2022,Rice,Hyderabad,Telangana,2580.84,127
26-09-2022,Potato,Khammam,Telangana,1878.5,157
26-09-2022,Rice,Nizamabad,Telangana,2547.12,127
26-09-2022,Onion,Hyderabad,Telangana,1256.06,129
26-09-2022,Tomato,Khammam,Telangana,1407.36,228
26-09-2022,Potato,Warangal,Telangana,1740.33,63
26-09-2022,Tomato,Adilabad,Telangana,1747.2,88
26-09-2022,Tomato,Hyderabad,Telangana,1584.83,85
26-09-2022,Onion,Warangal,Telangana,1292.67,103
26-09-2022,Tomato,Warangal,Telangana,1526.95,140
26-09-2022,Rice,Karimnagar,Telangana,2579.31,108
26-09-2022,Onion,Nizamabad,Telangana,1277.61,107
26-09-2022,Potato,Nizamabad,Telangana,1679.17,105
26-09-2022,Rice,Adilabad,Telangana,2557.16,90
26-09-2022,Potato,Adilabad,Telangana,1657.5,170
26-09-2022,Potato,Hyderabad,Telangana,1831.86,139
26-09-2023,Tomato,Hyderabad,Telangana,1462.51,115
26-09-2023,Tomato,Nizamabad,Telangana,1637.18,69
26-09-2023,Onion,Karimnagar,Telangana,1054.26,147
26-09-2023,Rice,Adilabad,Telangana,2400.28,83
26-09-2023,Rice,Warangal,Telangana,2699.43,37
26-09-2023,Rice,Nizamabad,Telangana,2630.17,138
26-09-2023,Onion,Adilabad,Telangana,1171.1,191
26-09-2023,Tomato,Warangal,Telangana,1423.19,190
26-09-2023,Rice,Khammam,Telangana,2452.19,207
26-09-2023,Tomato,Khammam,Telangana,1681.16,144
26-09-2023,Onion,Warangal,Telangana,1339.89,148
26-09-2023,Rice,Karimnagar,Telangana,2351.27,128
26-09-2023,Onion,Khammam,Telangana,1250.88,107
26-09-2023,Potato,Karimnagar,Telangana,1631.65,132
26-09-2023,Potato,Hyderabad,Telangana,1721.78,152
26-09-2023,Potato,Khammam,Telangana,1691.76,164
26-09-2023,Potato,Warangal,Telangana,1487.49,169
26-09-2023,Onion,Hyderabad,Telangana,1294.54,133
26-09-2023,Rice,Hyderabad,Telangana,2044.65,172
26-09-2023,Tomato,Adilabad,Telangana,1582.01,102
26-09-2023,Potato,Adilabad,Telangana,2018.93,57
26-09-2023,Potato,Nizamabad,Telangana,1765.36,107
26-09-2023,Onion,Nizamabad,Telangana,1274.34,109
26-10-2022,Rice,Hyderabad,Telangana,2478.88,134
26-10-2022,Tomato,Karimnagar,Telangana,1303.3,163
26-10-2022,Potato,Khammam,Telangana,1683.27,125
26-10-2022,Tomato,Khammam,Telangana,1646.8,66
26-10-2022,Tomato,Nizamabad,Telangana,1339.09,166
26-10-2022,Potato,Hyderabad,Telangana,1664.85,176
26-10-2022,Onion,Adilabad,Telangana,1269.94,213
26-10-2022,Rice,Warangal,Telangana,2522.28,123
26-10-2022,Potato,Karimnagar,Telangana,1639.17,166
26-10-2022,Onion,Khammam,Telangana,1363.21,91
26-10-2022,Onion,Karimnagar,Telangana,1436.64,169
26-10-2022,Rice,Adilabad,Telangana,2637.8,129
26-10-2022,Onion,Warangal,Telangana,1345.39,173
26-10-2022,Potato,Adilabad,Telangana,1588.84,88
26-10-2022,Rice,Karimnagar,Telangana,2720.33,41
26-10-2022,Onion,Hyderabad,Telangana,1272.77,124
26-10-2022,Onion,Nizamabad,Telangana,1431.18,63
26-10-2022,Tomato,Warangal,Telangana,1530.7,83
26-10-2022,Potato,Warangal,Telangana,1750.38,146
26-10-2022,Tomato,Hyderabad,Telangana,1481.72,109
26-10-2022,Potato,Nizamabad,Telangana,1794.82,178
26-10-2022,Tomato,Adilabad,Telangana,1650.67,81
26-10-2022,Rice,Khammam,Telangana,2502.44,191
26-10-2023,Rice,Adilabad,Telangana,2846.15,43
26-10-2023,Tomato,Karimnagar,Telangana,1641.8,102
26-10-2023,Onion,Nizamabad,Telangana,1501.48,118
26-10-2023,Tomato,Nizamabad,Telangana,1616.36,87
26-10-2023,Onion,Hyderabad,Telangana,1483.49,114
26-10-2023,Potato,Adilabad,Telangana,1710.97,136
26-10-2023,Potato,Khammam,Telangana,1582.94,126
26-10-2023,Onion,Warangal,Telangana,1285.39,40
26-10-2023,Potato,Warangal,Telangana,1839.06,73
26-10-2023,Onion,Adilabad,Telangana,1264.17,126
26-10-2023,Potato,Hyderabad,Telangana,1761.65,150
26-10-2023,Tomato,Warangal,Telangana,1889.37,43
26-10-2023,Potato,Nizamabad,Telangana,1708.63,85
26-10-2023,Tomato,Adilabad,Telangana,1626.95,125
26-10-2023,Rice,Hyderabad,Telangana,2685.73,149
26-10-2023,Rice,Warangal,Telangana,2584.89,141
26-10-2023,Onion,Khammam,Telangana,1260.07,140
26-10-2023,Potato,Karimnagar,Telangana,1895.47,66
26-10-2023,Rice,Nizamabad,Telangana,2661.05,89
26-10-2023,Rice,Karimnagar,Telangana,2817.65,100
26-11-2022,Rice,Hyderabad,Telangana,2539.2,150
26-11-2022,Potato,Karimnagar,Telangana,1670.61,146
26-11-2022,Potato,Adilabad,Telangana,1877.68,115
26-11-2022,Potato,Hyderabad,Telangana,1827.25,60
26-11-2022,Tomato,Nizamabad,Telangana,1505.61,225
26-11-2022,Rice,Karimnagar,Telangana,2635.51,101
26-11-2022,Tomato,Khammam,Telangana,1909.19,20
26-11-2022,Potato,Nizamabad,Telangana,1403.67,197
26-11-2022,Tomato,Karimnagar,Telangana,1545.31,116
26-11-2022,Potato,Khammam,Telangana,2069.19,75
26-11-2022,Onion,Adilabad,Telangana,1431.83,74
26-11-2022,Onion,Nizamabad,Telangana,1548.36,108
26-11-2022,Onion,Karimnagar,Telangana,1179.35,196
26-11-2022,Onion,Khammam,Telangana,1366.02,140
26-11-2022,Onion,Hyderabad,Telangana,1458.03,90
26-11-2022,Potato,Warangal,Telangana,1858.55,130
26-11-2022,Rice,Nizamabad,Telangana,2576.71,95
26-11-2022,Onion,Warangal,Telangana,1470.6,139
26-11-2022,Rice,Khammam,Telangana,2697.84,63
26-11-2022,Rice,Adilabad,Telangana,2723.5,161
26-11-2022,Tomato,Adilabad,Telangana,1556.06,172
26-11-2022,Tomato,Warangal,Telangana,1662.48,139
26-11-2022,Tomato,Hyderabad,Telangana,1612.52,127
26-11-2023,Onion,Hyderabad,Telangana,1450.87,62
26-11-2023,Onion,Warangal,Telangana,1360.31,82
26-11-2023,Tomato,Karimnagar,Telangana,1916.89,127
26-11-2023,Rice,Hyderabad,Telangana,2499.49,146
26-11-2023,Tomato,Warangal,Telangana,1793.39,155
26-11-2023,Rice,Warangal,Telangana,2532.37,151
26-11-2023,Onion,Khammam,Telangana,1655.47,67
26-11-2023,Tomato,Adilabad,Telangana,1569.33,192
26-11-2023,Rice,Nizamabad,Telangana,2407.45,136
26-11-2023,Rice,Khammam,Telangana,2470.35,132
26-11-2023,Potato,Nizamabad,Telangana,2007.01,87
26-11-2023,Potato,Karimnagar,Telangana,1843.0,134
26-11-2023,Rice,Karimnagar,Telangana,2673.85,92
26-11-2023,Tomato,Khammam,Telangana,1674.71,92
26-11-2023,Onion,Nizamabad,Telangana,1556.89,124
26-11-2023,Rice,Adilabad,Telangana,2836.89,96
26-11-2023,Potato,Adilabad,Telangana,1827.37,137
26-11-2023,Tomato,Hyderabad,Telangana,1551.43,121
26-11-2023,Onion,Karimnagar,Telangana,1403.45,71
26-11-2023,Potato,Khammam,Telangana,2067.41,58
26-11-2023,Onion,Adilabad,Telangana,1413.82,105
26-11-2023,Tomato,Nizamabad,Telangana,1814.33,76
26-12-2022,Potato,Khammam,Telangana,1967.24,83
26-12-2022,Onion,Khammam,Telangana,1334.14,183
26-12-2022,Onion,Karimnagar,Telangana,1845.24,93
26-12-2022,Rice,Warangal,Telangana,2681.87,133
26-12-2022,Onion,Nizamabad,Telangana,1618.6,99
26-12-2022,Rice,Hyderabad,Telangana,2803.39,156
26-12-2022,Rice,Nizamabad,Telangana,2748.83,160
26-12-2022,Tomato,Nizamabad,Telangana,1654.09,142
26-12-2022,Rice,Karimnagar,Telangana,2786.54,147
26-12-2022,Potato,Karimnagar,Telangana,2048.85,61
26-12-2022,Potato,Warangal,Telangana,1958.33,153
26-12-2022,Onion,Adilabad,Telangana,1432.74,78
26-12-2022,Potato,Adilabad,Telangana,1895.77,107
26-12-2022,Tomato,Hyderabad,Telangana,1762.55,105
26-12-2022,Rice,Adilabad,Telangana,2800.56,154
26-12-2022,Tomato,Warangal,Telangana,1657.21,110
26-12-2022,Tomato,Karimnagar,Telangana,1686.99,126
26-12-2022,Tomato,Adilabad,Telangana,1619.79,143
26-12-2022,Potato,Hyderabad,Telangana,1904.1,122
26-12-2022,Tomato,Khammam,Telangana,1851.5,92
26-12-2022,Onion,Warangal,Telangana,1448.6,114
26-12-2023,Potato,Adilabad,Telangana,2225.73,85
26-12-2023,Onion,Karimnagar,Telangana,1679.17,163
26-12-2023,Potato,Hyderabad,Telangana,1804.23,124
26-12-2023,Onion,Adilabad,Telangana,1689.74,63
26-12-2023,Onion,Hyderabad,Telangana,1471.43,138
26-12-2023,Potato,Nizamabad,Telangana,1795.53,125
26-12-2023,Rice,Adilabad,Telangana,2618.82,88
26-12-2023,Rice,Khammam,Telangana,3098.78,80
26-12-2023,Tomato,Nizamabad,Telangana,1418.15,221
26-12-2023,Potato,Khammam,Telangana,1751.17,117
26-12-2023,Onion,Nizamabad,Telangana,1478.68,169
26-12-2023,Potato,Karimnagar,Telangana,2160.59,87
26-12-2023,Potato,Warangal,Telangana,1832.57,173
26-12-2023,Rice,Hyderabad,Telangana,2892.37,72
26-12-2023,Rice,Nizamabad,Telangana,2824.99,56
26-12-2023,Tomato,Warangal,Telangana,1498.43,129
26-12-2023,Onion,Khammam,Telangana,1428.4,166
26-12-2023,Tomato,Hyderabad,Telangana,1643.93,169
26-12-2023,Rice,Karimnagar,Telangana,2688.71,103
26-12-2023,Tomato,Karimnagar,Telangana,1628.98,164
26-12-2023,Tomato,Adilabad,Telangana,1740.29,106
26-12-2023,Onion,Warangal,Telangana,1488.13,88
26-12-2023,Rice,Warangal,Telangana,3078.13,84
27-01-2022,Onion,Karimnagar,Telangana,1750.88,116
27-01-2022,Rice,Khammam,Telangana,3033.13,102
27-01-2022,Potato,Khammam,Telangana,1924.98,183
27-01-2022,Rice,Warangal,Telangana,3143.17,58
27-01-2022,Onion,Hyderabad,Telangana,1618.18,111
27-01-2022,Tomato,Karimnagar,Telangana,1713.48,137
27-01-2022,Tomato,Khammam,Telangana,1878.57,162
27-01-2022,Onion,Khammam,Telangana,1589.5,174
27-01-2022,Rice,Hyderabad,Telangana,2895.13,88
27-01-2022,Tomato,Adilabad,Telangana,1812.34,117
27-01-2022,Tomato,Nizamabad,Telangana,1577.58,188
27-01-2022,Onion,Adilabad,Telangana,1768.99,20
27-01-2022,Tomato,Hyderabad,Telangana,1975.96,92
27-01-2022,Tomato,Warangal,Telangana,2052.85,72
27-01-2022,Rice,Nizamabad,Telangana,2796.47,83
27-01-2022,Potato,Karimnagar,Telangana,2273.75,91
27-01-2022,Potato,Nizamabad,Telangana,1938.78,104
27-01-2022,Potato,Warangal,Telangana,2044.6,115
27-01-2022,Rice,Adilabad,Telangana,2546.26,215
27-01-2022,Potato,Adilabad,Telangana,1825.53,107
27-01-2022,Onion,Nizamabad,Telangana,1719.93,129
27-01-2022,Onion,Warangal,Telangana,1572.41,180
27-01-2022,Rice,Karimnagar,Telangana,3062.41,87
27-01-2022,Potato,Hyderabad,Telangana,2007.17,127
27-01-2023,Tomato,Warangal,Telangana,1999.38,117
27-01-2023,Potato,Karimnagar,Telangana,2329.4,72
27-01-2023,Rice,Hyderabad,Telangana,3094.35,65
27-01-2023,Onion,Warangal,Telangana,1715.96,141
27-01-2023,Tomato,Karimnagar,Telangana,1924.31,93
27-01-2023,Potato,Hyderabad,Telangana,1676.12,195
27-01-2023,Onion,Khammam,Telangana,1522.28,160
27-01-2023,Onion,Adilabad,Telangana,1591.33,92
27-01-2023,Tomato,Adilabad,Telangana,1975.34,75
27-01-2023,Tomato,Nizamabad,Telangana,2220.91,50
27-01-2023,Rice,Warangal,Telangana,2794.93,144
27-01-2023,Rice,Adilabad,Telangana,2967.72,104
27-01-2023,Rice,Nizamabad,Telangana,2793.28,57
27-01-2023,Onion,Karimnagar,Telangana,1562.55,104
27-01-2023,Potato,Khammam,Telangana,1968.44,133
27-01-2023,Potato,Nizamabad,Telangana,2051.53,148
27-01-2023,Potato,Adilabad,Telangana,2169.91,45
27-01-2023,Rice,Khammam,Telangana,3101.03,39
27-01-2023,Rice,Karimnagar,Telangana,2782.1,128
27-01-2023,Onion,Nizamabad,Telangana,1718.26,20
27-01-2023,Tomato,Khammam,Telangana,2079.27,117
27-01-2024,Rice,Hyderabad,Telangana,2704.5,191
27-01-2024,Rice,Nizamabad,Telangana,2771.37,131
27-01-2024,Potato,Warangal,Telangana,2094.99,111
27-01-2024,Rice,Karimnagar,Telangana,2857.61,128
27-01-2024,Onion,Adilabad,Telangana,1639.56,82
27-01-2024,Rice,Adilabad,Telangana,2786.74,138
27-01-2024,Potato,Hyderabad,Telangana,1961.25,126
27-01-2024,Potato,Adilabad,Telangana,1903.94,120
27-01-2024,Tomato,Hyderabad,Telangana,1680.57,91
27-01-2024,Rice,Warangal,Telangana,2915.79,130
27-01-2024,Potato,Nizamabad,Telangana,2060.59,119
27-01-2024,Onion,Nizamabad,Telangana,1424.72,169
27-01-2024,Tomato,Warangal,Telangana,1558.78,203
27-01-2024,Onion,Khammam,Telangana,1504.98,94
27-01-2024,Onion,Hyderabad,Telangana,1557.36,86
27-01-2024,Tomato,Karimnagar,Telangana,1682.05,118
27-01-2024,Tomato,Khammam,Telangana,1901.15,73
27-01-2024,Rice,Khammam,Telangana,2776.41,130
27-01-2024,Onion,Karimnagar,Telangana,1656.69,81
27-01-2024,Potato,Karimnagar,Telangana,2041.75,116
27-01-2024,Tomato,Nizamabad,Telangana,2042.16,92
27-02-2022,Rice,Warangal,Telangana,3023.84,65
27-02-2022,Potato,Nizamabad,Telangana,1924.1,105
27-02-2022,Tomato,Nizamabad,Telangana,1649.96,167
27-02-2022,Potato,Khammam,Telangana,2323.74,73
27-02-2022,Onion,Khammam,Telangana,1720.94,152
27-02-2022,Onion,Warangal,Telangana,1725.19,126
27-02-2022,Rice,Khammam,Telangana,2857.22,138
27-02-2022,Potato,Hyderabad,Telangana,2173.51,98
27-02-2022,Onion,Nizamabad,Telangana,1865.61,126
27-02-2022,Tomato,Khammam,Telangana,2200.94,75
27-02-2022,Rice,Adilabad,Telangana,2797.67,188
27-02-2022,Onion,Hyderabad,Telangana,1790.08,87
27-02-2022,Onion,Karimnagar,Telangana,1788.51,113
27-02-2022,Rice,Karimnagar,Telangana,3028.23,90
27-02-2022,Rice,Hyderabad,Telangana,2996.16,126
27-02-2022,Rice,Nizamabad,Telangana,2772.71,105
27-02-2022,Tomato,Karimnagar,Telangana,1827.26,160
27-02-2022,Tomato,Adilabad,Telangana,2035.55,120
27-02-2022,Potato,Karimnagar,Telangana,1875.84,172
27-02-2022,Onion,Adilabad,Telangana,1680.04,141
27-02-2022,Tomato,Warangal,Telangana,2007.11,47
27-02-2022,Potato,Adilabad,Telangana,2148.96,79
27-02-2022,Potato,Warangal,Telangana,2161.82,114
27-02-2022,Tomato,Hyderabad,Telangana,1978.42,112
27-02-2023,Potato,Karimnagar,Telangana,2168.61,93
27-02-2023,Onion,Khammam,Telangana,1715.18,142
27-02-2023,Tomato,Karimnagar,Telangana,1990.87,42
27-02-2023,Potato,Hyderabad,Telangana,1897.71,204
27-02-2023,Potato,Khammam,Telangana,1823.87,191
27-02-2023,Rice,Warangal,Telangana,2786.36,108
27-02-2023,Onion,Nizamabad,Telangana,1646.06,102
27-02-2023,Rice,Nizamabad,Telangana,3064.83,140
27-02-2023,Rice,Hyderabad,Telangana,3030.31,126
27-02-2023,Potato,Nizamabad,Telangana,2167.49,128
27-02-2023,Tomato,Warangal,Telangana,1920.06,76
27-02-2023,Potato,Adilabad,Telangana,2009.87,104
27-02-2023,Onion,Karimnagar,Telangana,1551.98,141
27-02-2023,Tomato,Nizamabad,Telangana,2035.97,95
27-02-2023,Tomato,Adilabad,Telangana,1933.6,102
27-02-2023,Onion,Adilabad,Telangana,1702.61,166
27-02-2023,Tomato,Hyderabad,Telangana,1973.33,126
27-02-2023,Rice,Adilabad,Telangana,3140.3,81
27-02-2023,Rice,Karimnagar,Telangana,3093.38,84
27-02-2023,Tomato,Khammam,Telangana,1944.92,158
27-02-2023,Onion,Hyderabad,Telangana,1772.36,140
27-02-2023,Potato,Warangal,Telangana,2005.11,95
27-02-2023,Rice,Khammam,Telangana,3058.36,108
27-02-2024,Tomato,Khammam,Telangana,1646.96,177
27-02-2024,Potato,Adilabad,Telangana,2284.97,20
27-02-2024,Potato,Khammam,Telangana,2166.14,145
27-02-2024,Potato,Hyderabad,Telangana,2067.29,116
27-02-2024,Rice,Hyderabad,Telangana,2806.73,58
27-02-2024,Potato,Warangal,Telangana,2192.96,105
27-02-2024,Onion,Adilabad,Telangana,1819.74,114
27-02-2024,Onion,Warangal,Telangana,1749.97,56
27-02-2024,Onion,Khammam,Telangana,1839.4,89
27-02-2024,Tomato,Warangal,Telangana,1939.35,52
27-02-2024,Rice,Nizamabad,Telangana,2771.42,137
27-02-2024,Rice,Khammam,Telangana,2864.51,160
27-02-2024,Onion,Hyderabad,Telangana,1801.64,86
27-02-2024,Tomato,Nizamabad,Telangana,1823.17,173
27-02-2024,Potato,Nizamabad,Telangana,2002.7,196
27-02-2024,Potato,Karimnagar,Telangana,2104.45,122
27-02-2024,Rice,Warangal,Telangana,2892.06,141
27-02-2024,Onion,Nizamabad,Telangana,1927.87,71
27-02-2024,Tomato,Karimnagar,Telangana,2100.41,141
27-02-2024,Tomato,Hyderabad,Telangana,1885.96,138
27-02-2024,Rice,Adilabad,Telangana,2899.01,245
27-03-2022,Rice,Warangal,Telangana,3092.79,103
27-03-2022,Potato,Warangal,Telangana,2178.33,88
27-03-2022,Rice,Karimnagar,Telangana,3072.52,75
27-03-2022,Onion,Hyderabad,Telangana,1707.0,135
27-03-2022,Potato,Hyderabad,Telangana,2004.7,188
27-03-2022,Potato,Khammam,Telangana,2241.87,152
27-03-2022,Rice,Hyderabad,Telangana,2969.2,46
27-03-2022,Onion,Adilabad,Telangana,1626.69,163
27-03-2022,Tomato,Warangal,Telangana,1560.0,143
27-03-2022,Rice,Khammam,Telangana,2904.49,136
27-03-2022,Rice,Nizamabad,Telangana,2930.81,104
27-03-2022,Tomato,Karimnagar,Telangana,1819.14,160
27-03-2022,Onion,Karimnagar,Telangana,1614.06,111
27-03-2022,Onion,Warangal,Telangana,1734.37,171
27-03-2022,Tomato,Hyderabad,Telangana,1932.95,84
27-03-2022,Tomato,Khammam,Telangana,1949.83,128
27-03-2022,Tomato,Adilabad,Telangana,2052.19,76
27-03-2022,Onion,Khammam,Telangana,1785.52,139
27-03-2022,Tomato,Nizamabad,Telangana,1896.87,119
27-03-2022,Onion,Nizamabad,Telangana,1711.43,153
27-03-2022,Potato,Nizamabad,Telangana,2047.18,150
27-03-2022,Rice,Adilabad,Telangana,2803.57,199
27-03-2023,Rice,Nizamabad,Telangana,3170.69,100
27-03-2023,Potato,Warangal,Telangana,2227.32,86
27-03-2023,Rice,Hyderabad,Telangana,2863.51,102
27-03-2023,Potato,Khammam,Telangana,2133.31,131
27-03-2023,Rice,Karimnagar,Telangana,3166.68,118
27-03-2023,Onion,Warangal,Telangana,1753.23,137
27-03-2023,Onion,Karimnagar,Telangana,2085.4,22
27-03-2023,Potato,Adilabad,Telangana,2083.16,97
27-03-2023,Tomato,Khammam,Telangana,2069.37,24
27-03-2023,Potato,Hyderabad,Telangana,2268.19,130
27-03-2023,Onion,Hyderabad,Telangana,1786.21,144
27-03-2023,Rice,Warangal,Telangana,2848.99,121
27-03-2023,Potato,Nizamabad,Telangana,2097.75,151
27-03-2023,Onion,Adilabad,Telangana,1508.19,170
27-03-2023,Tomato,Warangal,Telangana,2059.76,135
27-03-2023,Tomato,Hyderabad,Telangana,1883.64,134
27-03-2023,Tomato,Nizamabad,Telangana,1803.93,111
27-03-2023,Onion,Khammam,Telangana,1825.3,109
27-03-2023,Rice,Khammam,Telangana,3135.51,83
27-03-2023,Potato,Karimnagar,Telangana,2180.36,104
27-03-2023,Rice,Adilabad,Telangana,2999.22,75
27-03-2023,Tomato,Karimnagar,Telangana,1874.54,81
27-03-2023,Onion,Nizamabad,Telangana,1717.38,139
27-03-2023,Tomato,Adilabad,Telangana,1929.23,157
27-03-2024,Tomato,Hyderabad,Telangana,2134.78,94
27-03-2024,Rice,Khammam,Telangana,3052.01,165
27-03-2024,Rice,Adilabad,Telangana,3216.13,27
27-03-2024,Tomato,Adilabad,Telangana,1803.75,106
27-03-2024,Potato,Karimnagar,Telangana,2139.91,110
27-03-2024,Rice,Warangal,Telangana,2756.76,136
27-03-2024,Tomato,Nizamabad,Telangana,1801.3,140
27-03-2024,Onion,Karimnagar,Telangana,1963.87,93
27-03-2024,Tomato,Khammam,Telangana,2112.42,100
27-03-2024,Potato,Adilabad,Telangana,2271.01,114
27-03-2024,Potato,Warangal,Telangana,2066.49,148
27-03-2024,Onion,Khammam,Telangana,1721.33,156
27-03-2024,Rice,Karimnagar,Telangana,2998.68,186
27-03-2024,Onion,Nizamabad,Telangana,1619.29,116
27-03-2024,Potato,Khammam,Telangana,2182.26,99
27-03-2024,Onion,Warangal,Telangana,1897.87,69
27-03-2024,Rice,Hyderabad,Telangana,2829.2,162
27-03-2024,Tomato,Warangal,Telangana,1907.43,140
27-03-2024,Potato,Hyderabad,Telangana,2353.33,91
27-03-2024,Tomato,Karimnagar,Telangana,2014.35,77
27-03-2024,Onion,Hyderabad,Telangana,1928.49,55
27-03-2024,Potato,Nizamabad,Telangana,2125.78,178
27-03-2024,Rice,Nizamabad,Telangana,2943.45,110
27-04-2022,Rice,Hyderabad,Telangana,2879.52,66
27-04-2022,Potato,Karimnagar,Telangana,2048.44,141
27-04-2022,Rice,Adilabad,Telangana,3160.83,121
27-04-2022,Tomato,Adilabad,Telangana,1922.21,122
27-04-2022,Potato,Warangal,Telangana,2078.65,146
27-04-2022,Rice,Nizamabad,Telangana,2929.89,122
27-04-2022,Rice,Karimnagar,Telangana,2671.92,156
27-04-2022,Tomato,Karimnagar,Telangana,1689.36,161
27-04-2022,Onion,Warangal,Telangana,1920.79,113
27-04-2022,Rice,Khammam,Telangana,3007.55,117
27-04-2022,Onion,Khammam,Telangana,1965.4,73
27-04-2022,Tomato,Nizamabad,Telangana,1965.94,126
27-04-2022,Onion,Hyderabad,Telangana,1994.99,53
27-04-2022,Onion,Karimnagar,Telangana,1696.31,111
27-04-2022,Tomato,Khammam,Telangana,1795.2,138
27-04-2022,Onion,Adilabad,Telangana,1904.1,67
27-04-2022,Potato,Adilabad,Telangana,2048.09,144
27-04-2022,Onion,Nizamabad,Telangana,1863.62,97
27-04-2022,Potato,Khammam,Telangana,2154.86,143
27-04-2022,Tomato,Hyderabad,Telangana,1861.93,121
27-04-2022,Potato,Nizamabad,Telangana,2140.79,160
27-04-2023,Potato,Nizamabad,Telangana,2061.21,151
27-04-2023,Rice,Adilabad,Telangana,2918.6,112
27-04-2023,Potato,Khammam,Telangana,2166.24,147
27-04-2023,Onion,Nizamabad,Telangana,1626.65,127
27-04-2023,Tomato,Warangal,Telangana,1796.33,155
27-04-2023,Tomato,Adilabad,Telangana,1859.98,147
27-04-2023,Tomato,Khammam,Telangana,1877.48,151
27-04-2023,Onion,Adilabad,Telangana,1693.7,162
27-04-2023,Rice,Hyderabad,Telangana,2941.99,88
27-04-2023,Rice,Warangal,Telangana,3087.68,71
27-04-2023,Rice,Nizamabad,Telangana,2939.89,135
27-04-2023,Potato,Hyderabad,Telangana,2084.6,131
27-04-2023,Tomato,Nizamabad,Telangana,2066.11,99
27-04-2023,Onion,Karimnagar,Telangana,1904.07,97
27-04-2023,Tomato,Karimnagar,Telangana,2040.44,84
27-04-2023,Potato,Warangal,Telangana,2396.2,46
27-04-2023,Onion,Warangal,Telangana,1849.41,44
27-04-2023,Onion,Khammam,Telangana,1568.56,106
27-04-2023,Rice,Karimnagar,Telangana,2879.54,31
27-04-2024,Rice,Khammam,Telangana,2906.1,198
27-04-2024,Tomato,Hyderabad,Telangana,2163.34,125
27-04-2024,Tomato,Warangal,Telangana,2132.89,140
27-04-2024,Onion,Karimnagar,Telangana,1573.67,149
27-04-2024,Onion,Khammam,Telangana,1795.15,93
27-04-2024,Rice,Nizamabad,Telangana,2715.3,140
27-04-2024,Potato,Khammam,Telangana,2193.46,150
27-04-2024,Rice,Warangal,Telangana,2937.38,141
27-04-2024,Rice,Karimnagar,Telangana,2926.39,95
27-04-2024,Onion,Nizamabad,Telangana,1937.3,20
27-04-2024,Tomato,Nizamabad,Telangana,1680.75,147
27-04-2024,Onion,Hyderabad,Telangana,1667.55,124
27-04-2024,Potato,Warangal,Telangana,2197.61,100
27-04-2024,Potato,Nizamabad,Telangana,2034.88,71
27-04-2024,Potato,Hyderabad,Telangana,1979.13,113
27-04-2024,Potato,Adilabad,Telangana,2060.34,69
27-04-2024,Rice,Adilabad,Telangana,2759.33,158
27-04-2024,Tomato,Adilabad,Telangana,1757.44,147
27-04-2024,Tomato,Khammam,Telangana,2276.15,75
27-04-2024,Potato,Karimnagar,Telangana,2099.01,147
27-04-2024,Onion,Adilabad,Telangana,1634.91,127
27-04-2024,Rice,Hyderabad,Telangana,2585.93,148
27-04-2024,Tomato,Karimnagar,Telangana,1816.38,172
27-05-2022,Tomato,Adilabad,Telangana,2052.41,57
27-05-2022,Tomato,Hyderabad,Telangana,2027.51,96
27-05-2022,Rice,Karimnagar,Telangana,2882.23,151
27-05-2022,Potato,Hyderabad,Telangana,2041.48,98
27-05-2022,Tomato,Warangal,Telangana,1692.9,144
27-05-2022,Tomato,Karimnagar,Telangana,1712.6,88
27-05-2022,Rice,Adilabad,Telangana,2928.01,174
27-05-2022,Potato,Nizamabad,Telangana,2096.15,163
27-05-2022,Rice,Warangal,Telangana,2734.08,134
27-05-2022,Onion,Nizamabad,Telangana,1710.49,79
27-05-2022,Potato,Warangal,Telangana,1985.4,157
27-05-2022,Onion,Hyderabad,Telangana,1703.17,117
27-05-2022,Tomato,Khammam,Telangana,1927.77,95
27-05-2022,Potato,Karimnagar,Telangana,2001.64,108
27-05-2022,Rice,Nizamabad,Telangana,2775.71,139
27-05-2022,Potato,Adilabad,Telangana,1983.2,144
27-05-2022,Onion,Karimnagar,Telangana,1879.49,77
27-05-2022,Tomato,Nizamabad,Telangana,1725.9,133
27-05-2022,Onion,Adilabad,Telangana,1887.43,67
27-05-2022,Rice,Khammam,Telangana,2824.68,149
27-05-2022,Potato,Khammam,Telangana,2413.71,95
27-05-2022,Rice,Hyderabad,Telangana,2890.7,92
27-05-2023,Tomato,Adilabad,Telangana,1777.33,174
27-05-2023,Tomato,Nizamabad,Telangana,1790.08,172
27-05-2023,Potato,Khammam,Telangana,1996.37,147
27-05-2023,Potato,Warangal,Telangana,2106.29,145
27-05-2023,Rice,Nizamabad,Telangana,2837.08,95
27-05-2023,Potato,Hyderabad,Telangana,2152.52,70
27-05-2023,Tomato,Warangal,Telangana,1712.93,118
27-05-2023,Potato,Karimnagar,Telangana,2049.24,141
27-05-2023,Tomato,Hyderabad,Telangana,2136.63,119
27-05-2023,Tomato,Khammam,Telangana,1889.49,141
27-05-2023,Rice,Adilabad,Telangana,2619.85,160
27-05-2023,Tomato,Karimnagar,Telangana,2042.17,84
27-05-2023,Rice,Hyderabad,Telangana,2891.28,64
27-05-2023,Potato,Adilabad,Telangana,2222.69,118
27-05-2023,Potato,Nizamabad,Telangana,2218.1,96
27-05-2023,Onion,Warangal,Telangana,1720.18,143
27-05-2023,Rice,Karimnagar,Telangana,2656.13,181
27-05-2023,Onion,Nizamabad,Telangana,1730.43,110
27-05-2023,Onion,Adilabad,Telangana,1719.88,85
27-05-2023,Onion,Karimnagar,Telangana,1469.34,175
27-05-2023,Onion,Hyderabad,Telangana,1770.09,148
27-05-2023,Rice,Warangal,Telangana,2894.55,66
27-05-2023,Rice,Khammam,Telangana,2953.75,110
27-05-2023,Onion,Khammam,Telangana,1754.32,112
27-05-2024,Rice,Adilabad,Telangana,3270.84,83
27-05-2024,Rice,Warangal,Telangana,2932.87,123
27-05-2024,Potato,Adilabad,Telangana,2082.64,104
27-05-2024,Potato,Hyderabad,Telangana,2327.16,182
27-05-2024,Tomato,Nizamabad,Telangana,1658.19,104
27-05-2024,Onion,Warangal,Telangana,1947.7,95
27-05-2024,Rice,Hyderabad,Telangana,2756.3,161
27-05-2024,Tomato,Adilabad,Telangana,1922.34,96
27-05-2024,Potato,Khammam,Telangana,2020.67,105
27-05-2024,Onion,Hyderabad,Telangana,1531.33,102
27-05-2024,Tomato,Khammam,Telangana,2024.85,108
27-05-2024,Onion,Karimnagar,Telangana,1485.87,168
27-05-2024,Rice,Karimnagar,Telangana,2942.74,114
27-05-2024,Potato,Warangal,Telangana,2158.4,82
27-05-2024,Rice,Nizamabad,Telangana,2695.95,165
27-05-2024,Tomato,Warangal,Telangana,2018.88,46
27-05-2024,Potato,Nizamabad,Telangana,2076.88,154
27-05-2024,Onion,Khammam,Telangana,1660.56,91
27-05-2024,Potato,Karimnagar,Telangana,2397.84,68
27-05-2024,Tomato,Hyderabad,Telangana,1999.59,140
27-05-2024,Tomato,Karimnagar,Telangana,2026.14,98
27-05-2024,Onion,Adilabad,Telangana,1834.09,104
27-05-2024,Onion,Nizamabad,Telangana,1754.21,105
27-05-2024,Rice,Khammam,Telangana,3160.89,49
27-06-2022,Potato,Karimnagar,Telangana,1866.17,157
27-06-2022,Rice,Khammam,Telangana,3083.65,21
27-06-2022,Onion,Khammam,Telangana,1891.56,74
27-06-2022,Onion,Warangal,Telangana,1379.53,160
27-06-2022,Potato,Warangal,Telangana,1987.34,81
27-06-2022,Tomato,Nizamabad,Telangana,1669.83,112
27-06-2022,Potato,Adilabad,Telangana,1793.68,162
27-06-2022,Onion,Hyderabad,Telangana,1796.44,78
27-06-2022,Potato,Nizamabad,Telangana,2056.99,80
27-06-2022,Tomato,Warangal,Telangana,1806.94,69
27-06-2022,Tomato,Adilabad,Telangana,2010.81,33
27-06-2022,Potato,Khammam,Telangana,2273.76,40
27-06-2022,Rice,Hyderabad,Telangana,2813.14,159
27-06-2022,Tomato,Hyderabad,Telangana,1660.6,119
27-06-2022,Onion,Karimnagar,Telangana,1574.19,160
27-06-2022,Rice,Karimnagar,Telangana,2954.73,120
27-06-2022,Onion,Nizamabad,Telangana,1596.66,133
27-06-2022,Rice,Warangal,Telangana,2819.06,92
27-06-2022,Tomato,Karimnagar,Telangana,1753.54,96
27-06-2022,Onion,Adilabad,Telangana,1580.53,186
27-06-2022,Rice,Nizamabad,Telangana,2732.49,205
27-06-2022,Potato,Hyderabad,Telangana,1814.54,128
27-06-2022,Tomato,Khammam,Telangana,1742.62,154
27-06-2023,Tomato,Warangal,Telangana,1918.94,20
27-06-2023,Onion,Karimnagar,Telangana,1511.47,137
27-06-2023,Potato,Nizamabad,Telangana,1946.84,210
27-06-2023,Potato,Adilabad,Telangana,1924.84,161
27-06-2023,Potato,Warangal,Telangana,1950.39,148
27-06-2023,Tomato,Karimnagar,Telangana,1942.75,78
27-06-2023,Potato,Khammam,Telangana,1874.31,135
27-06-2023,Rice,Khammam,Telangana,2769.01,162
27-06-2023,Onion,Khammam,Telangana,1773.42,89
27-06-2023,Tomato,Nizamabad,Telangana,2022.72,148
27-06-2023,Rice,Hyderabad,Telangana,2597.41,155
27-06-2023,Rice,Karimnagar,Telangana,2666.77,133
27-06-2023,Rice,Warangal,Telangana,2702.3,157
27-06-2023,Potato,Hyderabad,Telangana,1986.09,97
27-06-2023,Tomato,Adilabad,Telangana,1753.99,143
27-06-2023,Onion,Nizamabad,Telangana,1551.29,152
27-06-2023,Onion,Warangal,Telangana,1701.48,147
27-06-2023,Tomato,Hyderabad,Telangana,1800.51,135
27-06-2023,Onion,Hyderabad,Telangana,1668.25,121
27-06-2023,Potato,Karimnagar,Telangana,2001.16,127
27-06-2023,Rice,Adilabad,Telangana,2840.82,114
27-06-2023,Onion,Adilabad,Telangana,1824.64,26
27-06-2023,Rice,Nizamabad,Telangana,2793.28,162
27-07-2022,Rice,Nizamabad,Telangana,2810.0,77
27-07-2022,Rice,Khammam,Telangana,2590.44,102
27-07-2022,Potato,Karimnagar,Telangana,1746.59,165
27-07-2022,Rice,Hyderabad,Telangana,2420.08,172
27-07-2022,Potato,Khammam,Telangana,2060.15,96
27-07-2022,Tomato,Nizamabad,Telangana,1956.23,22
27-07-2022,Tomato,Warangal,Telangana,1748.03,101
27-07-2022,Tomato,Hyderabad,Telangana,1562.31,133
27-07-2022,Rice,Adilabad,Telangana,2576.7,152
27-07-2022,Potato,Warangal,Telangana,2277.96,63
27-07-2022,Tomato,Karimnagar,Telangana,1616.63,116
27-07-2022,Onion,Warangal,Telangana,1374.82,93
27-07-2022,Onion,Hyderabad,Telangana,1571.56,140
27-07-2022,Potato,Nizamabad,Telangana,1882.65,150
27-07-2022,Rice,Warangal,Telangana,2769.62,66
27-07-2022,Potato,Hyderabad,Telangana,1917.75,100
27-07-2022,Onion,Nizamabad,Telangana,1138.56,189
27-07-2022,Onion,Karimnagar,Telangana,1453.42,190
27-07-2022,Tomato,Khammam,Telangana,1428.53,180
27-07-2022,Onion,Adilabad,Telangana,1219.38,200
27-07-2022,Tomato,Adilabad,Telangana,1669.0,71
27-07-2023,Tomato,Nizamabad,Telangana,1627.81,123
27-07-2023,Potato,Karimnagar,Telangana,1789.11,126
27-07-2023,Onion,Warangal,Telangana,1446.53,100
27-07-2023,Tomato,Khammam,Telangana,1878.01,40
27-07-2023,Potato,Nizamabad,Telangana,1857.03,118
27-07-2023,Rice,Warangal,Telangana,2709.8,97
27-07-2023,Rice,Adilabad,Telangana,2465.59,124
27-07-2023,Tomato,Adilabad,Telangana,1794.28,129
27-07-2023,Potato,Khammam,Telangana,1759.18,139
27-07-2023,Onion,Khammam,Telangana,1464.85,162
27-07-2023,Potato,Adilabad,Telangana,1715.52,142
27-07-2023,Rice,Karimnagar,Telangana,2511.66,103
27-07-2023,Tomato,Warangal,Telangana,1516.41,132
27-07-2023,Potato,Warangal,Telangana,1960.24,104
27-07-2023,Rice,Khammam,Telangana,2475.9,136
27-07-2023,Rice,Hyderabad,Telangana,2691.36,178
27-07-2023,Onion,Nizamabad,Telangana,1467.29,107
27-07-2023,Onion,Karimnagar,Telangana,1499.57,88
27-07-2023,Tomato,Karimnagar,Telangana,1515.92,184
27-07-2023,Tomato,Hyderabad,Telangana,1694.0,113
27-07-2023,Onion,Hyderabad,Telangana,1323.4,200
27-07-2023,Onion,Adilabad,Telangana,1441.5,157
27-07-2023,Rice,Nizamabad,Telangana,2799.08,149
27-08-2022,Onion,Adilabad,Telangana,1236.11,160
27-08-2022,Tomato,Nizamabad,Telangana,1772.39,55
27-08-2022,Potato,Nizamabad,Telangana,1602.35,159
27-08-2022,Potato,Khammam,Telangana,1978.49,64
27-08-2022,Tomato,Adilabad,Telangana,1767.59,130
27-08-2022,Rice,Adilabad,Telangana,2707.17,91
27-08-2022,Potato,Hyderabad,Telangana,1904.04,105
27-08-2022,Tomato,Hyderabad,Telangana,1588.04,143
27-08-2022,Tomato,Khammam,Telangana,1182.56,111
27-08-2022,Rice,Karimnagar,Telangana,2560.12,169
27-08-2022,Rice,Nizamabad,Telangana,2405.74,214
27-08-2022,Potato,Karimnagar,Telangana,1840.48,82
27-08-2022,Potato,Adilabad,Telangana,1641.16,165
27-08-2022,Rice,Khammam,Telangana,2868.96,143
27-08-2022,Onion,Warangal,Telangana,1587.29,136
27-08-2022,Onion,Karimnagar,Telangana,1337.67,155
27-08-2022,Tomato,Karimnagar,Telangana,1385.8,105
27-08-2022,Onion,Khammam,Telangana,1409.25,147
27-08-2022,Tomato,Warangal,Telangana,1404.84,147
27-08-2022,Onion,Hyderabad,Telangana,1248.06,195
27-08-2023,Onion,Warangal,Telangana,1352.05,87
27-08-2023,Onion,Khammam,Telangana,1347.66,122
27-08-2023,Tomato,Nizamabad,Telangana,1685.23,87
27-08-2023,Rice,Karimnagar,Telangana,2663.97,105
27-08-2023,Onion,Karimnagar,Telangana,1482.3,129
27-08-2023,Onion,Hyderabad,Telangana,1344.44,144
27-08-2023,Rice,Adilabad,Telangana,2530.03,57
27-08-2023,Rice,Warangal,Telangana,2439.85,125
27-08-2023,Rice,Nizamabad,Telangana,2598.55,142
27-08-2023,Tomato,Warangal,Telangana,1373.02,139
27-08-2023,Potato,Warangal,Telangana,1663.73,190
27-08-2023,Potato,Nizamabad,Telangana,1815.07,108
27-08-2023,Potato,Hyderabad,Telangana,2030.24,112
27-08-2023,Potato,Adilabad,Telangana,1447.02,110
27-08-2023,Onion,Nizamabad,Telangana,1418.87,114
27-08-2023,Rice,Khammam,Telangana,2507.88,159
27-08-2023,Potato,Khammam,Telangana,1848.09,72
27-08-2023,Tomato,Karimnagar,Telangana,1734.97,90
27-08-2023,Tomato,Khammam,Telangana,1227.98,202
27-08-2023,Tomato,Adilabad,Telangana,1295.79,180
27-08-2023,Rice,Hyderabad,Telangana,2351.18,209
27-08-2023,Potato,Karimnagar,Telangana,1780.95,153
27-08-2023,Onion,Adilabad,Telangana,1209.56,158
27-08-2023,Tomato,Hyderabad,Telangana,1575.14,91
27-09-2022,Tomato,Adilabad,Telangana,1628.48,68
27-09-2022,Rice,Khammam,Telangana,2675.54,120
27-09-2022,Rice,Warangal,Telangana,2439.0,128
27-09-2022,Potato,Adilabad,Telangana,1916.23,55
27-09-2022,Potato,Hyderabad,Telangana,1604.71,126
27-09-2022,Tomato,Hyderabad,Telangana,1411.44,160
27-09-2022,Potato,Nizamabad,Telangana,1939.54,146
27-09-2022,Tomato,Karimnagar,Telangana,1491.18,155
27-09-2022,Potato,Karimnagar,Telangana,1732.11,136
27-09-2022,Onion,Nizamabad,Telangana,1134.11,183
27-09-2022,Tomato,Khammam,Telangana,1618.49,128
27-09-2022,Rice,Nizamabad,Telangana,2575.33,172
27-09-2022,Onion,Warangal,Telangana,1295.33,144
27-09-2022,Onion,Adilabad,Telangana,1239.79,196
27-09-2022,Rice,Karimnagar,Telangana,2381.92,189
27-09-2022,Onion,Karimnagar,Telangana,1411.76,90
27-09-2022,Potato,Khammam,Telangana,1909.0,111
27-09-2022,Tomato,Warangal,Telangana,1481.43,120
27-09-2022,Rice,Adilabad,Telangana,2323.42,141
27-09-2022,Rice,Hyderabad,Telangana,2652.31,150
27-09-2022,Onion,Khammam,Telangana,1127.55,140
27-09-2022,Onion,Hyderabad,Telangana,1152.55,255
27-09-2023,Onion,Karimnagar,Telangana,1449.95,167
27-09-2023,Rice,Nizamabad,Telangana,2357.79,194
27-09-2023,Onion,Adilabad,Telangana,1340.5,135
27-09-2023,Tomato,Hyderabad,Telangana,1769.0,90
27-09-2023,Tomato,Khammam,Telangana,1590.76,71
27-09-2023,Potato,Warangal,Telangana,1601.98,139
27-09-2023,Rice,Hyderabad,Telangana,2405.18,102
27-09-2023,Tomato,Adilabad,Telangana,1633.3,114
27-09-2023,Rice,Warangal,Telangana,2394.3,218
27-09-2023,Rice,Karimnagar,Telangana,2501.54,81
27-09-2023,Potato,Hyderabad,Telangana,1815.87,89
27-09-2023,Onion,Warangal,Telangana,1389.52,146
27-09-2023,Tomato,Karimnagar,Telangana,1488.01,125
27-09-2023,Onion,Khammam,Telangana,1405.19,101
27-09-2023,Tomato,Nizamabad,Telangana,1614.99,135
27-09-2023,Rice,Khammam,Telangana,2561.46,110
27-09-2023,Potato,Nizamabad,Telangana,1820.38,111
27-09-2023,Onion,Hyderabad,Telangana,1500.61,139
27-09-2023,Rice,Adilabad,Telangana,2623.66,84
27-09-2023,Tomato,Warangal,Telangana,1625.79,129
27-09-2023,Onion,Nizamabad,Telangana,1583.09,61
27-10-2022,Rice,Nizamabad,Telangana,2500.64,124
27-10-2022,Potato,Hyderabad,Telangana,1741.66,81
27-10-2022,Rice,Hyderabad,Telangana,2392.11,156
27-10-2022,Onion,Adilabad,Telangana,1347.08,179
27-10-2022,Onion,Khammam,Telangana,1255.01,114
27-10-2022,Tomato,Nizamabad,Telangana,1402.16,138
27-10-2022,Onion,Nizamabad,Telangana,1182.07,148
27-10-2022,Rice,Khammam,Telangana,2683.18,86
27-10-2022,Potato,Khammam,Telangana,1475.51,82
27-10-2022,Rice,Karimnagar,Telangana,2416.25,134
27-10-2022,Tomato,Hyderabad,Telangana,1659.87,102
27-10-2022,Potato,Nizamabad,Telangana,1775.41,146
27-10-2022,Onion,Warangal,Telangana,1387.26,151
27-10-2022,Onion,Karimnagar,Telangana,1432.14,84
27-10-2022,Rice,Adilabad,Telangana,2458.94,125
27-10-2022,Rice,Warangal,Telangana,2272.3,154
27-10-2022,Tomato,Warangal,Telangana,1570.92,128
27-10-2022,Potato,Warangal,Telangana,1827.18,128
27-10-2022,Tomato,Khammam,Telangana,1348.55,125
27-10-2022,Tomato,Karimnagar,Telangana,1847.14,20
27-10-2022,Potato,Adilabad,Telangana,1662.9,134
27-10-2022,Potato,Karimnagar,Telangana,1660.02,111
27-10-2023,Potato,Nizamabad,Telangana,1575.49,170
27-10-2023,Potato,Hyderabad,Telangana,1883.35,98
27-10-2023,Potato,Karimnagar,Telangana,1654.36,124
27-10-2023,Onion,Nizamabad,Telangana,1392.12,134
27-10-2023,Onion,Khammam,Telangana,1233.21,164
27-10-2023,Rice,Khammam,Telangana,2798.59,57
27-10-2023,Tomato,Khammam,Telangana,1445.11,160
27-10-2023,Rice,Nizamabad,Telangana,2590.17,147
27-10-2023,Potato,Khammam,Telangana,1796.91,94
27-10-2023,Tomato,Karimnagar,Telangana,1665.41,68
27-10-2023,Tomato,Adilabad,Telangana,1666.45,140
27-10-2023,Onion,Adilabad,Telangana,1338.94,102
27-10-2023,Tomato,Nizamabad,Telangana,1876.67,78
27-10-2023,Rice,Hyderabad,Telangana,2631.29,153
27-10-2023,Rice,Karimnagar,Telangana,2707.23,85
27-10-2023,Tomato,Hyderabad,Telangana,1748.59,71
27-10-2023,Onion,Hyderabad,Telangana,1223.75,166
27-10-2023,Onion,Karimnagar,Telangana,1381.45,88
27-10-2023,Potato,Adilabad,Telangana,1743.89,144
27-10-2023,Rice,Adilabad,Telangana,2875.41,57
27-10-2023,Onion,Warangal,Telangana,1268.95,172
27-10-2023,Potato,Warangal,Telangana,1893.21,129
27-10-2023,Tomato,Warangal,Telangana,1525.22,122
27-11-2022,Potato,Karimnagar,Telangana,1593.07,177
27-11-2022,Onion,Khammam,Telangana,1167.68,148
27-11-2022,Tomato,Karimnagar,Telangana,1534.24,159
27-11-2022,Tomato,Hyderabad,Telangana,1627.04,97
27-11-2022,Tomato,Warangal,Telangana,1729.78,123
27-11-2022,Tomato,Nizamabad,Telangana,1731.35,121
27-11-2022,Onion,Hyderabad,Telangana,1453.16,143
27-11-2022,Potato,Khammam,Telangana,2019.06,134
27-11-2022,Rice,Nizamabad,Telangana,2770.77,131
27-11-2022,Onion,Nizamabad,Telangana,1482.49,156
27-11-2022,Rice,Warangal,Telangana,2791.48,114
27-11-2022,Tomato,Adilabad,Telangana,1686.42,117
27-11-2022,Rice,Hyderabad,Telangana,2830.92,122
27-11-2022,Potato,Adilabad,Telangana,1730.86,95
27-11-2022,Onion,Karimnagar,Telangana,1325.23,183
27-11-2022,Onion,Warangal,Telangana,1388.71,144
27-11-2022,Rice,Adilabad,Telangana,2884.57,68
27-11-2022,Rice,Karimnagar,Telangana,2652.36,72
27-11-2022,Rice,Khammam,Telangana,2645.79,74
27-11-2022,Potato,Nizamabad,Telangana,1897.49,101
27-11-2022,Tomato,Khammam,Telangana,1500.4,202
27-11-2022,Potato,Warangal,Telangana,1499.56,223
27-11-2023,Potato,Adilabad,Telangana,1727.64,107
27-11-2023,Onion,Karimnagar,Telangana,1209.1,167
27-11-2023,Potato,Warangal,Telangana,1845.07,158
27-11-2023,Tomato,Warangal,Telangana,1766.14,103
27-11-2023,Potato,Karimnagar,Telangana,1900.41,40
27-11-2023,Tomato,Adilabad,Telangana,1992.67,20
27-11-2023,Tomato,Hyderabad,Telangana,1529.33,138
27-11-2023,Tomato,Nizamabad,Telangana,1600.19,116
27-11-2023,Onion,Adilabad,Telangana,1465.29,113
27-11-2023,Rice,Adilabad,Telangana,2305.92,247
27-11-2023,Onion,Hyderabad,Telangana,1539.43,138
27-11-2023,Rice,Nizamabad,Telangana,2428.98,140
27-11-2023,Onion,Warangal,Telangana,1410.18,68
27-11-2023,Potato,Nizamabad,Telangana,1950.56,89
27-11-2023,Tomato,Khammam,Telangana,1334.29,178
27-11-2023,Rice,Karimnagar,Telangana,2788.86,76
27-11-2023,Rice,Warangal,Telangana,2786.0,109
27-11-2023,Tomato,Karimnagar,Telangana,1896.65,36
27-11-2023,Onion,Khammam,Telangana,1335.48,209
27-11-2023,Potato,Hyderabad,Telangana,1925.34,137
27-11-2023,Rice,Khammam,Telangana,2503.97,116
27-11-2023,Rice,Hyderabad,Telangana,2443.79,166
27-11-2023,Potato,Khammam,Telangana,1837.33,126
27-12-2022,Potato,Adilabad,Telangana,1785.81,118
27-12-2022,Potato,Karimnagar,Telangana,2078.84,132
27-12-2022,Potato,Nizamabad,Telangana,2024.18,91
27-12-2022,Potato,Hyderabad,Telangana,2239.85,49
27-12-2022,Rice,Hyderabad,Telangana,2946.06,73
27-12-2022,Onion,Nizamabad,Telangana,1536.05,164
27-12-2022,Potato,Warangal,Telangana,1826.13,109
27-12-2022,Onion,Hyderabad,Telangana,1089.77,172
27-12-2022,Tomato,Hyderabad,Telangana,1513.59,132
27-12-2022,Tomato,Nizamabad,Telangana,1770.54,115
27-12-2022,Rice,Adilabad,Telangana,2497.2,139
27-12-2022,Tomato,Karimnagar,Telangana,1731.94,119
27-12-2022,Onion,Warangal,Telangana,1503.71,90
27-12-2022,Potato,Khammam,Telangana,2037.9,27
27-12-2022,Onion,Adilabad,Telangana,1555.59,89
27-12-2022,Rice,Nizamabad,Telangana,2781.85,25
27-12-2022,Tomato,Warangal,Telangana,2087.04,127
27-12-2022,Rice,Khammam,Telangana,2745.32,97
27-12-2022,Tomato,Khammam,Telangana,1779.34,172
27-12-2022,Rice,Warangal,Telangana,2834.95,68
27-12-2022,Onion,Khammam,Telangana,1448.33,139
27-12-2022,Tomato,Adilabad,Telangana,1797.33,107
27-12-2023,Rice,Karimnagar,Telangana,2776.41,125
27-12-2023,Tomato,Khammam,Telangana,1898.18,76
27-12-2023,Onion,Adilabad,Telangana,1419.1,147
27-12-2023,Rice,Khammam,Telangana,2712.73,44
27-12-2023,Onion,Nizamabad,Telangana,1712.55,98
27-12-2023,Onion,Warangal,Telangana,1419.44,131
27-12-2023,Rice,Hyderabad,Telangana,2824.86,81
27-12-2023,Tomato,Hyderabad,Telangana,1923.07,132
27-12-2023,Tomato,Adilabad,Telangana,1611.62,138
27-12-2023,Potato,Adilabad,Telangana,2055.51,73
27-12-2023,Onion,Hyderabad,Telangana,1313.15,157
27-12-2023,Potato,Warangal,Telangana,1863.55,98
27-12-2023,Onion,Karimnagar,Telangana,1219.32,193
27-12-2023,Rice,Warangal,Telangana,2829.33,154
27-12-2023,Onion,Khammam,Telangana,1552.12,140
27-12-2023,Tomato,Nizamabad,Telangana,1742.22,75
27-12-2023,Potato,Hyderabad,Telangana,1727.94,160
27-12-2023,Tomato,Karimnagar,Telangana,1726.95,149
27-12-2023,Potato,Karimnagar,Telangana,1944.34,81
27-12-2023,Rice,Adilabad,Telangana,2831.73,131
27-12-2023,Potato,Nizamabad,Telangana,1958.5,120
28-01-2022,Tomato,Adilabad,Telangana,1906.81,50
28-01-2022,Tomato,Nizamabad,Telangana,1939.58,159
28-01-2022,Tomato,Hyderabad,Telangana,1879.4,161
28-01-2022,Onion,Warangal,Telangana,1831.42,126
28-01-2022,Potato,Hyderabad,Telangana,2068.55,49
28-01-2022,Rice,Nizamabad,Telangana,2790.09,77
28-01-2022,Potato,Nizamabad,Telangana,2073.38,60
28-01-2022,Onion,Karimnagar,Telangana,1440.07,93
28-01-2022,Potato,Adilabad,Telangana,2010.25,163
28-01-2022,Rice,Warangal,Telangana,2854.34,157
28-01-2022,Onion,Adilabad,Telangana,1811.68,63
28-01-2022,Potato,Karimnagar,Telangana,2129.78,141
28-01-2022,Potato,Khammam,Telangana,1930.32,180
28-01-2022,Potato,Warangal,Telangana,2109.93,95
28-01-2022,Rice,Hyderabad,Telangana,3007.97,90
28-01-2022,Rice,Adilabad,Telangana,2787.83,127
28-01-2022,Onion,Hyderabad,Telangana,1623.29,87
28-01-2022,Onion,Nizamabad,Telangana,1695.15,82
28-01-2022,Rice,Karimnagar,Telangana,2792.73,120
28-01-2022,Rice,Khammam,Telangana,2734.99,166
28-01-2022,Tomato,Karimnagar,Telangana,1883.34,125
28-01-2022,Onion,Khammam,Telangana,1753.46,138
28-01-2022,Tomato,Warangal,Telangana,1689.17,160
28-01-2023,Onion,Adilabad,Telangana,1919.55,67
28-01-2023,Potato,Adilabad,Telangana,2247.09,64
28-01-2023,Rice,Khammam,Telangana,2822.5,123
28-01-2023,Tomato,Khammam,Telangana,1730.75,129
28-01-2023,Rice,Hyderabad,Telangana,3061.18,108
28-01-2023,Potato,Warangal,Telangana,1920.9,131
28-01-2023,Potato,Khammam,Telangana,2126.33,140
28-01-2023,Onion,Khammam,Telangana,1843.03,108
28-01-2023,Rice,Warangal,Telangana,2759.11,111
28-01-2023,Potato,Nizamabad,Telangana,2143.79,155
28-01-2023,Onion,Karimnagar,Telangana,1642.56,108
28-01-2023,Potato,Hyderabad,Telangana,2003.9,78
28-01-2023,Rice,Adilabad,Telangana,2534.91,114
28-01-2023,Potato,Karimnagar,Telangana,2115.85,161
28-01-2023,Onion,Nizamabad,Telangana,1735.75,86
28-01-2023,Tomato,Warangal,Telangana,1688.56,163
28-01-2023,Rice,Nizamabad,Telangana,2878.37,85
28-01-2023,Tomato,Hyderabad,Telangana,1935.34,142
28-01-2023,Onion,Hyderabad,Telangana,1735.64,142
28-01-2023,Tomato,Nizamabad,Telangana,1765.79,117
28-01-2023,Rice,Karimnagar,Telangana,3010.26,107
28-01-2023,Onion,Warangal,Telangana,1802.14,56
28-01-2024,Onion,Nizamabad,Telangana,1729.17,106
28-01-2024,Tomato,Warangal,Telangana,1929.62,105
28-01-2024,Onion,Khammam,Telangana,1642.99,147
28-01-2024,Onion,Karimnagar,Telangana,1695.04,128
28-01-2024,Potato,Hyderabad,Telangana,2027.58,122
28-01-2024,Onion,Adilabad,Telangana,1540.63,200
28-01-2024,Rice,Khammam,Telangana,2781.93,108
28-01-2024,Potato,Karimnagar,Telangana,2359.41,70
28-01-2024,Rice,Warangal,Telangana,3001.62,188
28-01-2024,Tomato,Khammam,Telangana,1829.64,164
28-01-2024,Rice,Karimnagar,Telangana,2863.77,105
28-01-2024,Tomato,Hyderabad,Telangana,1843.04,116
28-01-2024,Tomato,Nizamabad,Telangana,1611.33,162
28-01-2024,Tomato,Adilabad,Telangana,1953.58,126
28-01-2024,Potato,Adilabad,Telangana,2070.01,53
28-01-2024,Rice,Adilabad,Telangana,2920.07,136
28-01-2024,Potato,Warangal,Telangana,1944.15,130
28-01-2024,Onion,Hyderabad,Telangana,1772.03,104
28-01-2024,Potato,Khammam,Telangana,1899.85,131
28-01-2024,Onion,Warangal,Telangana,1895.97,20
28-01-2024,Rice,Nizamabad,Telangana,2693.89,161
28-01-2024,Rice,Hyderabad,Telangana,2789.07,167
28-02-2022,Rice,Hyderabad,Telangana,2566.31,138
28-02-2022,Rice,Nizamabad,Telangana,2641.74,186
28-02-2022,Rice,Karimnagar,Telangana,3016.23,141
28-02-2022,Onion,Karimnagar,Telangana,1598.47,157
28-02-2022,Potato,Hyderabad,Telangana,1970.93,109
28-02-2022,Rice,Khammam,Telangana,2754.59,136
28-02-2022,Potato,Warangal,Telangana,2135.62,167
28-02-2022,Tomato,Nizamabad,Telangana,1963.31,140
28-02-2022,Onion,Hyderabad,Telangana,1668.88,118
28-02-2022,Tomato,Hyderabad,Telangana,1791.88,118
28-02-2022,Tomato,Khammam,Telangana,2153.34,82
28-02-2022,Tomato,Karimnagar,Telangana,1947.07,249
28-02-2022,Onion,Khammam,Telangana,1939.33,41
28-02-2022,Tomato,Warangal,Telangana,1917.62,88
28-02-2022,Onion,Warangal,Telangana,1564.44,115
28-02-2022,Tomato,Adilabad,Telangana,1887.63,184
28-02-2022,Onion,Adilabad,Telangana,1531.05,171
28-02-2022,Rice,Warangal,Telangana,2851.06,100
28-02-2022,Potato,Karimnagar,Telangana,2097.44,105
28-02-2022,Onion,Nizamabad,Telangana,1680.15,135
28-02-2022,Rice,Adilabad,Telangana,2988.62,175
28-02-2022,Potato,Khammam,Telangana,2045.08,141
28-02-2022,Potato,Nizamabad,Telangana,2169.08,160
28-02-2023,Rice,Adilabad,Telangana,2763.07,136
28-02-2023,Rice,Khammam,Telangana,2886.72,137
28-02-2023,Rice,Hyderabad,Telangana,2918.97,196
28-02-2023,Tomato,Khammam,Telangana,1895.32,94
28-02-2023,Tomato,Hyderabad,Telangana,2200.76,131
28-02-2023,Rice,Warangal,Telangana,2902.91,43
28-02-2023,Potato,Warangal,Telangana,2289.33,62
28-02-2023,Onion,Adilabad,Telangana,1767.13,131
28-02-2023,Potato,Hyderabad,Telangana,2202.59,93
28-02-2023,Potato,Karimnagar,Telangana,2246.07,105
28-02-2023,Tomato,Karimnagar,Telangana,2012.11,84
28-02-2023,Tomato,Adilabad,Telangana,1938.24,130
28-02-2023,Rice,Karimnagar,Telangana,2899.57,74
28-02-2023,Onion,Hyderabad,Telangana,1630.34,165
28-02-2023,Onion,Karimnagar,Telangana,1541.14,134
28-02-2023,Potato,Adilabad,Telangana,2123.09,101
28-02-2023,Tomato,Warangal,Telangana,1789.46,105
28-02-2023,Rice,Nizamabad,Telangana,2868.09,150
28-02-2023,Onion,Khammam,Telangana,1747.29,129
28-02-2023,Tomato,Nizamabad,Telangana,1963.2,141
28-02-2023,Onion,Warangal,Telangana,1562.59,148
28-02-2023,Potato,Khammam,Telangana,2064.57,97
28-02-2023,Onion,Nizamabad,Telangana,1619.75,138
28-02-2024,Rice,Nizamabad,Telangana,2979.74,73
28-02-2024,Rice,Warangal,Telangana,2850.21,92
28-02-2024,Tomato,Khammam,Telangana,2093.19,106
28-02-2024,Tomato,Nizamabad,Telangana,2024.39,132
28-02-2024,Tomato,Karimnagar,Telangana,1811.76,67
28-02-2024,Onion,Hyderabad,Telangana,1497.05,126
28-02-2024,Rice,Khammam,Telangana,2809.41,130
28-02-2024,Rice,Adilabad,Telangana,3016.04,80
28-02-2024,Potato,Adilabad,Telangana,1817.24,162
28-02-2024,Potato,Khammam,Telangana,2168.75,107
28-02-2024,Tomato,Hyderabad,Telangana,2197.89,55
28-02-2024,Onion,Warangal,Telangana,1384.88,179
28-02-2024,Tomato,Warangal,Telangana,1836.38,108
28-02-2024,Onion,Adilabad,Telangana,1782.82,74
28-02-2024,Rice,Karimnagar,Telangana,3019.71,153
28-02-2024,Rice,Hyderabad,Telangana,3073.83,109
28-02-2024,Potato,Warangal,Telangana,2282.2,82
28-02-2024,Onion,Nizamabad,Telangana,1667.61,140
28-02-2024,Onion,Karimnagar,Telangana,1671.05,151
28-02-2024,Tomato,Adilabad,Telangana,1886.6,112
28-02-2024,Onion,Khammam,Telangana,1718.83,167
28-02-2024,Potato,Hyderabad,Telangana,2058.26,130
28-02-2024,Potato,Karimnagar,Telangana,2266.9,126
28-03-2022,Tomato,Warangal,Telangana,1930.55,146
28-03-2022,Potato,Karimnagar,Telangana,2201.8,102
28-03-2022,Rice,Warangal,Telangana,2932.29,71
28-03-2022,Potato,Adilabad,Telangana,2007.03,166
28-03-2022,Onion,Adilabad,Telangana,1710.5,84
28-03-2022,Rice,Karimnagar,Telangana,2828.81,210
28-03-2022,Tomato,Khammam,Telangana,1762.08,104
28-03-2022,Onion,Karimnagar,Telangana,1600.73,128
28-03-2022,Tomato,Hyderabad,Telangana,2008.12,116
28-03-2022,Rice,Hyderabad,Telangana,2793.17,160
28-03-2022,Rice,Khammam,Telangana,2901.55,121
28-03-2022,Onion,Warangal,Telangana,1789.95,148
28-03-2022,Potato,Hyderabad,Telangana,2226.21,88
28-03-2022,Tomato,Adilabad,Telangana,1771.04,145
28-03-2022,Rice,Adilabad,Telangana,3194.8,35
28-03-2022,Potato,Nizamabad,Telangana,2146.18,149
28-03-2022,Tomato,Karimnagar,Telangana,1932.02,88
28-03-2022,Onion,Nizamabad,Telangana,1874.2,131
28-03-2022,Potato,Warangal,Telangana,2128.31,91
28-03-2022,Onion,Khammam,Telangana,1991.69,85
28-03-2022,Tomato,Nizamabad,Telangana,1942.24,106
28-03-2022,Rice,Nizamabad,Telangana,2838.26,198
28-03-2023,Tomato,Adilabad,Telangana,2044.2,75
28-03-2023,Rice,Hyderabad,Telangana,2856.75,105
28-03-2023,Tomato,Hyderabad,Telangana,2110.6,121
28-03-2023,Potato,Khammam,Telangana,2134.72,117
28-03-2023,Tomato,Karimnagar,Telangana,2136.74,56
28-03-2023,Rice,Warangal,Telangana,2805.88,128
28-03-2023,Tomato,Khammam,Telangana,1774.2,100
28-03-2023,Potato,Nizamabad,Telangana,1985.47,146
28-03-2023,Onion,Nizamabad,Telangana,2172.74,45
28-03-2023,Onion,Warangal,Telangana,1763.74,150
28-03-2023,Tomato,Nizamabad,Telangana,2018.51,158
28-03-2023,Potato,Warangal,Telangana,2156.29,140
28-03-2023,Onion,Hyderabad,Telangana,2079.16,53
28-03-2023,Tomato,Warangal,Telangana,1922.03,200
28-03-2023,Rice,Khammam,Telangana,2948.25,129
28-03-2023,Potato,Adilabad,Telangana,2072.66,134
28-03-2023,Potato,Hyderabad,Telangana,2178.15,145
28-03-2023,Rice,Nizamabad,Telangana,2956.79,105
28-03-2023,Rice,Adilabad,Telangana,2914.95,80
28-03-2023,Onion,Adilabad,Telangana,1945.29,50
28-03-2023,Onion,Khammam,Telangana,1637.99,142
28-03-2023,Rice,Karimnagar,Telangana,2862.22,122
28-03-2024,Rice,Nizamabad,Telangana,3135.6,58
28-03-2024,Tomato,Hyderabad,Telangana,1939.03,106
28-03-2024,Tomato,Khammam,Telangana,1901.17,148
28-03-2024,Onion,Nizamabad,Telangana,1765.04,134
28-03-2024,Rice,Warangal,Telangana,2948.56,76
28-03-2024,Tomato,Adilabad,Telangana,1801.64,132
28-03-2024,Potato,Hyderabad,Telangana,1827.5,194
28-03-2024,Rice,Karimnagar,Telangana,3087.7,96
28-03-2024,Rice,Adilabad,Telangana,3097.09,90
28-03-2024,Onion,Hyderabad,Telangana,1793.67,88
28-03-2024,Rice,Hyderabad,Telangana,3050.93,133
28-03-2024,Tomato,Nizamabad,Telangana,1978.34,184
28-03-2024,Tomato,Karimnagar,Telangana,2183.65,132
28-03-2024,Potato,Khammam,Telangana,2169.83,91
28-03-2024,Potato,Warangal,Telangana,2044.78,93
28-03-2024,Potato,Adilabad,Telangana,1993.12,132
28-03-2024,Rice,Khammam,Telangana,3072.85,102
28-03-2024,Onion,Warangal,Telangana,1802.56,142
28-03-2024,Potato,Nizamabad,Telangana,1959.84,155
28-03-2024,Tomato,Warangal,Telangana,1886.15,210
28-03-2024,Onion,Adilabad,Telangana,2066.97,45
28-04-2022,Onion,Hyderabad,Telangana,1694.48,84
28-04-2022,Rice,Hyderabad,Telangana,2988.38,138
28-04-2022,Tomato,Adilabad,Telangana,1689.18,167
28-04-2022,Potato,Nizamabad,Telangana,2098.9,80
28-04-2022,Rice,Nizamabad,Telangana,2836.79,144
28-04-2022,Rice,Khammam,Telangana,2904.04,159
28-04-2022,Potato,Hyderabad,Telangana,2092.03,95
28-04-2022,Rice,Warangal,Telangana,3017.44,87
28-04-2022,Tomato,Khammam,Telangana,2013.95,101
28-04-2022,Onion,Karimnagar,Telangana,1688.5,143
28-04-2022,Onion,Khammam,Telangana,1964.77,109
28-04-2022,Onion,Adilabad,Telangana,1665.61,149
28-04-2022,Tomato,Warangal,Telangana,2187.83,162
28-04-2022,Tomato,Nizamabad,Telangana,2089.52,88
28-04-2022,Potato,Warangal,Telangana,2083.57,141
28-04-2022,Potato,Adilabad,Telangana,2098.94,100
28-04-2022,Potato,Khammam,Telangana,1934.18,156
28-04-2022,Onion,Nizamabad,Telangana,1884.31,59
28-04-2022,Potato,Karimnagar,Telangana,2183.71,113
28-04-2022,Onion,Warangal,Telangana,1573.13,139
28-04-2023,Tomato,Khammam,Telangana,2441.81,49
28-04-2023,Potato,Hyderabad,Telangana,1989.89,173
28-04-2023,Tomato,Warangal,Telangana,2019.11,130
28-04-2023,Onion,Nizamabad,Telangana,1762.7,98
28-04-2023,Tomato,Hyderabad,Telangana,2121.49,116
28-04-2023,Rice,Khammam,Telangana,3000.63,111
28-04-2023,Onion,Karimnagar,Telangana,1791.62,62
28-04-2023,Onion,Warangal,Telangana,1717.58,92
28-04-2023,Rice,Warangal,Telangana,2937.03,155
28-04-2023,Tomato,Adilabad,Telangana,1874.81,183
28-04-2023,Potato,Adilabad,Telangana,1991.04,122
28-04-2023,Potato,Khammam,Telangana,2330.73,128
28-04-2023,Onion,Adilabad,Telangana,1669.2,147
28-04-2023,Rice,Hyderabad,Telangana,2934.11,79
28-04-2023,Onion,Hyderabad,Telangana,1833.72,117
28-04-2023,Tomato,Nizamabad,Telangana,2045.15,175
28-04-2023,Onion,Khammam,Telangana,1774.65,149
28-04-2023,Rice,Nizamabad,Telangana,2791.61,136
28-04-2023,Rice,Karimnagar,Telangana,3275.53,34
28-04-2023,Potato,Nizamabad,Telangana,2128.8,111
28-04-2023,Potato,Karimnagar,Telangana,2099.16,126
28-04-2023,Tomato,Karimnagar,Telangana,1810.19,151
28-04-2023,Rice,Adilabad,Telangana,3004.1,117
28-04-2024,Tomato,Khammam,Telangana,1933.71,141
28-04-2024,Potato,Adilabad,Telangana,1853.57,109
28-04-2024,Onion,Hyderabad,Telangana,1756.67,156
28-04-2024,Onion,Adilabad,Telangana,1662.65,171
28-04-2024,Tomato,Karimnagar,Telangana,2024.23,123
28-04-2024,Tomato,Adilabad,Telangana,2087.01,175
28-04-2024,Rice,Hyderabad,Telangana,3094.01,93
28-04-2024,Rice,Adilabad,Telangana,2895.95,145
28-04-2024,Rice,Warangal,Telangana,2962.63,85
28-04-2024,Onion,Nizamabad,Telangana,1796.51,151
28-04-2024,Tomato,Hyderabad,Telangana,1939.84,79
28-04-2024,Rice,Nizamabad,Telangana,2679.93,180
28-04-2024,Onion,Karimnagar,Telangana,2034.4,121
28-04-2024,Potato,Karimnagar,Telangana,2158.6,84
28-04-2024,Potato,Warangal,Telangana,2333.96,130
28-04-2024,Onion,Khammam,Telangana,1703.52,91
28-04-2024,Tomato,Nizamabad,Telangana,1715.52,228
28-04-2024,Potato,Nizamabad,Telangana,2094.27,122
28-04-2024,Potato,Khammam,Telangana,2287.1,20
28-04-2024,Rice,Karimnagar,Telangana,2965.25,99
28-04-2024,Tomato,Warangal,Telangana,1869.4,152
28-04-2024,Onion,Warangal,Telangana,1661.89,106
28-04-2024,Rice,Khammam,Telangana,3031.43,136
28-04-2024,Potato,Hyderabad,Telangana,2181.0,121
28-05-2022,Potato,Karimnagar,Telangana,1998.4,98
28-05-2022,Potato,Adilabad,Telangana,2023.47,121
28-05-2022,Rice,Khammam,Telangana,2796.84,74
28-05-2022,Potato,Khammam,Telangana,2120.7,74
28-05-2022,Onion,Warangal,Telangana,1822.03,106
28-05-2022,Rice,Karimnagar,Telangana,2906.4,87
28-05-2022,Potato,Hyderabad,Telangana,2095.32,55
28-05-2022,Tomato,Adilabad,Telangana,1599.37,198
28-05-2022,Potato,Nizamabad,Telangana,2082.78,89
28-05-2022,Onion,Adilabad,Telangana,1756.02,143
28-05-2022,Rice,Adilabad,Telangana,2832.92,95
28-05-2022,Tomato,Warangal,Telangana,1783.66,161
28-05-2022,Potato,Warangal,Telangana,1931.09,165
28-05-2022,Rice,Nizamabad,Telangana,2753.0,139
28-05-2022,Onion,Khammam,Telangana,1521.58,117
28-05-2022,Onion,Nizamabad,Telangana,1582.86,128
28-05-2022,Tomato,Hyderabad,Telangana,1763.61,134
28-05-2022,Tomato,Nizamabad,Telangana,1801.63,188
28-05-2022,Tomato,Khammam,Telangana,1900.72,77
28-05-2022,Onion,Karimnagar,Telangana,1392.4,142
28-05-2022,Onion,Hyderabad,Telangana,1796.74,96
28-05-2022,Tomato,Karimnagar,Telangana,2026.95,104
28-05-2023,Potato,Warangal,Telangana,2275.98,20
28-05-2023,Rice,Khammam,Telangana,2844.97,118
28-05-2023,Onion,Nizamabad,Telangana,1678.32,169
28-05-2023,Onion,Khammam,Telangana,1755.56,85
28-05-2023,Potato,Adilabad,Telangana,2032.84,180
28-05-2023,Onion,Warangal,Telangana,1889.31,96
28-05-2023,Rice,Nizamabad,Telangana,3019.28,133
28-05-2023,Rice,Adilabad,Telangana,2751.6,81
28-05-2023,Tomato,Adilabad,Telangana,1992.08,150
28-05-2023,Tomato,Nizamabad,Telangana,1981.92,97
28-05-2023,Rice,Hyderabad,Telangana,2792.88,111
28-05-2023,Onion,Hyderabad,Telangana,1863.39,75
28-05-2023,Tomato,Hyderabad,Telangana,1789.11,189
28-05-2023,Rice,Karimnagar,Telangana,2742.17,136
28-05-2023,Onion,Karimnagar,Telangana,1569.66,126
28-05-2023,Potato,Khammam,Telangana,1940.12,77
28-05-2023,Tomato,Karimnagar,Telangana,1998.14,134
28-05-2023,Potato,Nizamabad,Telangana,2038.16,130
28-05-2023,Onion,Adilabad,Telangana,1660.57,122
28-05-2023,Potato,Karimnagar,Telangana,2159.56,92
28-05-2023,Tomato,Khammam,Telangana,1745.19,156
28-05-2023,Rice,Warangal,Telangana,3159.89,59
28-05-2023,Tomato,Warangal,Telangana,2085.25,117
28-05-2024,Potato,Karimnagar,Telangana,1938.72,69
28-05-2024,Onion,Hyderabad,Telangana,1670.99,120
28-05-2024,Tomato,Hyderabad,Telangana,1998.26,114
28-05-2024,Onion,Warangal,Telangana,1706.15,121
28-05-2024,Tomato,Karimnagar,Telangana,1895.32,54
28-05-2024,Onion,Nizamabad,Telangana,1312.66,175
28-05-2024,Rice,Karimnagar,Telangana,2835.79,144
28-05-2024,Rice,Khammam,Telangana,3089.28,92
28-05-2024,Rice,Hyderabad,Telangana,2923.34,99
28-05-2024,Tomato,Adilabad,Telangana,1869.32,114
28-05-2024,Onion,Adilabad,Telangana,1754.77,139
28-05-2024,Potato,Warangal,Telangana,2160.83,42
28-05-2024,Potato,Khammam,Telangana,2070.3,142
28-05-2024,Tomato,Nizamabad,Telangana,1686.91,166
28-05-2024,Potato,Nizamabad,Telangana,2168.72,66
28-05-2024,Tomato,Khammam,Telangana,1923.03,73
28-05-2024,Rice,Warangal,Telangana,2848.75,168
28-05-2024,Tomato,Warangal,Telangana,1836.69,145
28-05-2024,Onion,Karimnagar,Telangana,1813.44,92
28-05-2024,Potato,Adilabad,Telangana,2149.39,93
28-05-2024,Rice,Adilabad,Telangana,2935.64,108
28-05-2024,Potato,Hyderabad,Telangana,2069.0,177
28-05-2024,Onion,Khammam,Telangana,1851.76,100
28-06-2022,Potato,Warangal,Telangana,2134.19,87
28-06-2022,Rice,Karimnagar,Telangana,2869.65,134
28-06-2022,Onion,Nizamabad,Telangana,1249.43,179
28-06-2022,Onion,Adilabad,Telangana,1498.84,94
28-06-2022,Potato,Nizamabad,Telangana,1659.11,152
28-06-2022,Potato,Adilabad,Telangana,2124.7,73
28-06-2022,Potato,Khammam,Telangana,2218.61,59
28-06-2022,Onion,Khammam,Telangana,1342.44,184
28-06-2022,Potato,Karimnagar,Telangana,2061.71,117
28-06-2022,Rice,Warangal,Telangana,3000.74,124
28-06-2022,Tomato,Hyderabad,Telangana,1742.84,119
28-06-2022,Rice,Adilabad,Telangana,2821.65,108
28-06-2022,Tomato,Warangal,Telangana,1769.35,104
28-06-2022,Tomato,Karimnagar,Telangana,1754.74,116
28-06-2022,Tomato,Adilabad,Telangana,1813.18,146
28-06-2022,Onion,Warangal,Telangana,1720.13,95
28-06-2022,Onion,Hyderabad,Telangana,1589.16,103
28-06-2022,Rice,Nizamabad,Telangana,2799.93,121
28-06-2022,Potato,Hyderabad,Telangana,1776.85,144
28-06-2022,Tomato,Khammam,Telangana,1669.62,172
28-06-2022,Onion,Karimnagar,Telangana,1433.91,142
28-06-2022,Tomato,Nizamabad,Telangana,1691.71,142
28-06-2023,Potato,Khammam,Telangana,2041.52,113
28-06-2023,Tomato,Khammam,Telangana,1640.63,126
28-06-2023,Tomato,Adilabad,Telangana,1687.66,81
28-06-2023,Tomato,Hyderabad,Telangana,1722.13,161
28-06-2023,Rice,Karimnagar,Telangana,2587.17,251
28-06-2023,Rice,Hyderabad,Telangana,2725.13,135
28-06-2023,Potato,Warangal,Telangana,1976.75,129
28-06-2023,Onion,Warangal,Telangana,1634.31,156
28-06-2023,Onion,Khammam,Telangana,1617.73,125
28-06-2023,Onion,Nizamabad,Telangana,1537.52,94
28-06-2023,Tomato,Warangal,Telangana,1986.08,98
28-06-2023,Potato,Karimnagar,Telangana,1959.47,128
28-06-2023,Potato,Adilabad,Telangana,1870.43,141
28-06-2023,Onion,Karimnagar,Telangana,2044.37,58
28-06-2023,Rice,Warangal,Telangana,2589.28,119
28-06-2023,Tomato,Nizamabad,Telangana,1626.64,110
28-06-2023,Potato,Hyderabad,Telangana,1861.39,147
28-06-2023,Onion,Hyderabad,Telangana,1543.49,115
28-06-2023,Rice,Khammam,Telangana,2376.12,194
28-06-2023,Onion,Adilabad,Telangana,1475.58,126
28-06-2023,Rice,Nizamabad,Telangana,2813.65,129
28-07-2022,Rice,Khammam,Telangana,2807.93,112
28-07-2022,Rice,Karimnagar,Telangana,2625.47,144
28-07-2022,Rice,Nizamabad,Telangana,2698.14,97
28-07-2022,Tomato,Hyderabad,Telangana,1564.88,182
28-07-2022,Rice,Hyderabad,Telangana,2631.27,128
28-07-2022,Onion,Warangal,Telangana,1744.01,50
28-07-2022,Tomato,Khammam,Telangana,1842.4,126
28-07-2022,Potato,Adilabad,Telangana,2041.87,73
28-07-2022,Potato,Nizamabad,Telangana,1809.24,127
28-07-2022,Onion,Hyderabad,Telangana,1371.74,164
28-07-2022,Tomato,Karimnagar,Telangana,1798.54,100
28-07-2022,Rice,Adilabad,Telangana,2935.39,85
28-07-2022,Onion,Karimnagar,Telangana,1533.23,45
28-07-2022,Tomato,Adilabad,Telangana,1583.11,189
28-07-2022,Potato,Khammam,Telangana,1808.5,90
28-07-2022,Tomato,Nizamabad,Telangana,1762.14,87
28-07-2022,Potato,Warangal,Telangana,2183.06,65
28-07-2022,Onion,Adilabad,Telangana,1401.23,157
28-07-2022,Tomato,Warangal,Telangana,1703.06,102
28-07-2022,Potato,Hyderabad,Telangana,1600.88,131
28-07-2023,Onion,Khammam,Telangana,1503.82,122
28-07-2023,Potato,Hyderabad,Telangana,1642.75,154
28-07-2023,Rice,Adilabad,Telangana,2662.14,194
28-07-2023,Potato,Karimnagar,Telangana,1892.8,113
28-07-2023,Tomato,Karimnagar,Telangana,1534.66,125
28-07-2023,Rice,Karimnagar,Telangana,2774.34,115
28-07-2023,Potato,Khammam,Telangana,1960.77,105
28-07-2023,Rice,Nizamabad,Telangana,2825.79,127
28-07-2023,Onion,Karimnagar,Telangana,1485.91,114
28-07-2023,Potato,Adilabad,Telangana,1539.48,166
28-07-2023,Onion,Adilabad,Telangana,1343.75,174
28-07-2023,Tomato,Warangal,Telangana,1310.06,123
28-07-2023,Potato,Warangal,Telangana,1904.83,117
28-07-2023,Potato,Nizamabad,Telangana,1888.18,140
28-07-2023,Tomato,Hyderabad,Telangana,1590.19,76
28-07-2023,Rice,Khammam,Telangana,2590.06,88
28-07-2023,Tomato,Khammam,Telangana,1744.93,104
28-07-2023,Rice,Hyderabad,Telangana,2630.33,148
28-07-2023,Onion,Nizamabad,Telangana,1608.83,95
28-07-2023,Onion,Hyderabad,Telangana,1254.89,143
28-07-2023,Tomato,Nizamabad,Telangana,1704.85,56
28-07-2023,Rice,Warangal,Telangana,2675.71,105
28-08-2022,Rice,Khammam,Telangana,2514.64,168
28-08-2022,Onion,Karimnagar,Telangana,1347.59,115
28-08-2022,Tomato,Khammam,Telangana,1547.63,91
28-08-2022,Potato,Adilabad,Telangana,1777.57,133
28-08-2022,Tomato,Nizamabad,Telangana,1699.28,87
28-08-2022,Potato,Khammam,Telangana,1674.6,125
28-08-2022,Rice,Hyderabad,Telangana,2525.34,84
28-08-2022,Rice,Warangal,Telangana,2690.95,107
28-08-2022,Onion,Warangal,Telangana,1378.89,160
28-08-2022,Tomato,Hyderabad,Telangana,1483.08,243
28-08-2022,Potato,Hyderabad,Telangana,1629.21,185
28-08-2022,Tomato,Warangal,Telangana,1598.24,146
28-08-2022,Rice,Nizamabad,Telangana,2197.01,168
28-08-2022,Rice,Karimnagar,Telangana,2668.63,117
28-08-2022,Onion,Hyderabad,Telangana,1243.08,137
28-08-2022,Onion,Adilabad,Telangana,1508.3,76
28-08-2022,Tomato,Adilabad,Telangana,1712.01,124
28-08-2022,Onion,Nizamabad,Telangana,1421.35,107
28-08-2022,Potato,Nizamabad,Telangana,1729.35,135
28-08-2022,Potato,Karimnagar,Telangana,1829.51,148
28-08-2022,Onion,Khammam,Telangana,1499.72,114
28-08-2022,Tomato,Karimnagar,Telangana,1590.05,104
28-08-2023,Onion,Adilabad,Telangana,1664.39,107
28-08-2023,Tomato,Karimnagar,Telangana,1430.4,177
28-08-2023,Rice,Warangal,Telangana,2440.37,110
28-08-2023,Potato,Adilabad,Telangana,1869.21,50
28-08-2023,Rice,Nizamabad,Telangana,2734.55,96
28-08-2023,Tomato,Warangal,Telangana,1452.19,163
28-08-2023,Onion,Nizamabad,Telangana,1596.73,20
28-08-2023,Onion,Hyderabad,Telangana,1375.82,105
28-08-2023,Rice,Hyderabad,Telangana,2746.64,77
28-08-2023,Potato,Karimnagar,Telangana,2070.87,89
28-08-2023,Onion,Warangal,Telangana,1383.44,183
28-08-2023,Potato,Hyderabad,Telangana,1815.76,104
28-08-2023,Onion,Khammam,Telangana,1555.93,104
28-08-2023,Tomato,Hyderabad,Telangana,1918.68,63
28-08-2023,Rice,Khammam,Telangana,2629.75,79
28-08-2023,Rice,Karimnagar,Telangana,2721.38,133
28-08-2023,Potato,Warangal,Telangana,2053.75,79
28-08-2023,Rice,Adilabad,Telangana,2666.71,121
28-08-2023,Potato,Khammam,Telangana,1757.26,123
28-08-2023,Tomato,Khammam,Telangana,1641.82,94
28-08-2023,Potato,Nizamabad,Telangana,1757.46,156
28-09-2022,Rice,Karimnagar,Telangana,2346.31,118
28-09-2022,Onion,Warangal,Telangana,1489.14,121
28-09-2022,Potato,Khammam,Telangana,1679.05,124
28-09-2022,Onion,Karimnagar,Telangana,1397.95,108
28-09-2022,Rice,Hyderabad,Telangana,2703.6,119
28-09-2022,Potato,Karimnagar,Telangana,1522.57,168
28-09-2022,Onion,Hyderabad,Telangana,1306.56,116
28-09-2022,Tomato,Warangal,Telangana,1556.93,147
28-09-2022,Onion,Nizamabad,Telangana,1281.87,130
28-09-2022,Tomato,Karimnagar,Telangana,1709.02,144
28-09-2022,Potato,Warangal,Telangana,1997.47,64
28-09-2022,Potato,Nizamabad,Telangana,2063.77,146
28-09-2022,Tomato,Khammam,Telangana,1487.55,148
28-09-2022,Tomato,Hyderabad,Telangana,1358.85,153
28-09-2022,Tomato,Adilabad,Telangana,1465.56,133
28-09-2022,Rice,Adilabad,Telangana,2605.24,123
28-09-2022,Onion,Khammam,Telangana,1410.73,118
28-09-2022,Rice,Khammam,Telangana,2540.01,130
28-09-2022,Rice,Warangal,Telangana,2387.93,179
28-09-2022,Onion,Adilabad,Telangana,1596.09,20
28-09-2022,Potato,Adilabad,Telangana,1694.18,125
28-09-2022,Tomato,Nizamabad,Telangana,1758.98,67
28-09-2022,Potato,Hyderabad,Telangana,1744.98,84
28-09-2023,Onion,Warangal,Telangana,1459.55,82
28-09-2023,Potato,Nizamabad,Telangana,1794.11,110
28-09-2023,Tomato,Nizamabad,Telangana,1462.53,129
28-09-2023,Potato,Karimnagar,Telangana,1709.41,132
28-09-2023,Onion,Hyderabad,Telangana,1401.56,148
28-09-2023,Rice,Karimnagar,Telangana,2767.16,155
28-09-2023,Rice,Khammam,Telangana,2522.29,100
28-09-2023,Tomato,Warangal,Telangana,1866.72,69
28-09-2023,Rice,Adilabad,Telangana,2530.64,110
28-09-2023,Tomato,Khammam,Telangana,1752.92,116
28-09-2023,Rice,Hyderabad,Telangana,2593.52,99
28-09-2023,Tomato,Karimnagar,Telangana,1477.63,243
28-09-2023,Potato,Warangal,Telangana,1891.11,87
28-09-2023,Tomato,Adilabad,Telangana,1543.57,105
28-09-2023,Onion,Khammam,Telangana,1663.53,66
28-09-2023,Onion,Nizamabad,Telangana,1425.03,99
28-09-2023,Potato,Adilabad,Telangana,1813.91,112
28-09-2023,Rice,Nizamabad,Telangana,2394.11,127
28-09-2023,Potato,Hyderabad,Telangana,1776.61,145
28-09-2023,Tomato,Hyderabad,Telangana,1547.51,163
28-09-2023,Onion,Karimnagar,Telangana,1428.81,100
28-09-2023,Rice,Warangal,Telangana,2435.14,144
28-09-2023,Potato,Khammam,Telangana,1831.23,74
28-10-2022,Onion,Nizamabad,Telangana,1211.8,205
28-10-2022,Potato,Khammam,Telangana,1664.48,169
28-10-2022,Onion,Khammam,Telangana,1337.42,118
28-10-2022,Rice,Khammam,Telangana,2657.9,130
28-10-2022,Potato,Adilabad,Telangana,1811.6,124
28-10-2022,Onion,Warangal,Telangana,1543.36,126
28-10-2022,Onion,Hyderabad,Telangana,1308.11,113
28-10-2022,Tomato,Nizamabad,Telangana,1594.36,75
28-10-2022,Onion,Karimnagar,Telangana,1388.16,114
28-10-2022,Potato,Hyderabad,Telangana,1830.62,109
28-10-2022,Tomato,Adilabad,Telangana,1908.32,32
28-10-2022,Onion,Adilabad,Telangana,1448.09,98
28-10-2022,Potato,Karimnagar,Telangana,1871.28,120
28-10-2022,Rice,Nizamabad,Telangana,2622.5,89
28-10-2022,Rice,Adilabad,Telangana,2722.24,101
28-10-2022,Potato,Warangal,Telangana,1748.42,93
28-10-2022,Tomato,Hyderabad,Telangana,1409.41,150
28-10-2022,Tomato,Karimnagar,Telangana,1431.25,129
28-10-2022,Rice,Warangal,Telangana,2769.22,120
28-10-2022,Potato,Nizamabad,Telangana,1559.47,182
28-10-2022,Tomato,Warangal,Telangana,1659.29,91
28-10-2022,Rice,Karimnagar,Telangana,2514.21,179
28-10-2023,Onion,Adilabad,Telangana,1447.83,80
28-10-2023,Rice,Karimnagar,Telangana,2550.97,127
28-10-2023,Tomato,Nizamabad,Telangana,1340.01,187
28-10-2023,Potato,Nizamabad,Telangana,1646.51,146
28-10-2023,Rice,Adilabad,Telangana,2650.19,108
28-10-2023,Onion,Nizamabad,Telangana,1433.16,142
28-10-2023,Onion,Khammam,Telangana,1280.01,131
28-10-2023,Rice,Hyderabad,Telangana,2687.71,99
28-10-2023,Rice,Warangal,Telangana,2467.17,122
28-10-2023,Tomato,Adilabad,Telangana,1578.16,89
28-10-2023,Potato,Karimnagar,Telangana,1818.29,72
28-10-2023,Onion,Warangal,Telangana,1151.2,127
28-10-2023,Potato,Adilabad,Telangana,1999.85,104
28-10-2023,Rice,Khammam,Telangana,2503.36,75
28-10-2023,Potato,Hyderabad,Telangana,1825.64,101
28-10-2023,Rice,Nizamabad,Telangana,2511.64,163
28-10-2023,Tomato,Khammam,Telangana,1478.95,84
28-10-2023,Tomato,Karimnagar,Telangana,1231.12,163
28-10-2023,Potato,Warangal,Telangana,1807.29,95
28-10-2023,Onion,Karimnagar,Telangana,1412.53,20
28-10-2023,Onion,Hyderabad,Telangana,1261.66,198
28-10-2023,Potato,Khammam,Telangana,1879.89,85
28-10-2023,Tomato,Hyderabad,Telangana,1604.33,181
28-10-2023,Tomato,Warangal,Telangana,1583.57,116
28-11-2022,Potato,Nizamabad,Telangana,1938.97,88
28-11-2022,Rice,Khammam,Telangana,2724.12,167
28-11-2022,Potato,Adilabad,Telangana,1861.32,118
28-11-2022,Rice,Karimnagar,Telangana,2692.05,145
28-11-2022,Rice,Nizamabad,Telangana,2523.03,128
28-11-2022,Onion,Khammam,Telangana,1487.12,91
28-11-2022,Tomato,Hyderabad,Telangana,1588.3,118
28-11-2022,Potato,Hyderabad,Telangana,1962.32,71
28-11-2022,Rice,Hyderabad,Telangana,2786.78,171
28-11-2022,Onion,Nizamabad,Telangana,1316.72,124
28-11-2022,Tomato,Warangal,Telangana,1462.99,139
28-11-2022,Tomato,Karimnagar,Telangana,1554.5,150
28-11-2022,Rice,Warangal,Telangana,2698.73,85
28-11-2022,Potato,Karimnagar,Telangana,1697.5,163
28-11-2022,Onion,Hyderabad,Telangana,1316.31,96
28-11-2022,Tomato,Khammam,Telangana,1686.38,63
28-11-2022,Onion,Warangal,Telangana,1495.53,107
28-11-2022,Potato,Warangal,Telangana,1913.52,159
28-11-2022,Tomato,Nizamabad,Telangana,1966.07,105
28-11-2022,Onion,Adilabad,Telangana,1492.78,137
28-11-2022,Potato,Khammam,Telangana,2122.79,38
28-11-2022,Onion,Karimnagar,Telangana,1346.86,142
28-11-2023,Rice,Nizamabad,Telangana,2684.14,98
28-11-2023,Tomato,Hyderabad,Telangana,1505.9,200
28-11-2023,Potato,Nizamabad,Telangana,2029.1,77
28-11-2023,Onion,Karimnagar,Telangana,1710.26,27
28-11-2023,Tomato,Warangal,Telangana,1393.4,211
28-11-2023,Potato,Adilabad,Telangana,2227.93,62
28-11-2023,Onion,Khammam,Telangana,1578.01,164
28-11-2023,Onion,Hyderabad,Telangana,1525.5,130
28-11-2023,Potato,Warangal,Telangana,1899.52,85
28-11-2023,Rice,Karimnagar,Telangana,2776.15,92
28-11-2023,Rice,Warangal,Telangana,2746.48,45
28-11-2023,Tomato,Karimnagar,Telangana,1727.53,115
28-11-2023,Tomato,Khammam,Telangana,1511.82,197
28-11-2023,Potato,Hyderabad,Telangana,1954.85,100
28-11-2023,Onion,Adilabad,Telangana,1475.42,177
28-11-2023,Tomato,Nizamabad,Telangana,1506.64,155
28-11-2023,Potato,Khammam,Telangana,1976.87,101
28-11-2023,Onion,Nizamabad,Telangana,1466.94,131
28-11-2023,Rice,Khammam,Telangana,2679.83,99
28-11-2023,Tomato,Adilabad,Telangana,1520.4,163
28-11-2023,Rice,Adilabad,Telangana,2583.35,83
28-12-2022,Tomato,Adilabad,Telangana,1741.12,124
28-12-2022,Onion,Nizamabad,Telangana,1606.55,155
28-12-2022,Potato,Karimnagar,Telangana,2281.61,89
28-12-2022,Rice,Hyderabad,Telangana,2693.09,95
28-12-2022,Potato,Adilabad,Telangana,2001.69,114
28-12-2022,Potato,Nizamabad,Telangana,1914.05,112
28-12-2022,Tomato,Khammam,Telangana,2002.94,69
28-12-2022,Rice,Karimnagar,Telangana,2498.97,145
28-12-2022,Potato,Hyderabad,Telangana,2168.82,102
28-12-2022,Tomato,Nizamabad,Telangana,1833.48,89
28-12-2022,Tomato,Hyderabad,Telangana,1943.43,66
28-12-2022,Rice,Adilabad,Telangana,3017.91,53
28-12-2022,Onion,Hyderabad,Telangana,1534.36,71
28-12-2022,Potato,Warangal,Telangana,1998.14,83
28-12-2022,Onion,Adilabad,Telangana,1347.74,152
28-12-2022,Rice,Nizamabad,Telangana,2922.5,139
28-12-2022,Onion,Khammam,Telangana,1367.01,95
28-12-2022,Tomato,Warangal,Telangana,1680.62,134
28-12-2022,Onion,Warangal,Telangana,1440.4,174
28-12-2022,Potato,Khammam,Telangana,2000.65,76
28-12-2022,Tomato,Karimnagar,Telangana,1521.04,168
28-12-2022,Rice,Khammam,Telangana,2766.4,123
28-12-2023,Rice,Karimnagar,Telangana,2713.97,130
28-12-2023,Onion,Nizamabad,Telangana,1287.64,169
28-12-2023,Rice,Warangal,Telangana,3044.85,78
28-12-2023,Rice,Hyderabad,Telangana,2776.55,140
28-12-2023,Tomato,Adilabad,Telangana,1816.61,156
28-12-2023,Potato,Nizamabad,Telangana,1758.01,150
28-12-2023,Onion,Khammam,Telangana,1309.46,145
28-12-2023,Onion,Hyderabad,Telangana,1460.97,214
28-12-2023,Potato,Karimnagar,Telangana,2081.5,97
28-12-2023,Tomato,Karimnagar,Telangana,1687.68,133
28-12-2023,Tomato,Warangal,Telangana,1823.21,145
28-12-2023,Potato,Hyderabad,Telangana,1894.57,141
28-12-2023,Rice,Adilabad,Telangana,2882.5,56
28-12-2023,Onion,Adilabad,Telangana,1396.35,196
28-12-2023,Rice,Khammam,Telangana,2705.52,75
28-12-2023,Onion,Karimnagar,Telangana,1515.78,75
28-12-2023,Tomato,Nizamabad,Telangana,1537.15,121
28-12-2023,Tomato,Khammam,Telangana,1685.71,142
28-12-2023,Potato,Warangal,Telangana,2131.09,76
28-12-2023,Onion,Warangal,Telangana,1499.55,87
28-12-2023,Potato,Khammam,Telangana,2273.4,68
28-12-2023,Potato,Adilabad,Telangana,1891.82,91
29-01-2022,Rice,Hyderabad,Telangana,3097.54,110
29-01-2022,Tomato,Warangal,Telangana,1712.7,175
29-01-2022,Potato,Warangal,Telangana,2068.46,129
29-01-2022,Potato,Nizamabad,Telangana,2195.05,77
29-01-2022,Onion,Warangal,Telangana,1624.87,173
29-01-2022,Tomato,Adilabad,Telangana,1854.92,112
29-01-2022,Rice,Warangal,Telangana,2728.74,102
29-01-2022,Onion,Khammam,Telangana,1533.28,104
29-01-2022,Onion,Adilabad,Telangana,1678.56,108
29-01-2022,Onion,Hyderabad,Telangana,1470.86,132
29-01-2022,Onion,Karimnagar,Telangana,1735.25,138
29-01-2022,Tomato,Khammam,Telangana,1938.58,116
29-01-2022,Rice,Karimnagar,Telangana,3193.39,23
29-01-2022,Tomato,Nizamabad,Telangana,1871.41,94
29-01-2022,Potato,Hyderabad,Telangana,2165.98,107
29-01-2022,Rice,Khammam,Telangana,3039.72,119
29-01-2022,Rice,Adilabad,Telangana,2729.72,211
29-01-2022,Tomato,Hyderabad,Telangana,1883.6,86
29-01-2022,Potato,Karimnagar,Telangana,2274.41,29
29-01-2022,Potato,Khammam,Telangana,1947.44,138
29-01-2022,Rice,Nizamabad,Telangana,3051.68,76
29-01-2022,Onion,Nizamabad,Telangana,1438.29,73
29-01-2023,Tomato,Adilabad,Telangana,2039.88,127
29-01-2023,Onion,Adilabad,Telangana,1985.13,36
29-01-2023,Rice,Khammam,Telangana,2606.09,166
29-01-2023,Onion,Khammam,Telangana,1812.23,140
29-01-2023,Onion,Nizamabad,Telangana,1715.05,127
29-01-2023,Rice,Warangal,Telangana,2983.73,109
29-01-2023,Rice,Adilabad,Telangana,3016.81,112
29-01-2023,Tomato,Warangal,Telangana,1934.35,67
29-01-2023,Potato,Nizamabad,Telangana,1960.93,141
29-01-2023,Potato,Hyderabad,Telangana,2108.37,49
29-01-2023,Rice,Karimnagar,Telangana,2596.47,174
29-01-2023,Potato,Khammam,Telangana,2093.89,123
29-01-2023,Potato,Warangal,Telangana,1992.87,157
29-01-2023,Tomato,Khammam,Telangana,1794.46,128
29-01-2023,Potato,Karimnagar,Telangana,1912.46,195
29-01-2023,Onion,Karimnagar,Telangana,1642.15,167
29-01-2023,Tomato,Hyderabad,Telangana,1841.81,153
29-01-2023,Rice,Nizamabad,Telangana,2721.42,179
29-01-2023,Rice,Hyderabad,Telangana,2853.52,101
29-01-2023,Potato,Adilabad,Telangana,2237.71,121
29-01-2023,Onion,Hyderabad,Telangana,1589.58,95
29-01-2023,Onion,Warangal,Telangana,1870.03,112
29-01-2024,Rice,Khammam,Telangana,2767.99,79
29-01-2024,Potato,Warangal,Telangana,1726.38,144
29-01-2024,Tomato,Warangal,Telangana,1740.83,117
29-01-2024,Potato,Nizamabad,Telangana,2203.19,94
29-01-2024,Onion,Karimnagar,Telangana,1778.63,56
29-01-2024,Tomato,Karimnagar,Telangana,1649.98,186
29-01-2024,Potato,Adilabad,Telangana,2069.2,136
29-01-2024,Rice,Adilabad,Telangana,2757.73,126
29-01-2024,Rice,Karimnagar,Telangana,3197.72,20
29-01-2024,Potato,Hyderabad,Telangana,2061.85,114
29-01-2024,Tomato,Khammam,Telangana,1820.29,145
29-01-2024,Onion,Hyderabad,Telangana,1556.8,193
29-01-2024,Potato,Karimnagar,Telangana,2133.5,100
29-01-2024,Rice,Nizamabad,Telangana,3093.39,56
29-01-2024,Rice,Warangal,Telangana,2844.59,146
29-01-2024,Tomato,Hyderabad,Telangana,1808.41,180
29-01-2024,Onion,Nizamabad,Telangana,1543.28,166
29-01-2024,Onion,Khammam,Telangana,1494.18,142
29-01-2024,Onion,Warangal,Telangana,1802.94,141
29-01-2024,Tomato,Nizamabad,Telangana,2247.97,76
29-01-2024,Onion,Adilabad,Telangana,1677.67,157
29-02-2024,Rice,Warangal,Telangana,2860.01,109
29-02-2024,Rice,Adilabad,Telangana,2973.01,107
29-02-2024,Rice,Nizamabad,Telangana,2785.37,182
29-02-2024,Potato,Khammam,Telangana,2406.99,108
29-02-2024,Potato,Warangal,Telangana,2235.63,107
29-02-2024,Tomato,Hyderabad,Telangana,1892.73,90
29-02-2024,Potato,Karimnagar,Telangana,1904.14,162
29-02-2024,Tomato,Adilabad,Telangana,1867.73,135
29-02-2024,Onion,Warangal,Telangana,1801.37,55
29-02-2024,Tomato,Nizamabad,Telangana,1571.77,182
29-02-2024,Rice,Karimnagar,Telangana,2961.98,68
29-02-2024,Potato,Adilabad,Telangana,2216.31,67
29-02-2024,Onion,Nizamabad,Telangana,1732.5,106
29-02-2024,Tomato,Warangal,Telangana,1802.57,140
29-02-2024,Onion,Adilabad,Telangana,1551.78,166
29-02-2024,Tomato,Karimnagar,Telangana,1941.85,115
29-02-2024,Rice,Hyderabad,Telangana,2785.64,122
29-02-2024,Rice,Khammam,Telangana,2994.5,78
29-02-2024,Onion,Hyderabad,Telangana,1786.69,138
29-03-2022,Tomato,Karimnagar,Telangana,2158.05,49
29-03-2022,Onion,Warangal,Telangana,1811.72,113
29-03-2022,Potato,Warangal,Telangana,2147.2,120
29-03-2022,Tomato,Hyderabad,Telangana,2036.73,131
29-03-2022,Rice,Adilabad,Telangana,3165.65,76
29-03-2022,Onion,Adilabad,Telangana,1924.55,77
29-03-2022,Rice,Nizamabad,Telangana,2954.25,76
29-03-2022,Onion,Hyderabad,Telangana,1867.26,81
29-03-2022,Tomato,Adilabad,Telangana,1826.16,164
29-03-2022,Potato,Khammam,Telangana,1999.8,107
29-03-2022,Tomato,Warangal,Telangana,1914.84,119
29-03-2022,Potato,Hyderabad,Telangana,1959.13,190
29-03-2022,Rice,Khammam,Telangana,2974.24,121
29-03-2022,Rice,Warangal,Telangana,2840.72,132
29-03-2022,Potato,Nizamabad,Telangana,2055.31,115
29-03-2022,Rice,Karimnagar,Telangana,2859.47,130
29-03-2022,Onion,Khammam,Telangana,1737.41,108
29-03-2022,Tomato,Nizamabad,Telangana,1804.58,80
29-03-2022,Potato,Karimnagar,Telangana,2195.16,116
29-03-2022,Onion,Nizamabad,Telangana,1793.07,90
29-03-2022,Potato,Adilabad,Telangana,2261.49,118
29-03-2022,Rice,Hyderabad,Telangana,3038.07,50
29-03-2023,Onion,Karimnagar,Telangana,1598.1,142
29-03-2023,Onion,Warangal,Telangana,1865.58,148
29-03-2023,Rice,Khammam,Telangana,2567.93,159
29-03-2023,Rice,Adilabad,Telangana,2702.43,165
29-03-2023,Potato,Warangal,Telangana,2028.2,140
29-03-2023,Rice,Hyderabad,Telangana,3339.07,48
29-03-2023,Rice,Warangal,Telangana,3148.49,130
29-03-2023,Onion,Adilabad,Telangana,1529.71,131
29-03-2023,Potato,Khammam,Telangana,1985.9,129
29-03-2023,Potato,Nizamabad,Telangana,2065.55,125
29-03-2023,Potato,Adilabad,Telangana,2195.54,121
29-03-2023,Tomato,Karimnagar,Telangana,2022.99,111
29-03-2023,Rice,Nizamabad,Telangana,2934.31,118
29-03-2023,Rice,Karimnagar,Telangana,2953.76,119
29-03-2023,Tomato,Khammam,Telangana,1815.76,73
29-03-2023,Onion,Nizamabad,Telangana,1509.27,168
29-03-2023,Onion,Khammam,Telangana,1748.37,89
29-03-2023,Potato,Karimnagar,Telangana,2288.33,127
29-03-2023,Tomato,Adilabad,Telangana,1732.47,158
29-03-2023,Tomato,Hyderabad,Telangana,1951.04,127
29-03-2023,Tomato,Warangal,Telangana,2066.88,129
29-03-2023,Onion,Hyderabad,Telangana,1809.43,140
29-03-2024,Tomato,Warangal,Telangana,1762.53,142
29-03-2024,Potato,Hyderabad,Telangana,2131.77,81
29-03-2024,Onion,Karimnagar,Telangana,1729.89,138
29-03-2024,Potato,Karimnagar,Telangana,2002.94,200
29-03-2024,Rice,Adilabad,Telangana,3240.64,66
29-03-2024,Rice,Warangal,Telangana,2776.77,134
29-03-2024,Tomato,Karimnagar,Telangana,2216.0,64
29-03-2024,Tomato,Khammam,Telangana,1841.73,98
29-03-2024,Rice,Hyderabad,Telangana,3311.15,55
29-03-2024,Rice,Nizamabad,Telangana,3241.22,72
29-03-2024,Tomato,Nizamabad,Telangana,1973.8,57
29-03-2024,Onion,Adilabad,Telangana,1838.32,101
29-03-2024,Onion,Khammam,Telangana,1803.49,118
29-03-2024,Tomato,Hyderabad,Telangana,2088.52,81
29-03-2024,Potato,Adilabad,Telangana,2283.61,24
29-03-2024,Potato,Khammam,Telangana,2012.03,134
29-03-2024,Potato,Nizamabad,Telangana,2029.75,166
29-03-2024,Onion,Nizamabad,Telangana,1759.16,137
29-03-2024,Rice,Karimnagar,Telangana,2910.46,142
29-03-2024,Onion,Warangal,Telangana,1701.15,133
29-03-2024,Tomato,Adilabad,Telangana,1880.8,88
29-03-2024,Onion,Hyderabad,Telangana,1710.16,132
29-03-2024,Potato,Warangal,Telangana,2213.3,51
29-04-2022,Rice,Khammam,Telangana,2836.8,155
29-04-2022,Tomato,Khammam,Telangana,1994.21,89
29-04-2022,Potato,Khammam,Telangana,2002.74,121
29-04-2022,Tomato,Karimnagar,Telangana,1886.74,169
29-04-2022,Potato,Karimnagar,Telangana,1976.08,154
29-04-2022,Potato,Warangal,Telangana,2192.13,128
29-04-2022,Onion,Adilabad,Telangana,1686.89,155
29-04-2022,Onion,Karimnagar,Telangana,1654.25,145
29-04-2022,Onion,Khammam,Telangana,2072.78,59
29-04-2022,Rice,Warangal,Telangana,2924.61,90
29-04-2022,Onion,Hyderabad,Telangana,1801.12,115
29-04-2022,Rice,Hyderabad,Telangana,3139.59,78
29-04-2022,Tomato,Hyderabad,Telangana,2125.54,38
29-04-2022,Potato,Hyderabad,Telangana,2215.5,104
29-04-2022,Tomato,Nizamabad,Telangana,1652.22,203
29-04-2022,Tomato,Adilabad,Telangana,1696.63,141
29-04-2022,Tomato,Warangal,Telangana,1848.09,135
29-04-2022,Rice,Adilabad,Telangana,2788.39,119
29-04-2022,Rice,Karimnagar,Telangana,2804.1,160
29-04-2022,Onion,Nizamabad,Telangana,1513.39,146
29-04-2022,Onion,Warangal,Telangana,1749.25,79
29-04-2022,Potato,Nizamabad,Telangana,2234.03,132
29-04-2022,Potato,Adilabad,Telangana,2243.67,105
29-04-2022,Rice,Nizamabad,Telangana,2890.2,134
29-04-2023,Tomato,Warangal,Telangana,1997.74,118
29-04-2023,Tomato,Adilabad,Telangana,1977.94,100
29-04-2023,Rice,Adilabad,Telangana,3019.37,88
29-04-2023,Tomato,Hyderabad,Telangana,2211.28,92
29-04-2023,Onion,Khammam,Telangana,1680.63,151
29-04-2023,Potato,Karimnagar,Telangana,2014.77,125
29-04-2023,Onion,Adilabad,Telangana,1760.73,116
29-04-2023,Potato,Adilabad,Telangana,2109.32,84
29-04-2023,Onion,Karimnagar,Telangana,1482.41,192
29-04-2023,Rice,Warangal,Telangana,2658.19,145
29-04-2023,Potato,Nizamabad,Telangana,2271.96,22
29-04-2023,Tomato,Karimnagar,Telangana,1723.67,154
29-04-2023,Potato,Hyderabad,Telangana,2606.3,51
29-04-2023,Tomato,Khammam,Telangana,1887.89,189
29-04-2023,Rice,Hyderabad,Telangana,3056.2,170
29-04-2023,Rice,Karimnagar,Telangana,2733.34,151
29-04-2023,Tomato,Nizamabad,Telangana,1682.99,110
29-04-2023,Rice,Khammam,Telangana,2463.99,231
29-04-2023,Onion,Hyderabad,Telangana,1630.52,112
29-04-2023,Onion,Nizamabad,Telangana,1681.69,78
29-04-2023,Potato,Khammam,Telangana,2153.39,173
29-04-2023,Rice,Nizamabad,Telangana,2993.12,101
29-04-2024,Potato,Karimnagar,Telangana,2165.46,144
29-04-2024,Rice,Khammam,Telangana,2830.56,133
29-04-2024,Potato,Nizamabad,Telangana,2117.45,108
29-04-2024,Tomato,Nizamabad,Telangana,1840.76,84
29-04-2024,Tomato,Karimnagar,Telangana,1917.07,147
29-04-2024,Onion,Warangal,Telangana,1893.01,187
29-04-2024,Tomato,Khammam,Telangana,2098.41,77
29-04-2024,Onion,Hyderabad,Telangana,1614.69,112
29-04-2024,Onion,Nizamabad,Telangana,1757.51,92
29-04-2024,Rice,Hyderabad,Telangana,3016.29,122
29-04-2024,Tomato,Adilabad,Telangana,1647.49,140
29-04-2024,Potato,Khammam,Telangana,2316.28,45
29-04-2024,Onion,Karimnagar,Telangana,1901.0,70
29-04-2024,Rice,Warangal,Telangana,3211.33,65
29-04-2024,Tomato,Warangal,Telangana,1910.81,112
29-04-2024,Potato,Adilabad,Telangana,1923.7,123
29-04-2024,Rice,Karimnagar,Telangana,3126.52,132
29-04-2024,Onion,Adilabad,Telangana,1533.41,158
29-04-2024,Rice,Adilabad,Telangana,2893.56,121
29-04-2024,Tomato,Hyderabad,Telangana,1919.16,140
29-04-2024,Onion,Khammam,Telangana,1751.28,106
29-04-2024,Potato,Warangal,Telangana,2140.9,85
29-04-2024,Rice,Nizamabad,Telangana,2699.77,68
29-05-2022,Onion,Adilabad,Telangana,1970.53,81
29-05-2022,Tomato,Nizamabad,Telangana,1814.5,104
29-05-2022,Potato,Karimnagar,Telangana,2099.9,124
29-05-2022,Potato,Warangal,Telangana,2291.27,69
29-05-2022,Tomato,Karimnagar,Telangana,1847.18,175
29-05-2022,Onion,Hyderabad,Telangana,1800.25,67
29-05-2022,Potato,Adilabad,Telangana,1764.79,177
29-05-2022,Rice,Hyderabad,Telangana,2907.37,160
29-05-2022,Potato,Khammam,Telangana,2125.89,86
29-05-2022,Onion,Nizamabad,Telangana,1712.38,143
29-05-2022,Rice,Karimnagar,Telangana,2954.1,61
29-05-2022,Rice,Khammam,Telangana,3051.02,90
29-05-2022,Rice,Warangal,Telangana,3000.66,75
29-05-2022,Onion,Karimnagar,Telangana,1557.16,131
29-05-2022,Tomato,Hyderabad,Telangana,1838.79,155
29-05-2022,Tomato,Adilabad,Telangana,1848.72,89
29-05-2022,Potato,Nizamabad,Telangana,1986.18,75
29-05-2022,Onion,Warangal,Telangana,1653.58,118
29-05-2022,Potato,Hyderabad,Telangana,2087.04,82
29-05-2022,Rice,Adilabad,Telangana,2719.6,190
29-05-2022,Onion,Khammam,Telangana,1768.71,109
29-05-2022,Rice,Nizamabad,Telangana,2778.59,105
29-05-2022,Tomato,Warangal,Telangana,1691.29,146
29-05-2023,Tomato,Warangal,Telangana,1766.48,169
29-05-2023,Tomato,Hyderabad,Telangana,1884.32,121
29-05-2023,Onion,Hyderabad,Telangana,1537.65,187
29-05-2023,Rice,Khammam,Telangana,2879.97,126
29-05-2023,Potato,Warangal,Telangana,2277.01,48
29-05-2023,Onion,Adilabad,Telangana,1526.3,173
29-05-2023,Potato,Adilabad,Telangana,2074.42,170
29-05-2023,Rice,Warangal,Telangana,2874.66,163
29-05-2023,Potato,Hyderabad,Telangana,1986.4,107
29-05-2023,Potato,Khammam,Telangana,2092.11,149
29-05-2023,Onion,Karimnagar,Telangana,1638.0,136
29-05-2023,Potato,Karimnagar,Telangana,2012.34,155
29-05-2023,Tomato,Karimnagar,Telangana,1837.96,93
29-05-2023,Tomato,Khammam,Telangana,2170.21,102
29-05-2023,Tomato,Adilabad,Telangana,1823.3,129
29-05-2023,Onion,Nizamabad,Telangana,1819.15,61
29-05-2023,Rice,Nizamabad,Telangana,2695.16,163
29-05-2023,Onion,Warangal,Telangana,1892.67,94
29-05-2023,Rice,Adilabad,Telangana,2788.65,85
29-05-2023,Potato,Nizamabad,Telangana,2174.69,88
29-05-2023,Onion,Khammam,Telangana,1687.54,126
29-05-2023,Rice,Karimnagar,Telangana,2813.59,127
29-05-2023,Tomato,Nizamabad,Telangana,2118.02,87
29-05-2024,Rice,Warangal,Telangana,2876.38,198
29-05-2024,Rice,Khammam,Telangana,2649.6,144
29-05-2024,Tomato,Warangal,Telangana,1723.14,115
29-05-2024,Potato,Khammam,Telangana,2263.89,147
29-05-2024,Rice,Hyderabad,Telangana,3174.47,100
29-05-2024,Onion,Warangal,Telangana,1609.31,94
29-05-2024,Potato,Hyderabad,Telangana,2032.7,67
29-05-2024,Potato,Warangal,Telangana,1830.44,133
29-05-2024,Tomato,Adilabad,Telangana,1728.65,136
29-05-2024,Rice,Karimnagar,Telangana,2854.52,54
29-05-2024,Potato,Nizamabad,Telangana,1922.86,97
29-05-2024,Tomato,Karimnagar,Telangana,1982.07,47
29-05-2024,Tomato,Hyderabad,Telangana,1898.84,184
29-05-2024,Onion,Karimnagar,Telangana,1574.72,126
29-05-2024,Potato,Adilabad,Telangana,1977.59,127
29-05-2024,Onion,Hyderabad,Telangana,1584.9,75
29-05-2024,Onion,Adilabad,Telangana,1806.01,55
29-05-2024,Rice,Nizamabad,Telangana,2688.66,118
29-05-2024,Tomato,Khammam,Telangana,1757.06,158
29-05-2024,Tomato,Nizamabad,Telangana,1890.68,85
29-05-2024,Onion,Khammam,Telangana,1399.54,171
29-05-2024,Onion,Nizamabad,Telangana,1422.36,151
29-05-2024,Rice,Adilabad,Telangana,2771.09,137
29-06-2022,Tomato,Karimnagar,Telangana,1706.41,164
29-06-2022,Onion,Nizamabad,Telangana,1372.45,154
29-06-2022,Potato,Hyderabad,Telangana,1922.14,82
29-06-2022,Rice,Adilabad,Telangana,2588.47,138
29-06-2022,Tomato,Khammam,Telangana,1816.41,85
29-06-2022,Onion,Warangal,Telangana,1337.49,161
29-06-2022,Rice,Warangal,Telangana,2778.61,73
29-06-2022,Onion,Hyderabad,Telangana,1736.72,146
29-06-2022,Rice,Hyderabad,Telangana,2648.06,179
29-06-2022,Tomato,Adilabad,Telangana,1841.13,104
29-06-2022,Tomato,Nizamabad,Telangana,1916.43,99
29-06-2022,Tomato,Warangal,Telangana,1736.97,171
29-06-2022,Potato,Karimnagar,Telangana,1950.12,113
29-06-2022,Potato,Nizamabad,Telangana,2033.83,69
29-06-2022,Rice,Khammam,Telangana,2849.49,158
29-06-2022,Rice,Nizamabad,Telangana,2857.25,101
29-06-2022,Tomato,Hyderabad,Telangana,1648.77,132
29-06-2022,Potato,Khammam,Telangana,1930.53,135
29-06-2022,Potato,Warangal,Telangana,1939.54,117
29-06-2022,Potato,Adilabad,Telangana,1936.04,183
29-06-2022,Rice,Karimnagar,Telangana,2813.72,105
29-06-2022,Onion,Karimnagar,Telangana,1660.87,89
29-06-2022,Onion,Adilabad,Telangana,1575.49,112
29-06-2022,Onion,Khammam,Telangana,1773.34,122
29-06-2023,Onion,Hyderabad,Telangana,1502.28,112
29-06-2023,Onion,Warangal,Telangana,1722.52,93
29-06-2023,Rice,Karimnagar,Telangana,2712.29,176
29-06-2023,Rice,Adilabad,Telangana,2722.5,134
29-06-2023,Tomato,Khammam,Telangana,1595.29,94
29-06-2023,Potato,Warangal,Telangana,1896.61,142
29-06-2023,Potato,Karimnagar,Telangana,1955.4,150
29-06-2023,Tomato,Karimnagar,Telangana,1830.09,62
29-06-2023,Tomato,Nizamabad,Telangana,1898.56,136
29-06-2023,Onion,Nizamabad,Telangana,1444.19,106
29-06-2023,Rice,Khammam,Telangana,2767.96,80
29-06-2023,Onion,Adilabad,Telangana,1636.37,135
29-06-2023,Tomato,Hyderabad,Telangana,1770.48,109
29-06-2023,Potato,Adilabad,Telangana,2032.99,70
29-06-2023,Onion,Khammam,Telangana,1419.13,51
29-06-2023,Tomato,Adilabad,Telangana,1892.78,150
29-06-2023,Rice,Warangal,Telangana,2669.06,90
29-06-2023,Potato,Nizamabad,Telangana,1991.84,110
29-06-2023,Potato,Khammam,Telangana,2001.21,92
29-06-2023,Rice,Hyderabad,Telangana,3074.52,115
29-06-2023,Rice,Nizamabad,Telangana,2608.78,166
29-06-2023,Tomato,Warangal,Telangana,1850.0,104
29-06-2023,Onion,Karimnagar,Telangana,1565.45,130
29-07-2022,Onion,Nizamabad,Telangana,1313.66,125
29-07-2022,Onion,Khammam,Telangana,1189.78,233
29-07-2022,Tomato,Karimnagar,Telangana,1703.33,99
29-07-2022,Onion,Hyderabad,Telangana,1375.92,145
29-07-2022,Tomato,Khammam,Telangana,1825.17,67
29-07-2022,Tomato,Warangal,Telangana,1476.25,203
29-07-2022,Onion,Karimnagar,Telangana,1492.75,129
29-07-2022,Tomato,Hyderabad,Telangana,1586.0,167
29-07-2022,Rice,Karimnagar,Telangana,2806.37,130
29-07-2022,Rice,Nizamabad,Telangana,2675.39,147
29-07-2022,Onion,Warangal,Telangana,1469.45,106
29-07-2022,Rice,Adilabad,Telangana,2539.72,139
29-07-2022,Rice,Khammam,Telangana,2747.13,119
29-07-2022,Potato,Warangal,Telangana,1822.92,113
29-07-2022,Tomato,Adilabad,Telangana,1633.91,124
29-07-2022,Potato,Nizamabad,Telangana,1881.68,103
29-07-2022,Potato,Hyderabad,Telangana,2000.26,61
29-07-2022,Potato,Adilabad,Telangana,1776.62,103
29-07-2022,Potato,Khammam,Telangana,1951.58,62
29-07-2022,Potato,Karimnagar,Telangana,1855.13,85
29-07-2022,Rice,Hyderabad,Telangana,2390.62,176
29-07-2022,Onion,Adilabad,Telangana,1619.09,117
29-07-2022,Tomato,Nizamabad,Telangana,1740.07,70
29-07-2022,Rice,Warangal,Telangana,2565.08,135
29-07-2023,Tomato,Nizamabad,Telangana,1711.71,135
29-07-2023,Tomato,Khammam,Telangana,1779.99,143
29-07-2023,Onion,Hyderabad,Telangana,1393.8,87
29-07-2023,Potato,Hyderabad,Telangana,1776.21,140
29-07-2023,Tomato,Adilabad,Telangana,1764.71,50
29-07-2023,Onion,Karimnagar,Telangana,1517.47,84
29-07-2023,Onion,Warangal,Telangana,1368.64,208
29-07-2023,Onion,Khammam,Telangana,1610.74,60
29-07-2023,Potato,Adilabad,Telangana,1833.93,172
29-07-2023,Rice,Khammam,Telangana,2594.79,104
29-07-2023,Tomato,Warangal,Telangana,1492.24,112
29-07-2023,Tomato,Karimnagar,Telangana,1753.63,85
29-07-2023,Rice,Adilabad,Telangana,2716.01,184
29-07-2023,Potato,Nizamabad,Telangana,1982.11,57
29-07-2023,Rice,Nizamabad,Telangana,2654.79,135
29-07-2023,Onion,Adilabad,Telangana,1672.47,103
29-07-2023,Tomato,Hyderabad,Telangana,1444.26,183
29-07-2023,Onion,Nizamabad,Telangana,1398.17,153
29-07-2023,Potato,Karimnagar,Telangana,1850.01,127
29-07-2023,Potato,Khammam,Telangana,1589.96,156
29-07-2023,Potato,Warangal,Telangana,1953.13,91
29-08-2022,Rice,Khammam,Telangana,2325.09,140
29-08-2022,Tomato,Karimnagar,Telangana,1459.03,145
29-08-2022,Rice,Karimnagar,Telangana,2488.85,147
29-08-2022,Potato,Karimnagar,Telangana,1700.78,142
29-08-2022,Rice,Adilabad,Telangana,2381.18,169
29-08-2022,Tomato,Nizamabad,Telangana,1953.91,23
29-08-2022,Onion,Nizamabad,Telangana,1341.15,135
29-08-2022,Potato,Warangal,Telangana,2088.07,87
29-08-2022,Tomato,Warangal,Telangana,1651.51,50
29-08-2022,Onion,Karimnagar,Telangana,1500.39,126
29-08-2022,Potato,Khammam,Telangana,1612.8,88
29-08-2022,Onion,Hyderabad,Telangana,1182.43,205
29-08-2022,Potato,Nizamabad,Telangana,1701.12,152
29-08-2022,Potato,Hyderabad,Telangana,1887.46,110
29-08-2022,Rice,Hyderabad,Telangana,2661.26,120
29-08-2022,Tomato,Khammam,Telangana,1454.15,141
29-08-2022,Tomato,Adilabad,Telangana,1494.59,143
29-08-2022,Onion,Adilabad,Telangana,1391.7,89
29-08-2022,Potato,Adilabad,Telangana,1951.71,117
29-08-2022,Onion,Khammam,Telangana,1587.35,131
29-08-2022,Tomato,Hyderabad,Telangana,1490.15,114
29-08-2022,Rice,Nizamabad,Telangana,2439.53,109
29-08-2023,Potato,Khammam,Telangana,1608.09,109
29-08-2023,Tomato,Warangal,Telangana,1759.91,116
29-08-2023,Rice,Nizamabad,Telangana,2779.0,105
29-08-2023,Rice,Karimnagar,Telangana,2687.22,151
29-08-2023,Rice,Warangal,Telangana,2561.92,100
29-08-2023,Onion,Adilabad,Telangana,1356.11,128
29-08-2023,Tomato,Karimnagar,Telangana,1303.13,150
29-08-2023,Rice,Adilabad,Telangana,2447.19,92
29-08-2023,Rice,Hyderabad,Telangana,2692.65,110
29-08-2023,Tomato,Khammam,Telangana,1725.58,114
29-08-2023,Tomato,Nizamabad,Telangana,1654.32,147
29-08-2023,Onion,Hyderabad,Telangana,1537.32,95
29-08-2023,Tomato,Adilabad,Telangana,1667.12,107
29-08-2023,Potato,Hyderabad,Telangana,1666.73,159
29-08-2023,Potato,Warangal,Telangana,1493.41,60
29-08-2023,Tomato,Hyderabad,Telangana,1609.67,70
29-08-2023,Potato,Adilabad,Telangana,1851.78,93
29-08-2023,Potato,Karimnagar,Telangana,2016.49,129
29-08-2023,Potato,Nizamabad,Telangana,1764.56,105
29-08-2023,Onion,Khammam,Telangana,1420.46,127
29-08-2023,Onion,Warangal,Telangana,1245.47,197
29-09-2022,Potato,Hyderabad,Telangana,2047.52,44
29-09-2022,Onion,Hyderabad,Telangana,1403.84,100
29-09-2022,Potato,Warangal,Telangana,1690.0,128
29-09-2022,Potato,Khammam,Telangana,1692.59,88
29-09-2022,Onion,Karimnagar,Telangana,1267.03,90
29-09-2022,Rice,Warangal,Telangana,2842.92,167
29-09-2022,Tomato,Karimnagar,Telangana,1567.62,135
29-09-2022,Tomato,Warangal,Telangana,1459.1,139
29-09-2022,Potato,Karimnagar,Telangana,1771.86,140
29-09-2022,Rice,Nizamabad,Telangana,2400.68,142
29-09-2022,Tomato,Adilabad,Telangana,1429.96,151
29-09-2022,Tomato,Nizamabad,Telangana,1374.89,120
29-09-2022,Rice,Hyderabad,Telangana,2437.55,142
29-09-2022,Onion,Khammam,Telangana,1230.64,96
29-09-2022,Potato,Nizamabad,Telangana,1716.08,64
29-09-2022,Rice,Khammam,Telangana,2530.01,166
29-09-2022,Rice,Adilabad,Telangana,2530.12,50
29-09-2022,Onion,Adilabad,Telangana,1313.18,157
29-09-2022,Tomato,Khammam,Telangana,1684.16,94
29-09-2022,Potato,Adilabad,Telangana,1734.93,130
29-09-2022,Onion,Warangal,Telangana,1372.03,115
29-09-2022,Onion,Nizamabad,Telangana,1413.14,121
29-09-2023,Onion,Warangal,Telangana,1219.34,178
29-09-2023,Onion,Nizamabad,Telangana,1393.19,59
29-09-2023,Rice,Hyderabad,Telangana,2323.29,72
29-09-2023,Rice,Adilabad,Telangana,2525.63,107
29-09-2023,Tomato,Karimnagar,Telangana,1688.17,70
29-09-2023,Tomato,Warangal,Telangana,1740.05,128
29-09-2023,Potato,Karimnagar,Telangana,1850.15,94
29-09-2023,Potato,Nizamabad,Telangana,1844.44,99
29-09-2023,Onion,Khammam,Telangana,1463.84,154
29-09-2023,Tomato,Khammam,Telangana,1542.88,93
29-09-2023,Potato,Hyderabad,Telangana,1733.33,139
29-09-2023,Potato,Khammam,Telangana,1735.56,135
29-09-2023,Onion,Karimnagar,Telangana,1198.42,84
29-09-2023,Rice,Khammam,Telangana,2633.76,124
29-09-2023,Rice,Nizamabad,Telangana,2530.27,146
29-09-2023,Rice,Karimnagar,Telangana,2603.99,84
29-09-2023,Tomato,Hyderabad,Telangana,1610.26,76
29-09-2023,Tomato,Nizamabad,Telangana,1547.14,134
29-09-2023,Onion,Hyderabad,Telangana,1157.85,131
29-09-2023,Potato,Adilabad,Telangana,2125.18,95
29-09-2023,Potato,Warangal,Telangana,1754.33,92
29-09-2023,Rice,Warangal,Telangana,2540.74,129
29-09-2023,Onion,Adilabad,Telangana,1274.92,174
29-10-2022,Onion,Warangal,Telangana,1444.4,95
29-10-2022,Rice,Khammam,Telangana,2803.56,85
29-10-2022,Potato,Nizamabad,Telangana,1982.99,83
29-10-2022,Potato,Karimnagar,Telangana,1785.02,151
29-10-2022,Potato,Khammam,Telangana,1581.4,103
29-10-2022,Tomato,Karimnagar,Telangana,1545.23,80
29-10-2022,Rice,Karimnagar,Telangana,2658.45,107
29-10-2022,Tomato,Warangal,Telangana,1593.01,98
29-10-2022,Onion,Khammam,Telangana,1458.06,101
29-10-2022,Rice,Adilabad,Telangana,2604.5,110
29-10-2022,Rice,Hyderabad,Telangana,2574.32,104
29-10-2022,Potato,Warangal,Telangana,1891.33,177
29-10-2022,Onion,Karimnagar,Telangana,1491.23,122
29-10-2022,Tomato,Adilabad,Telangana,1522.05,127
29-10-2022,Onion,Adilabad,Telangana,1158.78,200
29-10-2022,Rice,Warangal,Telangana,2645.28,147
29-10-2022,Tomato,Nizamabad,Telangana,1591.84,82
29-10-2022,Rice,Nizamabad,Telangana,2693.78,158
29-10-2022,Potato,Adilabad,Telangana,1566.52,125
29-10-2022,Onion,Hyderabad,Telangana,1303.97,94
29-10-2022,Potato,Hyderabad,Telangana,1758.5,139
29-10-2022,Tomato,Khammam,Telangana,1668.63,88
29-10-2022,Onion,Nizamabad,Telangana,1299.61,121
29-10-2023,Tomato,Adilabad,Telangana,1413.56,195
29-10-2023,Potato,Karimnagar,Telangana,1722.7,122
29-10-2023,Rice,Nizamabad,Telangana,2658.02,126
29-10-2023,Potato,Khammam,Telangana,1811.74,196
29-10-2023,Potato,Hyderabad,Telangana,1631.15,159
29-10-2023,Onion,Adilabad,Telangana,1396.43,142
29-10-2023,Rice,Warangal,Telangana,2402.44,219
29-10-2023,Potato,Warangal,Telangana,1884.64,82
29-10-2023,Potato,Nizamabad,Telangana,1956.23,69
29-10-2023,Onion,Nizamabad,Telangana,1533.78,106
29-10-2023,Rice,Karimnagar,Telangana,2508.89,119
29-10-2023,Rice,Khammam,Telangana,2692.52,36
29-10-2023,Onion,Khammam,Telangana,1228.91,157
29-10-2023,Rice,Adilabad,Telangana,2829.15,40
29-10-2023,Tomato,Nizamabad,Telangana,1489.94,125
29-10-2023,Potato,Adilabad,Telangana,1866.34,115
29-10-2023,Rice,Hyderabad,Telangana,2605.84,119
29-10-2023,Tomato,Warangal,Telangana,1901.0,50
29-10-2023,Onion,Karimnagar,Telangana,1335.24,145
29-10-2023,Onion,Hyderabad,Telangana,1509.89,78
29-10-2023,Tomato,Karimnagar,Telangana,1594.29,181
29-10-2023,Tomato,Khammam,Telangana,1709.59,139
29-11-2022,Onion,Nizamabad,Telangana,1573.82,95
29-11-2022,Rice,Warangal,Telangana,2469.07,163
29-11-2022,Potato,Warangal,Telangana,1736.36,139
29-11-2022,Onion,Hyderabad,Telangana,1173.46,251
29-11-2022,Potato,Hyderabad,Telangana,1922.43,77
29-11-2022,Onion,Warangal,Telangana,1495.55,166
29-11-2022,Rice,Nizamabad,Telangana,2620.02,154
29-11-2022,Onion,Adilabad,Telangana,1478.9,48
29-11-2022,Potato,Karimnagar,Telangana,1867.52,126
29-11-2022,Potato,Khammam,Telangana,1831.98,109
29-11-2022,Potato,Adilabad,Telangana,1650.56,174
29-11-2022,Tomato,Hyderabad,Telangana,1723.17,91
29-11-2022,Tomato,Warangal,Telangana,1690.87,154
29-11-2022,Rice,Hyderabad,Telangana,2611.97,88
29-11-2022,Onion,Karimnagar,Telangana,1514.46,128
29-11-2022,Tomato,Adilabad,Telangana,1853.31,96
29-11-2022,Rice,Adilabad,Telangana,2496.75,159
29-11-2022,Rice,Khammam,Telangana,2696.26,130
29-11-2022,Tomato,Khammam,Telangana,1568.29,101
29-11-2022,Tomato,Nizamabad,Telangana,1605.65,127
29-11-2022,Rice,Karimnagar,Telangana,2574.3,129
29-11-2022,Onion,Khammam,Telangana,1336.55,73
29-11-2022,Tomato,Karimnagar,Telangana,1717.63,117
29-11-2023,Tomato,Warangal,Telangana,1550.8,58
29-11-2023,Onion,Khammam,Telangana,1297.49,86
29-11-2023,Onion,Warangal,Telangana,1550.59,108
29-11-2023,Potato,Hyderabad,Telangana,1575.33,183
29-11-2023,Onion,Nizamabad,Telangana,1443.72,29
29-11-2023,Rice,Warangal,Telangana,2567.43,144
29-11-2023,Potato,Warangal,Telangana,1877.88,107
29-11-2023,Tomato,Hyderabad,Telangana,1704.56,105
29-11-2023,Onion,Karimnagar,Telangana,1452.28,107
29-11-2023,Rice,Karimnagar,Telangana,2537.63,119
29-11-2023,Tomato,Karimnagar,Telangana,1700.52,93
29-11-2023,Rice,Nizamabad,Telangana,2839.92,83
29-11-2023,Potato,Khammam,Telangana,1797.98,133
29-11-2023,Rice,Khammam,Telangana,2683.24,140
29-11-2023,Potato,Nizamabad,Telangana,1985.15,70
29-11-2023,Tomato,Nizamabad,Telangana,1838.31,111
29-11-2023,Potato,Karimnagar,Telangana,1833.84,141
29-11-2023,Potato,Adilabad,Telangana,2166.15,65
29-11-2023,Onion,Hyderabad,Telangana,1457.18,148
29-11-2023,Rice,Hyderabad,Telangana,2728.96,150
29-11-2023,Tomato,Adilabad,Telangana,1493.27,148
29-11-2023,Onion,Adilabad,Telangana,1238.66,141
29-12-2022,Rice,Khammam,Telangana,2662.95,137
29-12-2022,Potato,Khammam,Telangana,2156.58,28
29-12-2022,Onion,Adilabad,Telangana,1265.22,182
29-12-2022,Tomato,Adilabad,Telangana,1775.73,89
29-12-2022,Onion,Nizamabad,Telangana,1508.64,131
29-12-2022,Onion,Hyderabad,Telangana,1656.03,87
29-12-2022,Tomato,Karimnagar,Telangana,1936.03,89
29-12-2022,Tomato,Warangal,Telangana,1735.6,156
29-12-2022,Potato,Nizamabad,Telangana,2021.93,53
29-12-2022,Tomato,Khammam,Telangana,1847.76,107
29-12-2022,Tomato,Nizamabad,Telangana,1534.3,181
29-12-2022,Potato,Warangal,Telangana,1813.65,173
29-12-2022,Onion,Karimnagar,Telangana,1526.79,117
29-12-2022,Potato,Hyderabad,Telangana,2178.71,127
29-12-2022,Onion,Khammam,Telangana,1659.58,143
29-12-2022,Rice,Karimnagar,Telangana,2824.82,105
29-12-2022,Rice,Warangal,Telangana,2472.41,117
29-12-2022,Rice,Hyderabad,Telangana,2882.67,113
29-12-2022,Potato,Karimnagar,Telangana,1723.35,142
29-12-2022,Potato,Adilabad,Telangana,1911.55,154
29-12-2022,Onion,Warangal,Telangana,1687.39,142
29-12-2023,Potato,Khammam,Telangana,2025.63,82
29-12-2023,Potato,Hyderabad,Telangana,1983.34,97
29-12-2023,Onion,Warangal,Telangana,1670.92,116
29-12-2023,Rice,Nizamabad,Telangana,2690.71,86
29-12-2023,Tomato,Hyderabad,Telangana,1494.38,142
29-12-2023,Tomato,Adilabad,Telangana,1770.77,80
29-12-2023,Onion,Hyderabad,Telangana,1600.59,52
29-12-2023,Onion,Khammam,Telangana,1558.74,96
29-12-2023,Onion,Karimnagar,Telangana,1664.49,82
29-12-2023,Rice,Adilabad,Telangana,2645.7,165
29-12-2023,Rice,Karimnagar,Telangana,2746.74,136
29-12-2023,Potato,Karimnagar,Telangana,1799.68,87
29-12-2023,Tomato,Karimnagar,Telangana,1713.09,71
29-12-2023,Tomato,Nizamabad,Telangana,1952.9,120
29-12-2023,Potato,Adilabad,Telangana,1867.01,149
29-12-2023,Tomato,Khammam,Telangana,1546.77,151
29-12-2023,Tomato,Warangal,Telangana,1739.45,134
29-12-2023,Rice,Hyderabad,Telangana,2664.08,150
29-12-2023,Onion,Nizamabad,Telangana,1471.44,181
29-12-2023,Potato,Nizamabad,Telangana,2134.83,38
29-12-2023,Potato,Warangal,Telangana,1901.69,140
29-12-2023,Rice,Warangal,Telangana,2822.5,71
30-01-2022,Tomato,Karimnagar,Telangana,2109.25,126
30-01-2022,Onion,Adilabad,Telangana,1786.56,36
30-01-2022,Onion,Khammam,Telangana,1576.05,168
30-01-2022,Tomato,Nizamabad,Telangana,1915.33,78
30-01-2022,Rice,Karimnagar,Telangana,2779.96,131
30-01-2022,Potato,Karimnagar,Telangana,2193.78,153
30-01-2022,Potato,Adilabad,Telangana,1884.67,198
30-01-2022,Onion,Karimnagar,Telangana,1544.92,137
30-01-2022,Rice,Nizamabad,Telangana,2608.23,142
30-01-2022,Potato,Warangal,Telangana,1978.57,122
30-01-2022,Rice,Warangal,Telangana,2868.54,108
30-01-2022,Potato,Khammam,Telangana,2150.87,97
30-01-2022,Potato,Hyderabad,Telangana,2049.1,119
30-01-2022,Tomato,Hyderabad,Telangana,1946.81,133
30-01-2022,Rice,Khammam,Telangana,2918.72,162
30-01-2022,Onion,Nizamabad,Telangana,1573.3,161
30-01-2022,Rice,Hyderabad,Telangana,2918.63,97
30-01-2022,Potato,Nizamabad,Telangana,1918.02,167
30-01-2022,Tomato,Warangal,Telangana,1864.99,131
30-01-2022,Rice,Adilabad,Telangana,2923.57,157
30-01-2022,Onion,Warangal,Telangana,1693.71,138
30-01-2022,Tomato,Adilabad,Telangana,2113.95,60
30-01-2023,Tomato,Adilabad,Telangana,1909.64,57
30-01-2023,Onion,Khammam,Telangana,1449.29,170
30-01-2023,Rice,Hyderabad,Telangana,2683.3,114
30-01-2023,Tomato,Hyderabad,Telangana,1662.43,117
30-01-2023,Rice,Adilabad,Telangana,2994.21,64
30-01-2023,Rice,Khammam,Telangana,2736.06,122
30-01-2023,Tomato,Khammam,Telangana,1901.41,132
30-01-2023,Onion,Nizamabad,Telangana,1479.66,130
30-01-2023,Rice,Warangal,Telangana,2613.77,192
30-01-2023,Rice,Nizamabad,Telangana,2965.74,141
30-01-2023,Onion,Hyderabad,Telangana,1565.62,107
30-01-2023,Onion,Warangal,Telangana,1506.09,157
30-01-2023,Potato,Nizamabad,Telangana,2246.93,124
30-01-2023,Onion,Adilabad,Telangana,1617.72,169
30-01-2023,Tomato,Warangal,Telangana,1914.12,87
30-01-2023,Potato,Adilabad,Telangana,1952.55,128
30-01-2023,Tomato,Karimnagar,Telangana,1915.98,125
30-01-2023,Rice,Karimnagar,Telangana,2821.76,111
30-01-2023,Potato,Khammam,Telangana,1970.54,123
30-01-2023,Tomato,Nizamabad,Telangana,2011.18,119
30-01-2023,Potato,Warangal,Telangana,2018.6,110
30-01-2023,Onion,Karimnagar,Telangana,1635.39,130
30-01-2023,Potato,Karimnagar,Telangana,2125.39,79
30-01-2023,Potato,Hyderabad,Telangana,1930.75,147
30-01-2024,Tomato,Karimnagar,Telangana,2081.77,56
30-01-2024,Tomato,Hyderabad,Telangana,2160.24,79
30-01-2024,Tomato,Adilabad,Telangana,2235.83,57
30-01-2024,Tomato,Nizamabad,Telangana,1711.96,190
30-01-2024,Potato,Khammam,Telangana,2070.73,163
30-01-2024,Rice,Adilabad,Telangana,3068.5,119
30-01-2024,Onion,Nizamabad,Telangana,1746.2,116
30-01-2024,Onion,Karimnagar,Telangana,1625.94,96
30-01-2024,Potato,Nizamabad,Telangana,1934.31,140
30-01-2024,Rice,Nizamabad,Telangana,2653.13,172
30-01-2024,Onion,Khammam,Telangana,1758.17,72
30-01-2024,Rice,Warangal,Telangana,3182.86,71
30-01-2024,Potato,Warangal,Telangana,2112.19,101
30-01-2024,Tomato,Khammam,Telangana,1719.68,140
30-01-2024,Potato,Karimnagar,Telangana,1874.9,130
30-01-2024,Onion,Adilabad,Telangana,1612.98,115
30-01-2024,Potato,Adilabad,Telangana,2168.74,123
30-01-2024,Onion,Hyderabad,Telangana,1534.31,166
30-01-2024,Rice,Hyderabad,Telangana,2929.21,121
30-01-2024,Rice,Karimnagar,Telangana,2623.21,156
30-01-2024,Tomato,Warangal,Telangana,2046.15,164
30-03-2022,Potato,Khammam,Telangana,2306.48,93
30-03-2022,Onion,Karimnagar,Telangana,1807.74,111
30-03-2022,Onion,Warangal,Telangana,1999.94,76
30-03-2022,Onion,Adilabad,Telangana,1695.72,90
30-03-2022,Tomato,Hyderabad,Telangana,2134.11,120
30-03-2022,Onion,Khammam,Telangana,1654.42,204
30-03-2022,Rice,Khammam,Telangana,2877.56,195
30-03-2022,Potato,Nizamabad,Telangana,1988.53,150
30-03-2022,Onion,Nizamabad,Telangana,1606.07,185
30-03-2022,Potato,Hyderabad,Telangana,2195.57,72
30-03-2022,Rice,Hyderabad,Telangana,2699.99,140
30-03-2022,Rice,Adilabad,Telangana,3088.4,144
30-03-2022,Tomato,Adilabad,Telangana,1795.67,170
30-03-2022,Potato,Warangal,Telangana,2163.67,101
30-03-2022,Tomato,Nizamabad,Telangana,2036.89,93
30-03-2022,Potato,Adilabad,Telangana,1777.87,169
30-03-2022,Tomato,Khammam,Telangana,1996.78,138
30-03-2022,Tomato,Karimnagar,Telangana,1960.27,46
30-03-2022,Onion,Hyderabad,Telangana,1629.11,150
30-03-2022,Rice,Warangal,Telangana,2805.18,152
30-03-2023,Tomato,Adilabad,Telangana,2188.4,145
30-03-2023,Potato,Hyderabad,Telangana,2150.85,107
30-03-2023,Rice,Hyderabad,Telangana,3268.66,121
30-03-2023,Onion,Nizamabad,Telangana,1759.36,106
30-03-2023,Tomato,Khammam,Telangana,2061.94,118
30-03-2023,Potato,Karimnagar,Telangana,2364.97,82
30-03-2023,Rice,Warangal,Telangana,3058.98,69
30-03-2023,Rice,Nizamabad,Telangana,2732.68,171
30-03-2023,Rice,Khammam,Telangana,3271.19,47
30-03-2023,Tomato,Nizamabad,Telangana,2128.52,87
30-03-2023,Onion,Adilabad,Telangana,1683.66,134
30-03-2023,Tomato,Karimnagar,Telangana,1937.56,147
30-03-2023,Onion,Hyderabad,Telangana,1896.37,89
30-03-2023,Potato,Nizamabad,Telangana,2154.35,71
30-03-2023,Onion,Warangal,Telangana,1670.43,155
30-03-2023,Potato,Warangal,Telangana,1992.6,183
30-03-2023,Tomato,Hyderabad,Telangana,2159.24,65
30-03-2023,Potato,Adilabad,Telangana,2156.08,169
30-03-2023,Onion,Karimnagar,Telangana,1851.06,122
30-03-2023,Potato,Khammam,Telangana,1990.36,152
30-03-2023,Rice,Karimnagar,Telangana,2745.75,207
30-03-2023,Onion,Khammam,Telangana,1682.84,63
30-03-2023,Rice,Adilabad,Telangana,3159.46,122
30-03-2024,Potato,Karimnagar,Telangana,2110.6,145
30-03-2024,Potato,Khammam,Telangana,2042.23,224
30-03-2024,Onion,Khammam,Telangana,1709.35,121
30-03-2024,Potato,Adilabad,Telangana,2022.43,163
30-03-2024,Onion,Hyderabad,Telangana,1822.61,129
30-03-2024,Onion,Nizamabad,Telangana,1680.33,149
30-03-2024,Potato,Warangal,Telangana,2023.0,155
30-03-2024,Rice,Adilabad,Telangana,2708.2,161
30-03-2024,Onion,Adilabad,Telangana,1550.31,191
30-03-2024,Tomato,Warangal,Telangana,2098.98,68
30-03-2024,Tomato,Hyderabad,Telangana,1667.75,202
30-03-2024,Tomato,Karimnagar,Telangana,2046.39,127
30-03-2024,Tomato,Nizamabad,Telangana,2049.94,28
30-03-2024,Onion,Karimnagar,Telangana,1806.54,91
30-03-2024,Potato,Nizamabad,Telangana,2284.91,95
30-03-2024,Potato,Hyderabad,Telangana,2282.55,157
30-03-2024,Rice,Khammam,Telangana,2862.95,119
30-03-2024,Tomato,Khammam,Telangana,1918.9,176
30-03-2024,Rice,Warangal,Telangana,2965.59,133
30-03-2024,Rice,Karimnagar,Telangana,3027.82,127
30-04-2022,Rice,Warangal,Telangana,2962.83,112
30-04-2022,Onion,Khammam,Telangana,1722.07,105
30-04-2022,Potato,Nizamabad,Telangana,1938.26,125
30-04-2022,Rice,Karimnagar,Telangana,2943.58,137
30-04-2022,Tomato,Adilabad,Telangana,1860.09,86
30-04-2022,Onion,Hyderabad,Telangana,1636.49,126
30-04-2022,Potato,Warangal,Telangana,2021.55,104
30-04-2022,Tomato,Karimnagar,Telangana,1978.37,81
30-04-2022,Onion,Karimnagar,Telangana,1721.58,93
30-04-2022,Onion,Nizamabad,Telangana,1841.52,111
30-04-2022,Tomato,Hyderabad,Telangana,2093.9,93
30-04-2022,Potato,Hyderabad,Telangana,2214.62,147
30-04-2022,Potato,Karimnagar,Telangana,2419.16,20
30-04-2022,Onion,Adilabad,Telangana,1458.95,168
30-04-2022,Tomato,Warangal,Telangana,1729.32,118
30-04-2022,Rice,Adilabad,Telangana,2950.26,150
30-04-2022,Potato,Khammam,Telangana,2271.78,75
30-04-2022,Rice,Hyderabad,Telangana,3059.11,131
30-04-2022,Rice,Khammam,Telangana,2741.99,251
30-04-2022,Potato,Adilabad,Telangana,2380.64,98
30-04-2022,Tomato,Nizamabad,Telangana,1993.4,106
30-04-2022,Onion,Warangal,Telangana,1750.61,135
30-04-2023,Rice,Adilabad,Telangana,2795.16,134
30-04-2023,Onion,Nizamabad,Telangana,1607.93,203
30-04-2023,Onion,Hyderabad,Telangana,1607.67,120
30-04-2023,Rice,Khammam,Telangana,3190.24,72
30-04-2023,Onion,Adilabad,Telangana,1731.44,89
30-04-2023,Tomato,Hyderabad,Telangana,1769.92,118
30-04-2023,Rice,Karimnagar,Telangana,3123.51,115
30-04-2023,Tomato,Karimnagar,Telangana,1823.31,178
30-04-2023,Tomato,Nizamabad,Telangana,1952.39,87
30-04-2023,Potato,Karimnagar,Telangana,2019.9,126
30-04-2023,Rice,Hyderabad,Telangana,3085.03,70
30-04-2023,Tomato,Khammam,Telangana,1985.98,89
30-04-2023,Rice,Nizamabad,Telangana,2894.43,107
30-04-2023,Rice,Warangal,Telangana,2948.36,101
30-04-2023,Tomato,Warangal,Telangana,1956.04,99
30-04-2023,Tomato,Adilabad,Telangana,1846.2,122
30-04-2023,Onion,Warangal,Telangana,1537.16,95
30-04-2023,Potato,Adilabad,Telangana,2306.12,103
30-04-2023,Onion,Khammam,Telangana,1713.57,84
30-04-2023,Potato,Nizamabad,Telangana,2078.92,148
30-04-2023,Potato,Khammam,Telangana,1916.04,222
30-04-2023,Potato,Warangal,Telangana,2278.58,53
30-04-2023,Onion,Karimnagar,Telangana,1611.71,110
30-04-2024,Rice,Khammam,Telangana,2906.11,139
30-04-2024,Tomato,Nizamabad,Telangana,1938.71,111
30-04-2024,Tomato,Hyderabad,Telangana,1966.7,134
30-04-2024,Potato,Khammam,Telangana,2324.7,107
30-04-2024,Potato,Hyderabad,Telangana,1891.39,160
30-04-2024,Tomato,Karimnagar,Telangana,1916.48,111
30-04-2024,Potato,Nizamabad,Telangana,2349.83,81
30-04-2024,Onion,Nizamabad,Telangana,1738.88,95
30-04-2024,Onion,Hyderabad,Telangana,1573.85,140
30-04-2024,Potato,Karimnagar,Telangana,1996.58,146
30-04-2024,Onion,Adilabad,Telangana,1782.27,161
30-04-2024,Potato,Adilabad,Telangana,2136.26,131
30-04-2024,Onion,Khammam,Telangana,1843.97,121
30-04-2024,Tomato,Adilabad,Telangana,2055.54,97
30-04-2024,Rice,Adilabad,Telangana,2956.51,150
30-04-2024,Rice,Nizamabad,Telangana,2702.83,138
30-04-2024,Potato,Warangal,Telangana,2083.28,131
30-04-2024,Tomato,Khammam,Telangana,1971.7,115
30-04-2024,Rice,Hyderabad,Telangana,3077.53,123
30-04-2024,Rice,Warangal,Telangana,2828.79,207
30-04-2024,Onion,Warangal,Telangana,1635.19,125
30-05-2022,Potato,Karimnagar,Telangana,2051.56,128
30-05-2022,Rice,Warangal,Telangana,2658.16,166
30-05-2022,Onion,Karimnagar,Telangana,1409.6,163
30-05-2022,Onion,Khammam,Telangana,1787.33,115
30-05-2022,Potato,Hyderabad,Telangana,1926.14,182
30-05-2022,Rice,Karimnagar,Telangana,2917.9,132
30-05-2022,Tomato,Karimnagar,Telangana,1880.6,137
30-05-2022,Rice,Khammam,Telangana,3065.12,42
30-05-2022,Tomato,Hyderabad,Telangana,1880.6,152
30-05-2022,Potato,Adilabad,Telangana,1855.77,174
30-05-2022,Tomato,Adilabad,Telangana,1731.48,125
30-05-2022,Potato,Warangal,Telangana,2149.26,116
30-05-2022,Potato,Nizamabad,Telangana,2070.11,143
30-05-2022,Onion,Warangal,Telangana,1863.31,70
30-05-2022,Rice,Nizamabad,Telangana,2823.0,102
30-05-2022,Rice,Hyderabad,Telangana,2709.15,140
30-05-2022,Tomato,Warangal,Telangana,2093.19,57
30-05-2022,Rice,Adilabad,Telangana,2838.78,120
30-05-2022,Tomato,Khammam,Telangana,2047.49,20
30-05-2022,Potato,Khammam,Telangana,2105.86,87
30-05-2022,Onion,Nizamabad,Telangana,1750.06,141
30-05-2022,Onion,Adilabad,Telangana,1894.2,50
30-05-2022,Onion,Hyderabad,Telangana,1601.21,142
30-05-2023,Potato,Adilabad,Telangana,2205.67,139
30-05-2023,Tomato,Warangal,Telangana,1749.07,158
30-05-2023,Tomato,Khammam,Telangana,1977.26,110
30-05-2023,Rice,Adilabad,Telangana,2854.53,141
30-05-2023,Rice,Warangal,Telangana,2974.85,142
30-05-2023,Potato,Nizamabad,Telangana,2022.28,102
30-05-2023,Rice,Khammam,Telangana,2999.04,75
30-05-2023,Potato,Karimnagar,Telangana,1958.31,123
30-05-2023,Rice,Karimnagar,Telangana,2662.56,104
30-05-2023,Onion,Khammam,Telangana,1704.4,123
30-05-2023,Tomato,Hyderabad,Telangana,1698.31,144
30-05-2023,Potato,Khammam,Telangana,1991.54,129
30-05-2023,Onion,Warangal,Telangana,1420.36,137
30-05-2023,Tomato,Adilabad,Telangana,1997.07,51
30-05-2023,Potato,Warangal,Telangana,2215.4,36
30-05-2023,Onion,Karimnagar,Telangana,1825.67,113
30-05-2023,Onion,Adilabad,Telangana,1640.69,82
30-05-2023,Tomato,Karimnagar,Telangana,1834.09,163
30-05-2023,Tomato,Nizamabad,Telangana,1705.06,174
30-05-2023,Onion,Nizamabad,Telangana,1816.61,113
30-05-2023,Rice,Hyderabad,Telangana,2942.45,108
30-05-2023,Onion,Hyderabad,Telangana,1749.81,87
30-05-2024,Potato,Adilabad,Telangana,2120.3,99
30-05-2024,Rice,Khammam,Telangana,3046.93,129
30-05-2024,Tomato,Adilabad,Telangana,1844.16,157
30-05-2024,Rice,Nizamabad,Telangana,2835.49,132
30-05-2024,Onion,Adilabad,Telangana,1770.9,158
30-05-2024,Potato,Warangal,Telangana,1985.42,20
30-05-2024,Potato,Hyderabad,Telangana,1834.38,134
30-05-2024,Onion,Nizamabad,Telangana,1491.7,169
30-05-2024,Onion,Hyderabad,Telangana,1646.18,116
30-05-2024,Tomato,Khammam,Telangana,1813.4,138
30-05-2024,Tomato,Nizamabad,Telangana,1839.27,130
30-05-2024,Potato,Karimnagar,Telangana,2095.45,48
30-05-2024,Tomato,Warangal,Telangana,1757.33,129
30-05-2024,Tomato,Karimnagar,Telangana,1883.84,118
30-05-2024,Rice,Hyderabad,Telangana,2770.0,104
30-05-2024,Potato,Nizamabad,Telangana,2028.23,63
30-05-2024,Tomato,Hyderabad,Telangana,1825.2,185
30-05-2024,Rice,Warangal,Telangana,2864.38,149
30-05-2024,Onion,Khammam,Telangana,1684.42,160
30-05-2024,Rice,Karimnagar,Telangana,2994.42,95
30-05-2024,Onion,Warangal,Telangana,1654.25,139
30-05-2024,Potato,Khammam,Telangana,1911.08,126
30-05-2024,Onion,Karimnagar,Telangana,1687.68,105
30-06-2022,Potato,Nizamabad,Telangana,1961.57,120
30-06-2022,Tomato,Adilabad,Telangana,1826.26,176
30-06-2022,Tomato,Nizamabad,Telangana,1828.6,121
30-06-2022,Rice,Warangal,Telangana,2717.77,105
30-06-2022,Potato,Hyderabad,Telangana,1942.31,112
30-06-2022,Potato,Khammam,Telangana,1946.28,116
30-06-2022,Onion,Warangal,Telangana,1608.0,163
30-06-2022,Onion,Adilabad,Telangana,1449.42,133
30-06-2022,Onion,Nizamabad,Telangana,1443.61,154
30-06-2022,Potato,Karimnagar,Telangana,1937.88,89
30-06-2022,Tomato,Khammam,Telangana,1757.17,58
30-06-2022,Onion,Hyderabad,Telangana,1345.92,173
30-06-2022,Potato,Warangal,Telangana,2064.52,68
30-06-2022,Rice,Nizamabad,Telangana,2806.92,143
30-06-2022,Tomato,Hyderabad,Telangana,1912.53,140
30-06-2022,Onion,Karimnagar,Telangana,1676.79,92
30-06-2022,Potato,Adilabad,Telangana,2008.76,63
30-06-2022,Rice,Khammam,Telangana,2850.31,128
30-06-2022,Tomato,Warangal,Telangana,1888.19,75
30-06-2022,Onion,Khammam,Telangana,1430.2,169
30-06-2023,Rice,Khammam,Telangana,2894.16,64
30-06-2023,Potato,Warangal,Telangana,1684.43,188
30-06-2023,Tomato,Adilabad,Telangana,1667.92,102
30-06-2023,Potato,Nizamabad,Telangana,1912.94,172
30-06-2023,Onion,Khammam,Telangana,1626.94,62
30-06-2023,Tomato,Khammam,Telangana,2041.89,116
30-06-2023,Rice,Hyderabad,Telangana,2793.19,169
30-06-2023,Tomato,Nizamabad,Telangana,1651.81,124
30-06-2023,Potato,Adilabad,Telangana,1999.59,151
30-06-2023,Onion,Karimnagar,Telangana,1687.89,76
30-06-2023,Potato,Karimnagar,Telangana,2104.07,84
30-06-2023,Tomato,Karimnagar,Telangana,1805.78,116
30-06-2023,Onion,Adilabad,Telangana,1608.44,82
30-06-2023,Rice,Nizamabad,Telangana,2925.93,146
30-06-2023,Rice,Warangal,Telangana,2751.68,53
30-06-2023,Tomato,Warangal,Telangana,1502.94,125
30-06-2023,Onion,Nizamabad,Telangana,1610.94,188
30-06-2023,Onion,Hyderabad,Telangana,1842.34,105
30-06-2023,Potato,Khammam,Telangana,2154.91,150
30-06-2023,Onion,Warangal,Telangana,1329.97,198
30-06-2023,Potato,Hyderabad,Telangana,1988.04,130
30-06-2023,Rice,Adilabad,Telangana,2537.6,131
30-06-2023,Rice,Karimnagar,Telangana,2874.58,20
30-07-2022,Rice,Warangal,Telangana,2862.58,101
30-07-2022,Tomato,Nizamabad,Telangana,1699.05,121
30-07-2022,Rice,Hyderabad,Telangana,2359.88,264
30-07-2022,Onion,Khammam,Telangana,1509.68,91
30-07-2022,Onion,Karimnagar,Telangana,1727.85,60
30-07-2022,Onion,Hyderabad,Telangana,1510.48,83
30-07-2022,Potato,Warangal,Telangana,1985.21,142
30-07-2022,Onion,Adilabad,Telangana,1324.07,178
30-07-2022,Tomato,Adilabad,Telangana,1680.45,131
30-07-2022,Onion,Warangal,Telangana,1604.37,113
30-07-2022,Potato,Hyderabad,Telangana,2046.41,91
30-07-2022,Potato,Khammam,Telangana,1827.56,156
30-07-2022,Rice,Nizamabad,Telangana,2736.39,83
30-07-2022,Tomato,Warangal,Telangana,1621.11,105
30-07-2022,Potato,Karimnagar,Telangana,1714.94,164
30-07-2022,Potato,Nizamabad,Telangana,1964.11,70
30-07-2022,Tomato,Hyderabad,Telangana,1715.46,202
30-07-2022,Tomato,Karimnagar,Telangana,1325.98,206
30-07-2022,Potato,Adilabad,Telangana,1746.88,77
30-07-2022,Rice,Khammam,Telangana,2459.16,190
30-07-2022,Rice,Karimnagar,Telangana,2546.61,137
30-07-2022,Onion,Nizamabad,Telangana,1543.64,95
30-07-2022,Rice,Adilabad,Telangana,2662.09,125
30-07-2023,Rice,Hyderabad,Telangana,2630.28,181
30-07-2023,Tomato,Warangal,Telangana,1666.11,168
30-07-2023,Rice,Khammam,Telangana,2494.82,172
30-07-2023,Tomato,Nizamabad,Telangana,1809.64,119
30-07-2023,Onion,Hyderabad,Telangana,1062.51,170
30-07-2023,Tomato,Karimnagar,Telangana,1550.06,164
30-07-2023,Tomato,Hyderabad,Telangana,1490.41,80
30-07-2023,Potato,Karimnagar,Telangana,1822.03,149
30-07-2023,Rice,Adilabad,Telangana,2334.39,225
30-07-2023,Potato,Hyderabad,Telangana,2135.01,107
30-07-2023,Onion,Adilabad,Telangana,1317.94,196
30-07-2023,Tomato,Khammam,Telangana,1724.01,59
30-07-2023,Potato,Khammam,Telangana,1763.9,145
30-07-2023,Onion,Karimnagar,Telangana,1648.14,49
30-07-2023,Onion,Khammam,Telangana,1356.32,122
30-07-2023,Potato,Adilabad,Telangana,2022.55,95
30-07-2023,Rice,Karimnagar,Telangana,2807.11,117
30-07-2023,Tomato,Adilabad,Telangana,1564.26,121
30-07-2023,Onion,Warangal,Telangana,1480.25,111
30-07-2023,Rice,Nizamabad,Telangana,2432.6,95
30-07-2023,Potato,Warangal,Telangana,1712.69,164
30-07-2023,Onion,Nizamabad,Telangana,1627.2,65
30-08-2022,Potato,Hyderabad,Telangana,1703.63,156
30-08-2022,Potato,Nizamabad,Telangana,1798.72,230
30-08-2022,Tomato,Adilabad,Telangana,1737.95,63
30-08-2022,Rice,Warangal,Telangana,2592.55,70
30-08-2022,Tomato,Karimnagar,Telangana,1227.55,187
30-08-2022,Onion,Hyderabad,Telangana,1375.34,107
30-08-2022,Tomato,Khammam,Telangana,1794.02,111
30-08-2022,Rice,Adilabad,Telangana,2403.26,149
30-08-2022,Potato,Karimnagar,Telangana,2145.09,95
30-08-2022,Rice,Hyderabad,Telangana,2687.06,42
30-08-2022,Potato,Khammam,Telangana,1776.8,188
30-08-2022,Onion,Karimnagar,Telangana,1363.36,155
30-08-2022,Onion,Nizamabad,Telangana,1307.18,78
30-08-2022,Rice,Nizamabad,Telangana,2667.02,85
30-08-2022,Tomato,Hyderabad,Telangana,1745.37,55
30-08-2022,Tomato,Nizamabad,Telangana,1358.89,146
30-08-2022,Onion,Adilabad,Telangana,1331.77,130
30-08-2022,Onion,Khammam,Telangana,1560.11,116
30-08-2022,Rice,Karimnagar,Telangana,2686.8,135
30-08-2022,Rice,Khammam,Telangana,2753.06,78
30-08-2022,Potato,Warangal,Telangana,1749.96,80
30-08-2022,Onion,Warangal,Telangana,1343.22,99
30-08-2022,Tomato,Warangal,Telangana,1379.21,167
30-08-2022,Potato,Adilabad,Telangana,1593.8,150
30-08-2023,Tomato,Khammam,Telangana,1708.24,77
30-08-2023,Onion,Karimnagar,Telangana,1344.29,169
30-08-2023,Rice,Karimnagar,Telangana,2645.24,53
30-08-2023,Rice,Nizamabad,Telangana,2587.92,90
30-08-2023,Tomato,Nizamabad,Telangana,1954.55,70
30-08-2023,Onion,Hyderabad,Telangana,1544.56,94
30-08-2023,Tomato,Karimnagar,Telangana,1442.48,146
30-08-2023,Rice,Khammam,Telangana,2631.5,132
30-08-2023,Onion,Warangal,Telangana,1336.89,131
30-08-2023,Potato,Karimnagar,Telangana,1747.47,127
30-08-2023,Potato,Nizamabad,Telangana,1944.9,57
30-08-2023,Potato,Adilabad,Telangana,1809.0,119
30-08-2023,Potato,Warangal,Telangana,1840.23,150
30-08-2023,Onion,Nizamabad,Telangana,1373.84,66
30-08-2023,Potato,Hyderabad,Telangana,1580.5,90
30-08-2023,Tomato,Adilabad,Telangana,1525.5,146
30-08-2023,Tomato,Warangal,Telangana,1527.3,68
30-08-2023,Onion,Khammam,Telangana,1559.77,61
30-08-2023,Potato,Khammam,Telangana,1836.6,73
30-08-2023,Onion,Adilabad,Telangana,1527.66,82
30-08-2023,Rice,Warangal,Telangana,2518.71,93
30-08-2023,Tomato,Hyderabad,Telangana,1756.34,91
30-08-2023,Rice,Adilabad,Telangana,2880.44,74
30-08-2023,Rice,Hyderabad,Telangana,2494.09,117
30-09-2022,Onion,Adilabad,Telangana,1344.94,149
30-09-2022,Potato,Hyderabad,Telangana,1615.83,124
30-09-2022,Rice,Karimnagar,Telangana,2701.58,91
30-09-2022,Tomato,Warangal,Telangana,1865.75,33
30-09-2022,Potato,Warangal,Telangana,1382.3,210
30-09-2022,Onion,Warangal,Telangana,1459.78,96
30-09-2022,Rice,Khammam,Telangana,2733.86,71
30-09-2022,Rice,Hyderabad,Telangana,2654.1,110
30-09-2022,Potato,Adilabad,Telangana,1779.09,145
30-09-2022,Tomato,Adilabad,Telangana,1433.0,176
30-09-2022,Tomato,Khammam,Telangana,1432.9,135
30-09-2022,Tomato,Karimnagar,Telangana,1366.4,59
30-09-2022,Tomato,Nizamabad,Telangana,1622.12,139
30-09-2022,Rice,Nizamabad,Telangana,2368.95,169
30-09-2022,Onion,Karimnagar,Telangana,1569.9,118
30-09-2022,Tomato,Hyderabad,Telangana,1662.46,21
30-09-2022,Onion,Nizamabad,Telangana,1469.3,65
30-09-2022,Potato,Khammam,Telangana,1953.98,90
30-09-2022,Rice,Warangal,Telangana,2671.18,85
30-09-2022,Onion,Khammam,Telangana,1603.44,131
30-09-2022,Potato,Karimnagar,Telangana,1891.37,82
30-09-2022,Onion,Hyderabad,Telangana,1297.29,124
30-09-2023,Onion,Nizamabad,Telangana,1610.56,150
30-09-2023,Rice,Karimnagar,Telangana,2642.64,92
30-09-2023,Tomato,Warangal,Telangana,1838.26,90
30-09-2023,Tomato,Hyderabad,Telangana,1481.1,168
30-09-2023,Potato,Warangal,Telangana,2040.29,87
30-09-2023,Tomato,Nizamabad,Telangana,1579.32,157
30-09-2023,Potato,Karimnagar,Telangana,1515.93,188
30-09-2023,Potato,Hyderabad,Telangana,1826.63,161
30-09-2023,Onion,Adilabad,Telangana,1379.54,183
30-09-2023,Potato,Nizamabad,Telangana,1963.84,132
30-09-2023,Tomato,Khammam,Telangana,1452.82,139
30-09-2023,Rice,Hyderabad,Telangana,2794.46,128
30-09-2023,Tomato,Adilabad,Telangana,1690.6,89
30-09-2023,Onion,Hyderabad,Telangana,1498.68,78
30-09-2023,Potato,Adilabad,Telangana,1966.18,96
30-09-2023,Tomato,Karimnagar,Telangana,1488.35,95
30-09-2023,Onion,Karimnagar,Telangana,1355.27,90
30-09-2023,Potato,Khammam,Telangana,1801.73,147
30-09-2023,Rice,Nizamabad,Telangana,2501.92,112
30-09-2023,Rice,Khammam,Telangana,2197.31,184
30-09-2023,Rice,Adilabad,Telangana,2550.86,118
30-09-2023,Rice,Warangal,Telangana,2602.53,164
30-09-2023,Onion,Warangal,Telangana,1320.99,125
30-10-2022,Rice,Adilabad,Telangana,2484.12,116
30-10-2022,Onion,Khammam,Telangana,1501.7,47
30-10-2022,Tomato,Nizamabad,Telangana,1701.65,111
30-10-2022,Potato,Warangal,Telangana,1778.91,82
30-10-2022,Tomato,Adilabad,Telangana,1698.14,154
30-10-2022,Potato,Adilabad,Telangana,1834.54,121
30-10-2022,Rice,Nizamabad,Telangana,2555.87,164
30-10-2022,Onion,Hyderabad,Telangana,1421.72,135
30-10-2022,Potato,Nizamabad,Telangana,1561.97,159
30-10-2022,Rice,Karimnagar,Telangana,2781.35,96
30-10-2022,Onion,Warangal,Telangana,1166.64,149
30-10-2022,Tomato,Warangal,Telangana,1612.04,186
30-10-2022,Onion,Karimnagar,Telangana,1341.62,90
30-10-2022,Tomato,Karimnagar,Telangana,1500.03,124
30-10-2022,Rice,Warangal,Telangana,2357.8,133
30-10-2022,Potato,Hyderabad,Telangana,1800.31,86
30-10-2022,Rice,Hyderabad,Telangana,2535.71,94
30-10-2022,Potato,Khammam,Telangana,1742.58,94
30-10-2022,Rice,Khammam,Telangana,2683.91,120
30-10-2022,Potato,Karimnagar,Telangana,1755.17,95
30-10-2022,Onion,Adilabad,Telangana,1331.08,78
30-10-2022,Tomato,Khammam,Telangana,1530.55,113
30-10-2022,Onion,Nizamabad,Telangana,1206.23,139
30-10-2023,Rice,Nizamabad,Telangana,2506.64,117
30-10-2023,Rice,Hyderabad,Telangana,2648.24,158
30-10-2023,Tomato,Adilabad,Telangana,1559.15,128
30-10-2023,Potato,Hyderabad,Telangana,1859.77,73
30-10-2023,Tomato,Warangal,Telangana,1634.35,121
30-10-2023,Onion,Khammam,Telangana,1129.67,187
30-10-2023,Onion,Adilabad,Telangana,1392.03,119
30-10-2023,Potato,Karimnagar,Telangana,1903.9,77
30-10-2023,Potato,Khammam,Telangana,1858.72,129
30-10-2023,Rice,Khammam,Telangana,2609.78,134
30-10-2023,Onion,Warangal,Telangana,1319.36,128
30-10-2023,Onion,Hyderabad,Telangana,1467.27,104
30-10-2023,Potato,Warangal,Telangana,1796.74,151
30-10-2023,Tomato,Karimnagar,Telangana,1686.39,101
30-10-2023,Onion,Nizamabad,Telangana,1470.55,76
30-10-2023,Potato,Nizamabad,Telangana,1886.24,94
30-10-2023,Potato,Adilabad,Telangana,1596.12,92
30-10-2023,Tomato,Nizamabad,Telangana,1596.35,144
30-10-2023,Rice,Warangal,Telangana,2515.04,141
30-10-2023,Onion,Karimnagar,Telangana,1444.61,182
30-10-2023,Rice,Adilabad,Telangana,2625.27,136
30-10-2023,Rice,Karimnagar,Telangana,2410.07,156
30-10-2023,Tomato,Khammam,Telangana,1568.38,170
30-11-2022,Potato,Khammam,Telangana,2025.27,89
30-11-2022,Tomato,Nizamabad,Telangana,1854.98,86
30-11-2022,Potato,Hyderabad,Telangana,1807.92,92
30-11-2022,Rice,Karimnagar,Telangana,2752.73,75
30-11-2022,Rice,Adilabad,Telangana,2672.18,99
30-11-2022,Rice,Khammam,Telangana,2534.64,140
30-11-2022,Onion,Hyderabad,Telangana,1496.92,106
30-11-2022,Tomato,Hyderabad,Telangana,1857.8,109
30-11-2022,Rice,Nizamabad,Telangana,2554.99,139
30-11-2022,Onion,Karimnagar,Telangana,1496.29,146
30-11-2022,Tomato,Karimnagar,Telangana,1393.85,131
30-11-2022,Rice,Warangal,Telangana,2805.39,89
30-11-2022,Rice,Hyderabad,Telangana,2694.14,125
30-11-2022,Potato,Adilabad,Telangana,1633.67,162
30-11-2022,Tomato,Khammam,Telangana,1684.55,154
30-11-2022,Potato,Karimnagar,Telangana,1922.26,127
30-11-2022,Tomato,Adilabad,Telangana,1619.41,115
30-11-2022,Onion,Warangal,Telangana,1567.46,110
30-11-2022,Tomato,Warangal,Telangana,1721.87,89
30-11-2022,Potato,Nizamabad,Telangana,1663.17,75
30-11-2022,Potato,Warangal,Telangana,1460.28,186
30-11-2023,Rice,Karimnagar,Telangana,2715.44,175
30-11-2023,Rice,Khammam,Telangana,2417.38,150
30-11-2023,Potato,Khammam,Telangana,2083.47,70
30-11-2023,Tomato,Warangal,Telangana,1373.34,148
30-11-2023,Onion,Warangal,Telangana,1377.05,136
30-11-2023,Rice,Adilabad,Telangana,2594.0,124
30-11-2023,Onion,Adilabad,Telangana,1620.17,52
30-11-2023,Onion,Hyderabad,Telangana,1530.19,93
30-11-2023,Rice,Nizamabad,Telangana,2722.43,111
30-11-2023,Onion,Nizamabad,Telangana,1437.93,95
30-11-2023,Potato,Karimnagar,Telangana,1718.55,126
30-11-2023,Potato,Adilabad,Telangana,2018.12,86
30-11-2023,Tomato,Nizamabad,Telangana,1722.0,181
30-11-2023,Rice,Warangal,Telangana,2400.38,125
30-11-2023,Potato,Warangal,Telangana,1930.7,119
30-11-2023,Tomato,Adilabad,Telangana,1873.14,101
30-11-2023,Onion,Karimnagar,Telangana,1509.12,107
30-11-2023,Onion,Khammam,Telangana,1373.6,146
30-11-2023,Rice,Hyderabad,Telangana,2463.12,104
30-11-2023,Potato,Nizamabad,Telangana,1883.53,112
30-11-2023,Tomato,Karimnagar,Telangana,1972.87,148
30-11-2023,Tomato,Khammam,Telangana,1817.09,102
30-11-2023,Potato,Hyderabad,Telangana,1927.0,134
30-12-2022,Potato,Karimnagar,Telangana,2191.64,86
30-12-2022,Rice,Khammam,Telangana,2765.14,141
30-12-2022,Potato,Khammam,Telangana,1867.04,156
30-12-2022,Rice,Hyderabad,Telangana,2763.0,132
30-12-2022,Onion,Adilabad,Telangana,1574.18,213
30-12-2022,Onion,Hyderabad,Telangana,1578.39,131
30-12-2022,Potato,Hyderabad,Telangana,1733.27,144
30-12-2022,Tomato,Karimnagar,Telangana,1909.18,96
30-12-2022,Potato,Warangal,Telangana,1789.83,96
30-12-2022,Onion,Khammam,Telangana,1441.69,83
30-12-2022,Rice,Warangal,Telangana,2494.49,175
30-12-2022,Onion,Karimnagar,Telangana,1549.1,138
30-12-2022,Onion,Warangal,Telangana,1896.58,25
30-12-2022,Tomato,Hyderabad,Telangana,1794.83,120
30-12-2022,Rice,Adilabad,Telangana,2780.41,87
30-12-2022,Tomato,Nizamabad,Telangana,1840.89,166
30-12-2022,Tomato,Warangal,Telangana,1793.94,136
30-12-2022,Potato,Adilabad,Telangana,2231.39,62
30-12-2022,Onion,Nizamabad,Telangana,1568.17,89
30-12-2022,Rice,Karimnagar,Telangana,2742.54,108
30-12-2022,Tomato,Adilabad,Telangana,1588.11,120
30-12-2022,Potato,Nizamabad,Telangana,2109.31,75
30-12-2022,Tomato,Khammam,Telangana,1844.15,83
30-12-2022,Rice,Nizamabad,Telangana,2861.97,78
30-12-2023,Onion,Nizamabad,Telangana,1651.91,131
30-12-2023,Potato,Khammam,Telangana,1853.59,126
30-12-2023,Rice,Karimnagar,Telangana,2767.05,123
30-12-2023,Tomato,Karimnagar,Telangana,1699.45,148
30-12-2023,Potato,Warangal,Telangana,1930.21,140
30-12-2023,Onion,Warangal,Telangana,1346.01,180
30-12-2023,Potato,Adilabad,Telangana,1650.5,136
30-12-2023,Onion,Karimnagar,Telangana,1847.83,97
30-12-2023,Potato,Hyderabad,Telangana,1724.04,163
30-12-2023,Tomato,Nizamabad,Telangana,1705.99,126
30-12-2023,Potato,Nizamabad,Telangana,1903.59,134
30-12-2023,Onion,Khammam,Telangana,1672.6,86
30-12-2023,Rice,Adilabad,Telangana,2793.18,180
30-12-2023,Rice,Nizamabad,Telangana,2535.99,137
30-12-2023,Onion,Hyderabad,Telangana,1630.28,152
30-12-2023,Potato,Karimnagar,Telangana,1813.79,163
30-12-2023,Rice,Warangal,Telangana,2709.93,172
30-12-2023,Rice,Khammam,Telangana,2689.18,166
30-12-2023,Rice,Hyderabad,Telangana,2656.72,139
30-12-2023,Tomato,Warangal,Telangana,1739.65,84
30-12-2023,Tomato,Adilabad,Telangana,2113.0,98
30-12-2023,Onion,Adilabad,Telangana,1602.99,122
30-12-2023,Tomato,Khammam,Telangana,1980.86,105
31-01-2022,Rice,Warangal,Telangana,2774.4,74
31-01-2022,Tomato,Khammam,Telangana,1702.18,199
31-01-2022,Onion,Hyderabad,Telangana,1510.32,114
31-01-2022,Tomato,Nizamabad,Telangana,1941.91,118
31-01-2022,Rice,Hyderabad,Telangana,2935.53,108
31-01-2022,Tomato,Hyderabad,Telangana,1876.48,100
31-01-2022,Onion,Karimnagar,Telangana,1810.09,74
31-01-2022,Potato,Karimnagar,Telangana,2321.49,61
31-01-2022,Potato,Warangal,Telangana,2085.73,84
31-01-2022,Potato,Nizamabad,Telangana,2057.05,96
31-01-2022,Potato,Adilabad,Telangana,1924.49,80
31-01-2022,Tomato,Adilabad,Telangana,1873.26,115
31-01-2022,Tomato,Warangal,Telangana,1968.05,114
31-01-2022,Onion,Adilabad,Telangana,1739.89,164
31-01-2022,Onion,Khammam,Telangana,1572.76,125
31-01-2022,Rice,Nizamabad,Telangana,2761.81,99
31-01-2022,Rice,Adilabad,Telangana,2826.39,125
31-01-2022,Onion,Warangal,Telangana,1686.14,103
31-01-2022,Potato,Hyderabad,Telangana,2141.54,80
31-01-2022,Tomato,Karimnagar,Telangana,1801.39,105
31-01-2023,Onion,Adilabad,Telangana,1558.89,75
31-01-2023,Potato,Khammam,Telangana,1956.42,87
31-01-2023,Rice,Nizamabad,Telangana,2773.91,162
31-01-2023,Potato,Hyderabad,Telangana,1880.05,106
31-01-2023,Onion,Nizamabad,Telangana,1697.39,177
31-01-2023,Potato,Karimnagar,Telangana,2019.65,97
31-01-2023,Onion,Karimnagar,Telangana,1483.01,77
31-01-2023,Rice,Adilabad,Telangana,3117.16,43
31-01-2023,Tomato,Karimnagar,Telangana,1917.15,140
31-01-2023,Tomato,Warangal,Telangana,1705.88,169
31-01-2023,Rice,Khammam,Telangana,2539.62,146
31-01-2023,Tomato,Hyderabad,Telangana,1849.68,137
31-01-2023,Rice,Karimnagar,Telangana,2562.8,132
31-01-2023,Potato,Nizamabad,Telangana,1894.33,230
31-01-2023,Rice,Hyderabad,Telangana,3061.97,49
31-01-2023,Onion,Hyderabad,Telangana,1475.34,142
31-01-2023,Onion,Warangal,Telangana,1650.88,134
31-01-2023,Tomato,Nizamabad,Telangana,1643.59,163
31-01-2023,Onion,Khammam,Telangana,1763.79,159
31-01-2023,Rice,Warangal,Telangana,2955.05,40
31-01-2023,Potato,Warangal,Telangana,2171.16,160
31-01-2023,Tomato,Adilabad,Telangana,1834.99,152
31-01-2023,Potato,Adilabad,Telangana,2307.54,44
31-01-2023,Tomato,Khammam,Telangana,1759.84,168
31-01-2024,Onion,Hyderabad,Telangana,1709.56,144
31-01-2024,Potato,Hyderabad,Telangana,2086.74,63
31-01-2024,Potato,Karimnagar,Telangana,2199.43,50
31-01-2024,Rice,Hyderabad,Telangana,2848.25,109
31-01-2024,Rice,Warangal,Telangana,2808.07,128
31-01-2024,Tomato,Adilabad,Telangana,1910.23,103
31-01-2024,Rice,Adilabad,Telangana,2981.58,133
31-01-2024,Potato,Nizamabad,Telangana,1975.04,152
31-01-2024,Onion,Adilabad,Telangana,1660.97,129
31-01-2024,Onion,Karimnagar,Telangana,1582.7,125
31-01-2024,Onion,Khammam,Telangana,1637.08,122
31-01-2024,Onion,Nizamabad,Telangana,1943.64,74
31-01-2024,Onion,Warangal,Telangana,1823.53,20
31-01-2024,Potato,Adilabad,Telangana,2013.28,155
31-01-2024,Tomato,Nizamabad,Telangana,1763.05,130
31-01-2024,Potato,Warangal,Telangana,1867.53,106
31-01-2024,Tomato,Hyderabad,Telangana,1832.61,168
31-01-2024,Rice,Nizamabad,Telangana,2772.72,198
31-01-2024,Tomato,Karimnagar,Telangana,1918.42,64
31-01-2024,Rice,Khammam,Telangana,2798.77,132
31-01-2024,Rice,Karimnagar,Telangana,3088.58,92
31-01-2024,Tomato,Warangal,Telangana,1736.27,127
31-01-2024,Potato,Khammam,Telangana,2239.77,120
31-03-2022,Potato,Warangal,Telangana,2266.06,91
31-03-2022,Onion,Khammam,Telangana,1848.44,157
31-03-2022,Rice,Hyderabad,Telangana,2710.93,158
31-03-2022,Tomato,Adilabad,Telangana,1988.87,78
31-03-2022,Potato,Hyderabad,Telangana,2232.44,125
31-03-2022,Tomato,Warangal,Telangana,2070.7,89
31-03-2022,Onion,Warangal,Telangana,1949.39,20
31-03-2022,Rice,Nizamabad,Telangana,2945.91,139
31-03-2022,Rice,Karimnagar,Telangana,3025.23,117
31-03-2022,Rice,Warangal,Telangana,2981.22,129
31-03-2022,Onion,Nizamabad,Telangana,1781.53,69
31-03-2022,Onion,Adilabad,Telangana,1743.21,148
31-03-2022,Rice,Adilabad,Telangana,3044.15,127
31-03-2022,Tomato,Hyderabad,Telangana,2308.27,109
31-03-2022,Onion,Hyderabad,Telangana,1719.69,163
31-03-2022,Rice,Khammam,Telangana,2965.98,111
31-03-2022,Onion,Karimnagar,Telangana,1566.9,147
31-03-2022,Potato,Karimnagar,Telangana,1982.12,158
31-03-2022,Tomato,Karimnagar,Telangana,2117.52,36
31-03-2022,Potato,Adilabad,Telangana,2100.05,90
31-03-2022,Tomato,Nizamabad,Telangana,2069.73,66
31-03-2022,Tomato,Khammam,Telangana,1963.5,142
31-03-2022,Potato,Nizamabad,Telangana,2155.38,119
31-03-2023,Tomato,Warangal,Telangana,2177.46,105
31-03-2023,Tomato,Adilabad,Telangana,2045.53,162
31-03-2023,Tomato,Nizamabad,Telangana,1969.3,117
31-03-2023,Onion,Warangal,Telangana,2049.99,75
31-03-2023,Potato,Warangal,Telangana,2011.61,115
31-03-2023,Potato,Hyderabad,Telangana,2440.59,43
31-03-2023,Onion,Khammam,Telangana,1850.48,131
31-03-2023,Rice,Hyderabad,Telangana,2976.39,86
31-03-2023,Onion,Nizamabad,Telangana,1414.74,163
31-03-2023,Rice,Khammam,Telangana,2920.64,114
31-03-2023,Potato,Khammam,Telangana,2221.52,109
31-03-2023,Tomato,Hyderabad,Telangana,2169.44,145
31-03-2023,Potato,Adilabad,Telangana,2078.45,92
31-03-2023,Potato,Nizamabad,Telangana,2353.21,98
31-03-2023,Rice,Nizamabad,Telangana,2878.88,89
31-03-2023,Rice,Karimnagar,Telangana,3060.42,71
31-03-2023,Tomato,Khammam,Telangana,1921.62,164
31-03-2023,Potato,Karimnagar,Telangana,2372.61,88
31-03-2023,Tomato,Karimnagar,Telangana,1899.51,146
31-03-2023,Rice,Warangal,Telangana,2989.9,55
31-03-2023,Onion,Karimnagar,Telangana,1906.18,20
31-03-2023,Rice,Adilabad,Telangana,2914.89,168
31-03-2023,Onion,Adilabad,Telangana,1785.84,87
31-03-2023,Onion,Hyderabad,Telangana,1658.02,165
31-03-2024,Rice,Warangal,Telangana,2985.44,42
31-03-2024,Rice,Karimnagar,Telangana,2792.55,155
31-03-2024,Onion,Adilabad,Telangana,1796.09,94
31-03-2024,Tomato,Khammam,Telangana,2104.31,91
31-03-2024,Rice,Khammam,Telangana,2867.78,172
31-03-2024,Onion,Hyderabad,Telangana,1660.33,131
31-03-2024,Potato,Khammam,Telangana,1964.61,69
31-03-2024,Potato,Karimnagar,Telangana,2150.5,121
31-03-2024,Tomato,Karimnagar,Telangana,1868.86,115
31-03-2024,Onion,Warangal,Telangana,1776.28,101
31-03-2024,Tomato,Warangal,Telangana,1876.26,125
31-03-2024,Potato,Adilabad,Telangana,2146.09,138
31-03-2024,Potato,Warangal,Telangana,2055.59,136
31-03-2024,Tomato,Nizamabad,Telangana,1850.29,150
31-03-2024,Rice,Adilabad,Telangana,2995.44,112
31-03-2024,Tomato,Hyderabad,Telangana,2129.42,120
31-03-2024,Onion,Khammam,Telangana,1522.52,121
31-03-2024,Onion,Karimnagar,Telangana,1869.86,127
31-03-2024,Rice,Hyderabad,Telangana,3004.48,156
31-03-2024,Potato,Nizamabad,Telangana,2012.34,143
31-03-2024,Potato,Hyderabad,Telangana,2417.72,76
31-03-2024,Rice,Nizamabad,Telangana,3133.31,158
31-05-2022,Onion,Hyderabad,Telangana,1519.19,134
31-05-2022,Onion,Adilabad,Telangana,1725.31,43
31-05-2022,Potato,Karimnagar,Telangana,2264.5,125
31-05-2022,Tomato,Adilabad,Telangana,1935.77,136
31-05-2022,Rice,Adilabad,Telangana,3019.45,172
31-05-2022,Onion,Khammam,Telangana,1530.77,135
31-05-2022,Tomato,Karimnagar,Telangana,1896.54,97
31-05-2022,Potato,Nizamabad,Telangana,2159.94,150
31-05-2022,Onion,Warangal,Telangana,1708.14,93
31-05-2022,Tomato,Hyderabad,Telangana,1866.92,86
31-05-2022,Tomato,Warangal,Telangana,1727.9,135
31-05-2022,Rice,Khammam,Telangana,2646.27,129
31-05-2022,Potato,Adilabad,Telangana,2036.72,117
31-05-2022,Rice,Nizamabad,Telangana,2624.81,187
31-05-2022,Onion,Nizamabad,Telangana,1852.09,83
31-05-2022,Rice,Karimnagar,Telangana,2625.54,135
31-05-2022,Potato,Warangal,Telangana,1835.48,192
31-05-2022,Potato,Hyderabad,Telangana,2080.94,129
31-05-2022,Rice,Warangal,Telangana,2828.21,63
31-05-2022,Tomato,Nizamabad,Telangana,1844.09,118
31-05-2022,Rice,Hyderabad,Telangana,2837.6,81
31-05-2022,Potato,Khammam,Telangana,2250.76,91
31-05-2022,Tomato,Khammam,Telangana,1742.77,189
31-05-2023,Rice,Khammam,Telangana,2602.59,193
31-05-2023,Potato,Khammam,Telangana,2149.79,75
31-05-2023,Rice,Hyderabad,Telangana,2867.85,53
31-05-2023,Onion,Khammam,Telangana,1799.5,207
31-05-2023,Tomato,Hyderabad,Telangana,1687.92,109
31-05-2023,Potato,Nizamabad,Telangana,2015.85,178
31-05-2023,Rice,Warangal,Telangana,2936.87,110
31-05-2023,Potato,Warangal,Telangana,1890.02,141
31-05-2023,Potato,Karimnagar,Telangana,2101.49,165
31-05-2023,Potato,Hyderabad,Telangana,1879.27,128
31-05-2023,Tomato,Nizamabad,Telangana,1603.97,94
31-05-2023,Tomato,Karimnagar,Telangana,1925.43,58
31-05-2023,Onion,Hyderabad,Telangana,1638.14,97
31-05-2023,Potato,Adilabad,Telangana,2090.01,67
31-05-2023,Tomato,Adilabad,Telangana,1915.62,152
31-05-2023,Onion,Adilabad,Telangana,1445.77,146
31-05-2023,Rice,Karimnagar,Telangana,2704.28,136
31-05-2023,Rice,Nizamabad,Telangana,2680.75,204
31-05-2023,Tomato,Khammam,Telangana,1644.35,120
31-05-2023,Rice,Adilabad,Telangana,2883.28,113
31-05-2023,Onion,Warangal,Telangana,1511.95,90
31-05-2023,Tomato,Warangal,Telangana,1893.21,51
31-05-2023,Onion,Nizamabad,Telangana,1742.38,161
31-05-2024,Tomato,Khammam,Telangana,1815.8,130
31-05-2024,Rice,Khammam,Telangana,3110.21,96
31-05-2024,Potato,Adilabad,Telangana,2078.23,26
31-05-2024,Potato,Hyderabad,Telangana,1759.02,144
31-05-2024,Onion,Karimnagar,Telangana,1881.09,57
31-05-2024,Potato,Warangal,Telangana,1948.0,173
31-05-2024,Tomato,Adilabad,Telangana,2081.32,107
31-05-2024,Rice,Hyderabad,Telangana,2668.93,183
31-05-2024,Rice,Nizamabad,Telangana,2945.79,126
31-05-2024,Tomato,Nizamabad,Telangana,1660.47,141
31-05-2024,Rice,Adilabad,Telangana,2972.7,90
31-05-2024,Onion,Khammam,Telangana,1585.43,182
31-05-2024,Onion,Hyderabad,Telangana,1687.2,103
31-05-2024,Rice,Karimnagar,Telangana,2785.28,144
31-05-2024,Onion,Warangal,Telangana,1554.6,88
31-05-2024,Potato,Khammam,Telangana,2088.2,122
31-05-2024,Rice,Warangal,Telangana,2499.65,169
31-05-2024,Onion,Nizamabad,Telangana,1844.64,71
31-05-2024,Onion,Adilabad,Telangana,1745.03,58
31-05-2024,Potato,Nizamabad,Telangana,2014.26,117
31-05-2024,Tomato,Warangal,Telangana,2182.56,32
31-05-2024,Tomato,Karimnagar,Telangana,1747.91,122
31-05-2024,Tomato,Hyderabad,Telangana,1664.98,123
31-07-2022,Onion,Adilabad,Telangana,1447.44,151
31-07-2022,Potato,Adilabad,Telangana,1721.52,136
31-07-2022,Tomato,Adilabad,Telangana,1657.55,131
31-07-2022,Tomato,Khammam,Telangana,1643.95,87
31-07-2022,Potato,Khammam,Telangana,2222.09,71
31-07-2022,Tomato,Karimnagar,Telangana,1909.8,45
31-07-2022,Rice,Adilabad,Telangana,2721.79,106
31-07-2022,Onion,Khammam,Telangana,1311.83,175
31-07-2022,Rice,Warangal,Telangana,2927.67,83
31-07-2022,Onion,Hyderabad,Telangana,1274.38,116
31-07-2022,Rice,Karimnagar,Telangana,2932.01,132
31-07-2022,Tomato,Warangal,Telangana,1586.02,149
31-07-2022,Rice,Khammam,Telangana,2762.3,132
31-07-2022,Onion,Karimnagar,Telangana,1457.6,153
31-07-2022,Tomato,Hyderabad,Telangana,1802.36,110
31-07-2022,Rice,Hyderabad,Telangana,2774.27,149
31-07-2022,Rice,Nizamabad,Telangana,2846.16,82
31-07-2022,Potato,Hyderabad,Telangana,2063.6,55
31-07-2022,Onion,Warangal,Telangana,1763.05,112
31-07-2022,Potato,Warangal,Telangana,1896.54,74
31-07-2022,Potato,Nizamabad,Telangana,1900.93,155
31-07-2022,Potato,Karimnagar,Telangana,1844.65,167
31-07-2023,Potato,Warangal,Telangana,1787.58,156
31-07-2023,Rice,Karimnagar,Telangana,2698.34,121
31-07-2023,Rice,Nizamabad,Telangana,2563.38,168
31-07-2023,Onion,Hyderabad,Telangana,1140.52,103
31-07-2023,Rice,Adilabad,Telangana,2670.7,88
31-07-2023,Rice,Warangal,Telangana,2748.92,100
31-07-2023,Potato,Karimnagar,Telangana,1803.85,128
31-07-2023,Onion,Adilabad,Telangana,1625.03,89
31-07-2023,Potato,Nizamabad,Telangana,1732.47,150
31-07-2023,Rice,Hyderabad,Telangana,2609.87,124
31-07-2023,Rice,Khammam,Telangana,2817.64,24
31-07-2023,Potato,Khammam,Telangana,1555.06,165
31-07-2023,Onion,Warangal,Telangana,1510.57,103
31-07-2023,Tomato,Nizamabad,Telangana,1546.07,135
31-07-2023,Tomato,Khammam,Telangana,1724.22,137
31-07-2023,Onion,Karimnagar,Telangana,1631.03,20
31-07-2023,Tomato,Adilabad,Telangana,1534.78,101
31-07-2023,Tomato,Karimnagar,Telangana,1636.94,110
31-07-2023,Tomato,Warangal,Telangana,1812.29,138
31-07-2023,Onion,Nizamabad,Telangana,1407.76,136
31-07-2023,Tomato,Hyderabad,Telangana,1559.0,94
31-07-2023,Potato,Hyderabad,Telangana,1972.33,112
31-08-2022,Tomato,Hyderabad,Telangana,1480.47,89
31-08-2022,Tomato,Adilabad,Telangana,1864.56,60
31-08-2022,Rice,Adilabad,Telangana,2662.06,83
31-08-2022,Rice,Warangal,Telangana,2634.76,139
31-08-2022,Onion,Karimnagar,Telangana,1495.74,143
31-08-2022,Onion,Khammam,Telangana,1409.39,154
31-08-2022,Tomato,Khammam,Telangana,1619.41,159
31-08-2022,Potato,Nizamabad,Telangana,1760.88,107
31-08-2022,Potato,Warangal,Telangana,1703.35,91
31-08-2022,Potato,Khammam,Telangana,1989.0,68
31-08-2022,Rice,Hyderabad,Telangana,2500.64,193
31-08-2022,Onion,Hyderabad,Telangana,1353.6,94
31-08-2022,Potato,Adilabad,Telangana,2022.35,108
31-08-2022,Potato,Karimnagar,Telangana,1773.72,118
31-08-2022,Onion,Warangal,Telangana,1350.49,114
31-08-2022,Rice,Karimnagar,Telangana,2522.82,138
31-08-2022,Potato,Hyderabad,Telangana,1549.02,107
31-08-2022,Rice,Khammam,Telangana,2611.78,126
31-08-2022,Tomato,Warangal,Telangana,1682.58,101
31-08-2022,Tomato,Nizamabad,Telangana,1909.81,60
31-08-2022,Tomato,Karimnagar,Telangana,1458.22,172
31-08-2022,Onion,Adilabad,Telangana,1196.16,212
31-08-2022,Onion,Nizamabad,Telangana,1047.56,223
31-08-2022,Rice,Nizamabad,Telangana,2774.82,106
31-08-2023,Rice,Warangal,Telangana,2530.97,130
31-08-2023,Rice,Nizamabad,Telangana,2704.81,113
31-08-2023,Rice,Karimnagar,Telangana,2576.82,161
31-08-2023,Onion,Adilabad,Telangana,1412.09,161
31-08-2023,Potato,Khammam,Telangana,2066.01,20
31-08-2023,Tomato,Khammam,Telangana,1672.55,96
31-08-2023,Onion,Warangal,Telangana,1288.11,108
31-08-2023,Onion,Karimnagar,Telangana,1528.94,89
31-08-2023,Onion,Khammam,Telangana,1299.33,141
31-08-2023,Tomato,Karimnagar,Telangana,1535.41,132
31-08-2023,Potato,Karimnagar,Telangana,1715.28,175
31-08-2023,Onion,Nizamabad,Telangana,1374.76,98
31-08-2023,Potato,Adilabad,Telangana,1817.09,126
31-08-2023,Tomato,Adilabad,Telangana,1627.33,43
31-08-2023,Potato,Hyderabad,Telangana,1751.61,82
31-08-2023,Rice,Adilabad,Telangana,2671.15,139
31-08-2023,Tomato,Hyderabad,Telangana,1762.86,108
31-08-2023,Rice,Khammam,Telangana,2664.68,133
31-08-2023,Rice,Hyderabad,Telangana,2048.61,213
31-08-2023,Potato,Warangal,Telangana,1600.84,136
31-08-2023,Tomato,Nizamabad,Telangana,1528.93,150
31-08-2023,Tomato,Warangal,Telangana,1761.74,96
31-08-2023,Potato,Nizamabad,Telangana,1744.59,116
31-08-2023,Onion,Hyderabad,Telangana,1326.58,120
31-10-2022,Tomato,Hyderabad,Telangana,1497.46,89
31-10-2022,Tomato,Warangal,Telangana,1788.39,68
31-10-2022,Potato,Adilabad,Telangana,1716.52,63
31-10-2022,Rice,Warangal,Telangana,2621.84,126
31-10-2022,Onion,Khammam,Telangana,1070.49,212
31-10-2022,Rice,Nizamabad,Telangana,2364.99,159
31-10-2022,Onion,Karimnagar,Telangana,1231.3,169
31-10-2022,Onion,Nizamabad,Telangana,1370.9,206
31-10-2022,Rice,Karimnagar,Telangana,2549.63,160
31-10-2022,Tomato,Karimnagar,Telangana,1204.27,139
31-10-2022,Onion,Warangal,Telangana,1142.25,243
31-10-2022,Potato,Khammam,Telangana,1888.76,88
31-10-2022,Onion,Hyderabad,Telangana,1629.3,89
31-10-2022,Tomato,Adilabad,Telangana,1836.93,20
31-10-2022,Onion,Adilabad,Telangana,1282.41,111
31-10-2022,Potato,Warangal,Telangana,1758.84,165
31-10-2022,Potato,Nizamabad,Telangana,2031.51,98
31-10-2022,Tomato,Nizamabad,Telangana,1420.55,107
31-10-2022,Rice,Adilabad,Telangana,2543.88,113
31-10-2022,Potato,Hyderabad,Telangana,1589.29,149
31-10-2022,Potato,Karimnagar,Telangana,1820.26,151
31-10-2022,Rice,Hyderabad,Telangana,2614.87,134
31-10-2022,Tomato,Khammam,Telangana,1757.59,137
31-10-2023,Potato,Khammam,Telangana,2020.51,90
31-10-2023,Rice,Adilabad,Telangana,2532.24,157
31-10-2023,Rice,Warangal,Telangana,2363.01,153
31-10-2023,Onion,Hyderabad,Telangana,1397.73,118
31-10-2023,Rice,Khammam,Telangana,2469.84,154
31-10-2023,Potato,Warangal,Telangana,1896.45,73
31-10-2023,Potato,Karimnagar,Telangana,1757.38,141
31-10-2023,Rice,Hyderabad,Telangana,2447.9,104
31-10-2023,Tomato,Hyderabad,Telangana,1598.53,95
31-10-2023,Onion,Karimnagar,Telangana,1388.41,137
31-10-2023,Tomato,Karimnagar,Telangana,1732.42,120
31-10-2023,Potato,Nizamabad,Telangana,1812.37,139
31-10-2023,Rice,Nizamabad,Telangana,2413.36,138
31-10-2023,Tomato,Khammam,Telangana,1738.54,145
31-10-2023,Onion,Khammam,Telangana,1607.01,66
31-10-2023,Rice,Karimnagar,Telangana,2651.52,132
31-10-2023,Onion,Nizamabad,Telangana,1438.22,153
31-10-2023,Onion,Warangal,Telangana,1374.67,78
31-10-2023,Tomato,Adilabad,Telangana,1845.65,87
31-10-2023,Potato,Adilabad,Telangana,1574.33,97
31-10-2023,Potato,Hyderabad,Telangana,1861.53,65
31-10-2023,Tomato,Warangal,Telangana,1386.28,158
31-12-2022,Rice,Warangal,Telangana,2836.62,112
31-12-2022,Tomato,Nizamabad,Telangana,1647.95,87
31-12-2022,Tomato,Khammam,Telangana,1554.4,132
31-12-2022,Rice,Khammam,Telangana,2582.22,104
31-12-2022,Rice,Karimnagar,Telangana,2776.27,134
31-12-2022,Onion,Warangal,Telangana,1604.76,122
31-12-2022,Tomato,Adilabad,Telangana,1841.08,101
31-12-2022,Rice,Adilabad,Telangana,2665.59,104
31-12-2022,Potato,Warangal,Telangana,1904.84,180
31-12-2022,Rice,Hyderabad,Telangana,2784.68,134
31-12-2022,Potato,Adilabad,Telangana,1856.07,177
31-12-2022,Onion,Adilabad,Telangana,1348.83,125
31-12-2022,Onion,Hyderabad,Telangana,1396.54,143
31-12-2022,Onion,Khammam,Telangana,1295.01,152
31-12-2022,Tomato,Hyderabad,Telangana,1707.16,98
31-12-2022,Onion,Nizamabad,Telangana,1686.36,99
31-12-2022,Potato,Nizamabad,Telangana,1967.44,159
31-12-2022,Potato,Hyderabad,Telangana,1986.26,95
31-12-2022,Potato,Khammam,Telangana,1857.03,139
31-12-2022,Tomato,Warangal,Telangana,1456.85,202
31-12-2022,Tomato,Karimnagar,Telangana,1574.34,187
31-12-2022,Rice,Nizamabad,Telangana,2921.07,109
31-12-2022,Potato,Karimnagar,Telangana,1860.73,169
31-12-2023,Tomato,Warangal,Telangana,1834.92,167
31-12-2023,Onion,Karimnagar,Telangana,1403.78,196
31-12-2023,Tomato,Karimnagar,Telangana,1717.69,114
31-12-2023,Onion,Hyderabad,Telangana,1744.12,69
31-12-2023,Potato,Warangal,Telangana,1994.88,158
31-12-2023,Rice,Hyderabad,Telangana,2978.19,41
31-12-2023,Tomato,Nizamabad,Telangana,1914.38,95
31-12-2023,Potato,Nizamabad,Telangana,2060.01,121
31-12-2023,Onion,Nizamabad,Telangana,1717.06,97
31-12-2023,Tomato,Hyderabad,Telangana,1735.34,171
31-12-2023,Tomato,Khammam,Telangana,1767.71,122
31-12-2023,Potato,Karimnagar,Telangana,1951.97,77
31-12-2023,Onion,Warangal,Telangana,1263.99,206
31-12-2023,Rice,Karimnagar,Telangana,2517.95,167
31-12-2023,Onion,Adilabad,Telangana,1457.17,109
31-12-2023,Rice,Khammam,Telangana,2683.79,120
31-12-2023,Potato,Khammam,Telangana,2159.46,30
31-12-2023,Potato,Adilabad,Telangana,1830.09,140
31-12-2023,Tomato,Adilabad,Telangana,1993.87,102
31-12-2023,Potato,Hyderabad,Telangana,1900.35,103
31-12-2023,Rice,Nizamabad,Telangana,2586.61,149
31-12-2023,Onion,Khammam,Telangana,1623.98,167
31-12-2023,Rice,Adilabad,Telangana,2728.43,112
31-12-2023,Rice,Warangal,Telangana,2992.81,70
